Date,0S1.F,19H.F,34Q0.F,3V6.F,8TC.F,9A2.F,AAYA.F,ACA.PA,AIR.PA,AMUN.PA,APC.F,BMTA.F,BRYN.DE,C6G.SG,CHQ1.MU,CMC.F,CSF.F,DAU0.F,DP4B.F,E3B.F,ENI.MI,FS5A.F,FVJ.MU,HRS.F,INN1.DE,ITB.F,LGI.DE,LIN.F,LTP.MU,MRE.F,OWQ.F,P5P.F,PGR.F,PHM7.F,PST.MI,RHM.DE,RIOA.F,RQ0.F,SFW.F,STMPA.PA,TL0.F,TSFA.F,TTE.PA,WB2.F
2025-01-02,46.68650817871094,17.720211029052734,1.2599999904632568,19.578340530395508,7.33790397644043,19.900161743164062,15.228235244750977,12.488346099853516,156.61941528320312,60.716285705566406,236.20445251464844,33.557132720947266,443.4500122070313,0.3021254539489746,208.17584228515625,229.78884887695312,135.63467407226562,192.81686401367188,556.2735595703125,2.246000051498413,12.752697944641112,18.768455505371097,10.129841804504396,198.62351989746097,14.151302337646484,29.84109878540039,2.740000009536743,401.771240234375,31.431604385375977,17.018728256225586,11.610824584960938,33.851314544677734,62.5,48.45315170288086,13.198261260986328,600.9583740234375,52.38336944580078,9.444000244140623,19.095291137695312,23.5172061920166,369.6499938964844,192.25848388671875,51.331939697265625,183.8060302734375
2025-01-03,45.768924713134766,17.97054672241211,0.9950000047683716,19.578340530395508,7.52168083190918,20.16444969177246,15.848639488220217,12.371326446533203,155.0937042236328,59.443504333496094,234.66224670410156,33.557132720947266,440.5499877929687,0.3069195449352264,211.8384552001953,229.30043029785156,135.28866577148438,192.029052734375,557.7833251953125,2.211999893188477,12.76027774810791,19.209028244018555,10.0432767868042,198.23214721679688,14.130792617797852,30.196805953979492,2.740000009536743,398.6060791015625,31.07400703430176,16.921478271484375,11.745681762695312,34.00160217285156,63.0,48.50033187866211,13.111841201782228,612.4999389648438,52.851078033447266,8.899999618530273,19.095291137695312,23.21076011657715,399.0,199.5694274902344,51.58988571166992,184.94952392578125
2025-01-06,47.75090408325195,17.618289947509766,1.159999966621399,19.47945976257324,7.394786834716797,20.2061767578125,16.068437576293945,12.507068634033203,156.13040161132812,60.2448844909668,234.562744140625,33.557132720947266,438.2000122070313,0.3050605952739715,212.72933959960935,228.9567413330078,133.45977783203125,190.4534149169922,551.744140625,2.211999893188477,12.921319961547852,18.486488342285156,9.922447204589844,198.7213592529297,14.328426361083984,30.091053009033203,2.740000009536743,392.0780334472656,31.07400703430176,17.115978240966797,11.602123260498049,33.59770965576172,63.0,48.075721740722656,13.26547622680664,603.3463134765625,52.38336944580078,9.682000160217283,19.21928977966309,25.03460693359375,394.9500122070313,208.9551239013672,52.268192291259766,185.4467010498047
2025-01-07,46.50299072265625,17.276758193969727,0.949999988079071,19.578340530395508,7.526055335998535,19.849159240722656,15.978036880493164,12.530473709106444,154.9176483154297,59.34922790527344,232.5728302001953,33.557132720947266,439.5,0.2937113344669342,212.72933959960935,231.8537139892578,136.8209686279297,192.2259979248047,527.2520141601562,2.2279999256134033,12.94215965270996,18.40718650817871,9.516676902770996,193.73129272460935,14.2743558883667,30.110280990600582,2.740000009536743,395.44097900390625,30.49054527282715,16.726980209350586,11.58037281036377,33.287750244140625,62.0,47.08967208862305,13.303885459899902,613.8929443359375,53.31878280639648,9.251999855041504,18.953584671020508,25.51898765563965,378.8999938964844,202.03933715820312,52.526145935058594,182.9608154296875
2025-01-08,46.9617805480957,17.335765838623047,0.7350000143051147,19.578340530395508,7.263518810272217,19.900161743164062,15.970948219299316,12.507068634033203,155.0937042236328,58.45356750488281,233.51805114746097,33.557132720947266,437.5,0.2936134934425354,213.02633666992188,230.8225860595703,144.68028259277344,197.93763732910156,526.5809936523438,2.186000108718872,12.951634407043455,18.239768981933594,9.514873504638672,194.7097320556641,14.192389488220217,30.196805953979492,2.740000009536743,402.7603454589844,30.88578987121582,16.921478271484375,11.349809646606444,33.56013488769531,62.0,46.91982650756836,13.404708862304688,645.5327758789062,52.38336944580078,5.973999977111816,18.91815948486328,24.416772842407227,383.4500122070313,199.5694274902344,52.69811248779297,183.60714721679688
2025-01-09,47.25540542602539,17.396562576293945,0.8650000095367432,19.578340530395508,7.34227991104126,19.955801010131836,15.99576473236084,12.577281951904297,153.13768005371094,57.510765075683594,234.1647796630859,33.46287536621094,438.5499877929687,0.2818728685379028,215.10511779785156,234.4069366455078,142.90081787109375,203.4523162841797,515.3414306640625,2.0940001010894775,13.014155387878418,18.142839431762695,9.659147262573242,199.11273193359375,14.33559513092041,30.254487991333008,2.740000009536743,406.321044921875,31.055185317993164,16.921478271484375,11.40201187133789,33.56013488769531,61.0,47.22649383544922,13.505532264709473,645.9307861328125,52.38336944580078,5.920000076293945,18.75873565673828,24.194353103637695,378.0499877929687,202.03933715820312,52.83186340332031,183.4082794189453
2025-01-10,45.768924713134766,17.164108276367188,0.6499999761581421,19.578340530395508,7.302899360656738,19.793519973754883,15.699745178222656,12.521111488342283,154.09613037109375,58.12358856201172,229.23968505859375,33.368614196777344,431.6000061035156,0.2818728685379028,218.0748291015625,230.3806915283203,142.70309448242188,200.69497680664065,491.6880798339844,2.0859999656677246,13.019840240478516,18.160463333129883,9.66816520690918,198.7213592529297,14.186737060546877,30.014144897460938,2.740000009536743,401.5733947753906,31.036359786987305,16.921478271484375,10.993088722229004,33.57892608642578,61.0,46.952850341796875,13.380703926086426,646.7267456054688,55.18962097167969,5.751999855041504,18.91815948486328,23.7692813873291,385.5499877929687,200.06341552734375,52.78409576416016,183.35855102539065
2025-01-13,46.24606704711914,17.428747177124023,0.4440000057220459,19.28169631958008,7.224138259887695,19.90479850769043,15.47285270690918,12.563239097595217,152.02273559570312,57.510765075683594,227.9462432861328,32.520259857177734,435.0499877929687,0.2957659363746643,218.3717803955078,232.63929748535156,142.70309448242188,200.69497680664065,479.10650634765625,2.059999942779541,13.141096115112305,18.29263687133789,9.713250160217283,200.58038330078125,14.661576271057127,29.427705764770508,2.740000009536743,408.1014404296875,30.8481502532959,16.726980209350586,11.13664722442627,33.588314056396484,60.5,47.12269973754883,13.299084663391112,641.5529174804688,53.786495208740234,3.878999948501587,18.77644920349121,23.15144920349121,393.75,194.8271942138672,53.424190521240234,184.99923706054688
2025-01-14,46.79662322998047,17.450206756591797,0.550000011920929,19.182817459106445,7.355406284332275,19.941890716552734,15.61465835571289,12.778554916381836,152.5508575439453,59.49064254760742,225.0608367919922,32.23747253417969,433.1499938964844,0.2971356809139251,219.85662841796875,235.68356323242188,144.3342742919922,204.8309783935547,479.4420166015625,2.003999948501587,13.019840240478516,18.645095825195312,10.046884536743164,203.8092498779297,14.721872329711914,29.591140747070312,2.740000009536743,409.6839904785156,31.036359786987305,16.82422637939453,11.175799369812012,33.13746643066406,60.5,46.94813537597656,13.43831729888916,651.7015991210938,54.72190856933594,4.552999973297119,18.865015029907227,23.24041748046875,384.0,191.2705078125,53.11847686767578,188.92694091796875
2025-01-15,48.13628387451172,17.677297592163086,0.7099999785423279,19.28169631958008,7.425415992736816,20.261816024780273,15.76532745361328,12.979828834533691,150.9860382080078,60.76342010498047,229.8366851806641,32.61451721191406,444.7000122070313,0.2871561348438263,232.7253265380859,241.4283447265625,143.09852600097656,201.4827880859375,484.6423950195313,2.114000082015991,13.24719524383545,18.47767639160156,10.259688377380373,202.92864990234375,14.921606063842772,29.17774772644043,2.740000009536743,410.6731262207031,31.525714874267575,17.115978240966797,11.489017486572266,33.362892150878906,60.5,46.71223831176758,13.635162353515623,653.0945434570312,54.25419998168945,5.708000183105469,19.148433685302734,23.78411102294922,416.4500122070313,197.1983184814453,53.433746337890625,190.2693023681641
2025-01-16,48.33815002441406,17.48060417175293,0.7149999737739563,19.67721939086914,7.416665077209473,20.122718811035156,16.020580291748047,13.045360565185549,153.74403381347656,61.376243591308594,220.43426513671875,32.520259857177734,445.7999877929687,0.2852972149848938,240.54554748535156,241.03553771972656,144.68028259277344,199.90716552734375,479.6097717285156,2.0859999656677246,13.20930290222168,18.61865997314453,10.371500015258787,203.41786193847656,15.0327787399292,29.4180908203125,2.740000009536743,414.23382568359375,31.525714874267575,17.018728256225586,11.45856475830078,33.8231315612793,61.5,46.933982849121094,13.726384162902832,682.5454711914062,54.25419998168945,5.809999942779541,19.32556915283203,23.902732849121097,401.0,208.4611358642578,54.81903076171875,193.55067443847656
2025-01-17,49.10892105102539,18.01972007751465,0.6200000047683716,19.776100158691406,7.60919189453125,20.88775062561035,16.564762115478516,13.08748722076416,157.24533081054688,61.94192123413086,222.32470703125,32.425994873046875,454.7000122070313,0.2838296294212341,246.4849090576172,244.81629943847656,146.55859375,200.69497680664065,461.3245544433594,2.1640000343322754,13.349504470825195,18.971120834350582,10.506757736206056,206.45103454589844,14.96306037902832,29.39886474609375,2.740000009536743,419.97064208984375,31.713932037353516,17.407726287841797,11.671727180480955,33.682247161865234,62.0,47.45295333862305,13.856014251708984,682.5454711914062,55.657325744628906,5.107999801635742,19.290142059326172,24.387113571166992,414.6000061035156,203.02732849121097,54.9050178527832,195.14163208007812
2025-01-20,48.41155624389648,18.073366165161133,0.6800000071525574,19.973861694335938,7.486675262451172,20.669832229614254,16.506267547607422,13.270038604736328,159.82730102539062,62.27190780639648,221.0809783935547,33.27435302734375,456.2999877929687,0.2782528400421142,244.0101776123047,249.1862640380859,148.43692016601562,201.0888671875,468.03472900390625,2.140000104904175,13.160041809082031,19.200218200683594,10.366090774536133,210.36477661132812,15.126992225646973,29.677663803100582,2.740000009536743,418.3880615234375,31.845678329467773,17.310476303100586,11.658676147460938,34.010990142822266,61.0,47.434078216552734,13.8272066116333,682.5454711914062,55.18962097167969,5.547999858856201,19.573562622070312,24.466197967529297,412.2000122070313,209.44911193847656,54.61840057373047,194.743896484375
2025-01-21,48.503318786621094,18.091245651245117,0.6399999856948853,19.973861694335938,7.534806728363037,20.86457061767578,16.45309066772461,13.26535701751709,159.70994567871094,61.611942291259766,211.9273223876953,33.18008804321289,452.9500122070313,0.2776657938957214,243.91119384765625,248.4988555908203,149.47494506835938,206.2096405029297,468.8735046386719,2.119999885559082,13.002787590026855,18.979930877685547,10.467082023620604,207.13592529296875,15.126992225646973,29.610366821289062,2.740000009536743,420.1684265136719,32.165645599365234,17.213228225708008,11.323707580566406,34.47123718261719,60.5,46.42444610595703,13.884820938110352,682.5454711914062,55.657325744628906,6.078000068664551,19.4849910736084,24.39205741882324,402.5,208.4611358642578,54.112060546875,194.99249267578125
2025-01-22,49.439247131347656,17.820344924926758,0.5799999833106995,19.973861694335938,7.600441455841064,20.75792694091797,16.50449562072754,13.167059898376465,161.50949096679688,62.083343505859375,213.8177490234375,33.18008804321289,439.4500122070313,0.2744371294975281,230.2505798339844,248.1060333251953,150.61183166503906,205.8157501220703,466.6926879882813,2.119999885559082,12.955422401428224,18.90062713623047,10.34625244140625,204.3962860107422,14.846235275268556,29.696889877319336,2.740000009536743,422.93792724609375,31.450429916381836,17.310476303100586,11.11489486694336,33.54135513305664,59.0,45.98095703125,13.817605018615724,714.185302734375,55.18962097167969,6.107999801635742,19.254716873168945,24.258607864379883,398.2999877929687,211.9190216064453,53.86366271972656,197.5280914306641
2025-01-23,50.26507186889648,17.827499389648438,0.5199999809265137,19.973861694335938,7.530430793762207,20.762563705444336,16.405231475830078,13.335569381713867,162.99607849121094,62.36618423461914,212.77305603027344,33.46287536621094,442.8999938964844,0.2801117599010467,221.93544006347656,249.6281585693359,152.9350128173828,204.634033203125,466.357177734375,2.0239999294281006,12.8777437210083,18.80370330810547,10.11902141571045,206.5488739013672,15.142067909240724,29.898780822753903,2.740000009536743,418.3880615234375,31.270606994628903,16.921478271484375,11.01483917236328,33.47560501098633,54.5,46.31121444702149,13.822406768798828,729.90576171875,54.72190856933594,5.943999767303467,18.989009857177734,24.2932071685791,393.2000122070313,212.906982421875,53.634368896484375,198.22413635253903
2025-01-24,50.44858932495117,17.894550323486328,0.5699999928474426,20.17162322998047,7.832347393035889,20.651287078857425,16.30950927734375,13.316845893859863,163.36770629882812,61.8947868347168,211.23085021972656,33.08582305908203,439.4500122070313,0.2769809365272522,221.93544006347656,247.41864013671875,150.61183166503906,205.02793884277344,468.7057495117187,1.99399995803833,12.701543807983398,18.856569290161133,10.212799072265623,202.830810546875,15.142067909240724,30.28332901000977,2.740000009536743,416.4098815917969,30.570236206054688,16.726980209350586,11.106195449829102,33.35349655151367,51.5,46.66505813598633,13.759991645812988,729.90576171875,55.657325744628906,5.869999885559082,19.042150497436523,24.016416549682617,387.3999938964844,209.94308471679688,53.34776306152344,197.82638549804688
2025-01-27,50.210018157958984,17.97054672241211,0.5149999856948853,19.973861694335938,7.714206695556641,20.679105758666992,16.318376541137695,13.37769603729248,162.194091796875,62.46046447753906,218.3945770263672,35.348106384277344,447.2000122070313,0.2818728685379028,215.00613403320312,247.958740234375,151.25440979003906,202.8614501953125,458.3049621582031,2.0339999198913574,12.70343780517578,19.64960289001465,10.10098648071289,200.09115600585935,15.061042785644531,30.456378936767575,2.740000009536743,415.0251159667969,30.816312789916992,16.629730224609375,11.245403289794922,33.09050369262695,50.0,48.292747497558594,13.904024124145508,719.5581665039062,54.72190856933594,5.197999954223633,18.72330665588379,24.105382919311523,378.4500122070313,180.20526123046875,53.2044563293457,195.3902282714844
2025-01-28,50.33848190307617,18.033130645751953,0.5350000262260437,20.567142486572266,7.696705341339111,20.526098251342773,16.648073196411133,13.48535442352295,163.13299560546875,62.64902114868164,227.8467559814453,35.630889892578125,451.5499877929687,0.277078777551651,213.9172515869141,249.57907104492188,152.19357299804688,208.17916870117188,467.0281982421875,2.00600004196167,12.724279403686523,19.350013732910156,10.144268989562988,204.1027679443359,15.066695213317873,30.658266067504883,2.740000009536743,414.8273010253906,31.422042846679688,16.43522834777832,11.11489486694336,32.88386154174805,52.0,47.86812973022461,13.88962173461914,728.5128173828125,53.31878280639648,5.464000225067139,18.882728576660156,23.324443817138672,383.2000122070313,191.4680938720703,53.26177978515625,195.09193420410156
2025-01-29,51.54969024658203,18.167238235473633,0.449999988079071,20.567142486572266,7.8017191886901855,20.77183723449707,16.78278923034668,13.546204566955566,162.95693969726562,62.55474090576172,228.8417053222656,35.725154876708984,452.5,0.2787420153617859,213.9172515869141,252.7705993652344,151.7487030029297,206.9974670410156,466.0216674804687,1.955999970436096,12.741329193115234,19.49980735778809,10.232636451721191,203.5157165527344,15.20989990234375,30.677494049072266,2.740000009536743,416.8054809570313,31.422042846679688,16.53247833251953,11.119244575500488,32.60208511352539,53.5,47.65110778808594,13.942434310913086,738.6614990234375,53.31878280639648,5.349999904632568,19.006725311279297,23.50732421875,374.5499877929687,191.6656951904297,53.309547424316406,196.28514099121097
2025-01-30,50.008148193359375,17.75418472290039,0.492000013589859,20.76490592956543,7.561061382293701,20.62346839904785,16.984865188598633,13.649182319641112,162.66355895996094,64.20464324951172,227.59800720214844,35.81941223144531,452.0,0.2777636349201202,215.10511779785156,254.09632873535156,153.23158264160156,211.72433471679688,463.8408508300781,1.8029999732971191,12.91753101348877,19.094480514526367,10.353466033935549,196.7644805908203,15.208017349243164,30.86015510559082,2.740000009536743,421.3553466796875,31.251680374145508,16.337980270385742,11.175799369812012,32.89325714111328,54.0,46.39141845703125,14.072063446044922,743.23828125,53.31878280639648,5.449999809265137,18.634740829467773,20.99644660949707,384.6000061035156,197.1983184814453,53.65348434448242,200.95860290527344
2025-01-31,50.43024063110352,18.059953689575195,0.550000011920929,21.35818862915039,7.692328453063965,21.13349151611328,17.35533332824707,13.616416931152344,163.44595336914062,64.11035919189453,226.2548065185547,36.0079345703125,452.7999877929687,0.2818728685379028,218.6687469482422,255.078369140625,155.15933227539062,214.28472900390625,476.92572021484375,1.7829999923706057,12.978157997131348,19.49980735778809,10.364286422729492,199.01486206054688,15.102497100830078,31.12934303283691,2.740000009536743,425.5095520019531,31.251680374145508,16.726980209350586,11.193199157714844,33.23139572143555,55.0,47.55674743652344,14.105670928955078,751.5960083007812,54.25419998168945,5.72599983215332,18.935869216918945,21.57473945617676,392.0499877929687,200.06341552734375,53.87321472167969,202.74842834472656
2025-02-03,48.1179313659668,18.435457229614254,0.5099999904632568,20.96266746520996,7.718582153320312,21.277223587036133,17.211753845214844,13.490035057067873,162.91783142089844,63.308982849121094,220.8820037841797,36.38498306274414,450.0,0.2739479541778564,221.1434783935547,254.24362182617188,154.17074584960938,206.80050659179688,468.5379943847656,1.7009999752044678,12.911846160888672,19.693660736083984,9.98196029663086,199.79763793945312,14.89899444580078,31.66771125793457,2.740000009536743,435.4005432128906,31.459897994995117,16.43522834777832,11.388960838317873,32.010345458984375,55.0,48.57582092285156,13.937633514404297,760.1527099609375,53.786495208740234,5.599999904632568,19.166147232055664,20.92230796813965,372.75,192.4560546875,53.47196578979492,196.8817596435547
2025-02-04,48.6501350402832,18.23429298400879,0.5400000214576721,21.55594825744629,7.687952995300293,21.328224182128903,17.380149841308594,13.625778198242188,162.37014770507812,63.308982849121094,223.02117919921875,36.479248046875,450.0499877929687,0.2748284637928009,220.9455108642578,252.9670257568359,155.50535583496094,214.28472900390625,485.4811706542969,1.6799999475479126,13.057732582092283,19.861082077026367,10.086559295654297,199.79763793945312,15.125109672546388,31.783079147338867,2.740000009536743,436.3896179199219,31.554540634155273,16.629730224609375,11.445513725280762,31.822486877441406,54.5,47.80208206176758,13.980843544006348,754.3818969726562,53.786495208740234,5.656000137329102,19.113006591796875,21.39185905456543,376.3500061035156,194.6295928955078,54.475101470947266,197.82638549804688
2025-02-05,48.06288146972656,17.939254760742188,0.4900000095367431,21.35818862915039,7.631070137023926,20.47509765625,17.422693252563477,13.738117218017578,163.2307891845703,63.49754333496094,222.3744354248047,37.13907623291016,451.8500061035156,0.281775027513504,217.8768310546875,253.8508453369141,157.1365203857422,214.4816741943359,507.624755859375,1.6660000085830688,13.019840240478516,19.535053253173828,10.387731552124023,197.6450653076172,15.03654670715332,32.13878631591797,2.740000009536743,430.8506774902344,31.38417625427246,16.43522834777832,11.40636157989502,32.639652252197266,55.0,47.76433563232422,13.918428421020508,745.0292358398438,54.72190856933594,5.947999954223633,19.254716873168945,20.95690536499023,363.0499877929687,197.5934906005859,55.4209098815918,196.83201599121097
2025-02-06,50.24671936035156,17.881141662597656,0.449999988079071,22.544754028320312,7.687952995300293,20.572463989257812,17.474096298217773,14.00024127960205,164.20880126953125,64.48748016357422,222.4739532470703,37.610389709472656,459.1499938964844,0.2826555669307709,218.8667449951172,259.1046142578125,155.20877075195312,206.80050659179688,517.6900024414062,1.7309999465942385,13.084257125854492,19.526243209838867,10.461671829223633,192.7528533935547,14.983787536621094,32.70599365234375,2.740000009536743,436.3896179199219,31.38417625427246,16.82422637939453,11.528168678283691,32.874473571777344,55.5,47.76433563232422,14.024052619934082,702.8427734375,56.59274673461914,5.760000228881836,19.573562622070312,21.347373962402344,359.70001220703125,199.075439453125,55.99413299560547,198.02525329589844
2025-02-07,50.09990692138672,18.055482864379883,0.4600000083446502,21.55594825744629,7.61356782913208,20.284997940063477,17.71339225769043,14.17343044281006,163.25035095214844,64.29891967773438,219.3895568847656,37.704647064208984,460.4500122070313,0.2910696566104889,209.63980102539065,263.42547607421875,157.6308135986328,207.3913726806641,513.9994506835938,1.7369999885559082,13.131624221801758,19.517433166503903,10.625783920288086,195.78602600097656,15.03843116760254,32.74445343017578,2.740000009536743,435.9939575195313,31.38417625427246,15.851728439331056,11.510767936706545,32.68661880493164,55.0,47.92474365234375,14.000046730041504,719.7571411132812,57.06045150756836,5.599999904632568,19.60898780822754,21.48577117919922,350.0,198.0874786376953,56.2520866394043,198.22413635253903
2025-02-10,50.118255615234375,17.702329635620117,0.4040000140666961,21.753711700439453,7.701080322265625,20.465822219848633,17.59108543395996,14.135984420776367,163.75892639160156,64.9588851928711,220.33583068847656,38.36448287963867,457.2000122070313,0.2901891469955444,209.63980102539065,258.80999755859375,157.77911376953125,210.9365234375,516.8512573242188,1.7029999494552612,13.15435791015625,20.054933547973633,10.627586364746094,196.5687713623047,15.03843116760254,33.18668746948242,2.740000009536743,441.7307434082031,31.422042846679688,15.559979438781738,11.48466682434082,33.13746643066406,55.5,48.84946060180664,14.081665992736816,719.7571411132812,55.657325744628906,5.855999946594238,19.910118103027344,21.500598907470703,341.04998779296875,198.5814666748047,56.003684997558594,199.3676300048828
2025-02-11,50.44858932495117,17.97501564025879,0.3899999856948852,21.80915069580078,7.692328453063965,20.41482162475586,17.725801467895508,14.32789707183838,163.54376220703125,65.05316162109375,223.32411193847656,38.55300521850586,454.8999938964844,0.2959616184234619,212.0209503173828,260.1357116699219,159.50914001464844,216.6481475830078,553.2539672851562,1.7059999704360962,13.321085929870604,19.84345817565918,10.461671829223633,195.00328063964844,15.132645606994627,33.21552658081055,2.740000009536743,440.148193359375,30.721664428710938,15.462729454040527,11.493367195129396,33.21261215209961,56.0,49.00986862182617,14.20649528503418,727.7168579101562,55.18962097167969,5.260000228881836,19.66213035583496,21.925668716430664,316.1499938964844,200.06341552734375,56.23297500610352,198.6715850830078
2025-02-12,49.10179901123047,17.907962799072266,0.3980000019073486,21.80915069580078,7.670451641082764,20.23399543762207,17.693897247314453,14.35598087310791,166.14527893066406,65.38314056396484,226.26258850097656,38.458740234375,451.9500122070313,0.2956680953502655,210.83038330078125,260.23394775390625,158.96542358398438,213.10299682617188,553.5894775390625,1.7359999418258667,13.286980628967283,19.58792304992676,10.497740745544434,193.48667907714844,15.24193286895752,33.33089065551758,2.740000009536743,435.4005432128906,30.70273780822754,15.851728439331056,11.37156105041504,33.25957107543945,55.0,48.462589263916016,14.18729019165039,724.333984375,55.657325744628906,5.730000019073486,19.715272903442383,22.064062118530273,324.70001220703125,195.61756896972656,56.37628173828125,181.41957092285156
2025-02-13,49.06438446044922,17.930313110351562,0.3619999885559082,22.205678939819336,7.696705341339111,20.45655059814453,17.532590866088867,14.21087646484375,166.24307250976562,65.33600616455078,229.5995178222656,34.87679672241211,456.0499877929687,0.2936134934425354,201.2065887451172,258.4172058105469,162.03004455566406,214.0877685546875,544.5307006835938,1.715000033378601,13.254772186279297,19.825834274291992,10.553646087646484,188.44772338867188,15.245701789855955,32.54256057739258,2.740000009536743,435.20269775390625,30.70273780822754,15.657230377197266,11.30630588531494,32.66783142089844,54.5,48.321048736572266,14.18729019165039,753.1879272460938,55.18962097167969,6.193999767303467,19.892406463623047,22.681894302368164,340.25,190.677734375,56.08012008666992,187.9325714111328
2025-02-14,49.88742446899414,17.798887252807617,0.328000009059906,21.80915069580078,7.714206695556641,20.49364471435547,17.66376304626465,14.304491996765137,164.815185546875,64.72318267822266,231.5917053222656,35.15958023071289,459.6000061035156,0.2957659363746643,200.0160369873047,259.5465393066406,165.4901123046875,213.89080810546875,527.5875244140625,1.39900004863739,13.298349380493164,19.78177833557129,10.541022300720217,186.88221740722656,15.451087951660156,32.244537353515625,2.740000009536743,433.2244873046875,31.10024642944336,15.657230377197266,11.354159355163574,33.0059700012207,55.0,48.066280364990234,14.115273475646973,812.8858032226562,55.657325744628906,6.099999904632568,19.64441680908203,23.062480926513672,337.8500061035156,192.65367126464844,56.2520866394043,185.1483917236328
2025-02-17,50.48600006103515,18.247705459594727,0.3499999940395355,21.80915069580078,7.806094646453857,20.507551193237305,17.84545135498047,14.35598087310791,166.75164794921875,65.28886413574219,231.64149475097656,34.78253936767578,460.1499938964844,0.3006578683853149,201.30580139160156,261.80517578125,178.73724365234375,230.23789978027344,546.208251953125,1.378999948501587,13.334346771240234,20.13423728942871,10.55184268951416,188.594482421875,15.454855918884276,32.15800857543945,2.740000009536743,435.4005432128906,31.10024642944336,15.462729454040527,11.58037281036377,32.59269332885742,54.5,48.03797149658203,14.240102767944336,926.90869140625,57.06045150756836,6.228000164031982,19.715272903442383,22.94879913330078,333.29998779296875,193.83921813964844,56.27119445800781,182.06590270996097
2025-02-18,51.06586837768555,18.247705459594727,0.3100000023841858,22.602209091186523,7.989871501922607,20.660560607910156,18.182241439819336,14.571296691894531,169.19668579101562,65.90167999267578,232.28895568847656,34.59401321411133,460.5499877929687,0.3011470437049866,202.00030517578125,262.3943786621094,183.82847595214844,229.843994140625,543.6919555664062,1.315000057220459,13.351398468017578,19.887514114379883,10.733988761901855,184.4850311279297,15.741268157958984,31.96573829650879,2.740000009536743,437.5765075683594,31.30846405029297,15.559979438781738,11.45856475830078,32.78054428100586,54.5,47.66997528076172,14.288114547729492,924.122802734375,57.06045150756836,5.73199987411499,20.37067413330078,22.85983085632324,337.29998779296875,191.6656951904297,56.45271301269531,177.88961791992188
2025-02-19,51.14068984985352,18.65450096130371,0.4679999947547912,22.007415771484375,7.893607139587402,20.62346839904785,18.168947219848633,14.50108528137207,165.20639038085938,65.10030364990234,233.98231506347656,34.59401321411133,465.0,0.2967443168163299,203.88536071777344,263.6709899902344,183.97677612304688,233.5861053466797,546.3760375976562,1.309000015258789,13.313506126403809,20.090177536010746,10.533808708190918,184.58287048339844,15.46051025390625,32.27337646484375,2.740000009536743,438.16998291015625,31.327396392822266,15.657230377197266,11.489017486572266,32.57390594482422,55.0,48.33049011230469,14.024052619934082,928.1026611328124,57.06045150756836,6.381999969482422,20.069541931152344,24.65896224975586,344.45001220703125,190.677734375,56.08967208862305,178.98341369628906
2025-02-20,49.85001373291016,18.743907928466797,0.5849999785423279,22.007415771484375,7.806094646453857,20.69765281677246,18.080318450927734,14.529170989990234,161.4508056640625,64.5817642211914,232.83680725097656,34.0284423828125,457.5,0.2955702543258667,206.9610137939453,250.2173767089844,179.82467651367188,231.41961669921875,560.8029174804688,1.25600004196167,13.315400123596191,20.336898803710938,10.03606414794922,181.4518585205078,15.500079154968262,32.4322624206543,2.740000009536743,434.213623046875,31.77478790283203,15.365480422973633,11.428112983703612,32.60208511352539,54.0,48.50033187866211,13.980843544006348,885.1201782226562,57.06045150756836,6.914000034332275,19.9455509185791,26.072566986083984,333.95001220703125,188.30661010742188,56.19476318359375,185.2975311279297
2025-02-21,49.49460983276367,18.73496437072754,0.4959999918937683,21.412620544433594,7.814846515655518,20.54464530944824,18.368362426757812,14.641510009765623,156.48248291015625,64.86460876464844,233.83290100097656,34.0284423828125,461.5499877929687,0.2911675274372101,212.81466674804688,248.5970458984375,181.15928649902344,231.02572631835935,562.3126831054688,1.22599995136261,13.226353645324709,19.81702423095703,10.25067138671875,185.41456604003903,15.603714942932127,31.396465301513672,2.740000009536743,434.213623046875,31.394025802612305,15.462729454040527,9.914225578308104,32.43301773071289,53.5,49.67037582397461,14.350528717041016,889.697021484375,57.06045150756836,6.889999866485596,19.821552276611328,26.44326400756836,322.3999938964844,185.7378845214844,55.525997161865234,181.2650146484375
2025-02-24,47.32477569580078,18.49357032775879,0.5600000023841858,21.412620544433594,7.989871501922607,20.59101104736328,18.230987548828125,14.632147789001465,160.72706604003906,64.72318267822266,235.3768615722656,34.122703552246094,474.3999938964844,0.2752198278903961,207.9531707763672,245.4055023193359,186.29995727539065,238.7068634033203,575.5653076171875,1.4490000009536743,13.29645538330078,19.91394805908203,10.110004425048828,186.29513549804688,15.552838325500488,32.35409164428711,2.740000009536743,435.0048522949219,31.3369083404541,15.365480422973633,9.70106315612793,32.3203010559082,52.5,49.68925094604492,14.38893699645996,946.6090087890624,56.59274673461914,6.199999809265137,19.7861270904541,26.126934051513672,317.3500061035156,180.7980499267578,55.46868133544922,172.35362243652344
2025-02-25,46.32403564453125,18.144887924194336,0.4939999878406524,21.412620544433594,7.871729373931885,20.716197967529297,18.21326065063477,14.72108268737793,160.4923553466797,64.9117431640625,235.1776428222656,34.40549087524414,469.7999877929687,0.2760025560855865,207.9531707763672,239.6116180419922,190.55088806152344,243.6306915283203,587.1403198242188,1.3930000066757202,13.393080711364746,19.887514114379883,9.917037010192873,188.3498687744141,15.658360481262209,32.26614761352539,2.740000009536743,439.7525634765625,31.527294158935547,15.365480422973633,9.922924995422363,32.21697998046875,53.0,50.29314804077149,14.379335403442385,948.0018920898438,54.72190856933594,5.670000076293945,19.4849910736084,25.50910186767578,286.5,177.04376220703125,54.9050178527832,172.10470581054688
2025-02-26,47.28736877441406,18.323362350463867,0.5099999904632568,21.610883712768555,7.876104354858398,20.49364471435547,18.2265567779541,14.922356605529783,163.83717346191406,65.61884307861328,228.05555725097656,35.0653190612793,472.6000061035156,0.2766874134540558,205.572021484375,242.5576629638672,191.14405822753903,243.0398406982422,583.7852783203125,1.3420000076293943,13.521915435791016,19.543867111206055,9.7828950881958,190.0621337890625,15.971149444580078,32.549530029296875,2.740000009536743,437.180908203125,31.527294158935547,15.559979438781738,10.123037338256836,32.33908462524414,54.0,49.82135391235352,14.691408157348633,965.1152954101562,54.72190856933594,5.869999885559082,19.715272903442383,24.871496200561523,277.79998779296875,183.16915893554688,55.182071685791016,173.4986572265625
2025-02-27,47.474422454833984,18.114686965942383,0.4600000083446502,21.610883712768555,7.202259540557861,20.308177947998047,18.47471809387207,14.96916389465332,161.50949096679688,64.9588851928711,227.9559631347656,34.87679672241211,483.0,0.276883065700531,206.9610137939453,247.27133178710935,194.5546875,242.448974609375,577.4105834960938,1.2400000095367432,13.332453727722168,19.04161262512207,9.769670486450195,192.7528533935547,16.10493278503418,32.92084884643555,2.740000009536743,441.13726806640625,31.527294158935547,15.754481315612791,10.044732093811035,32.348480224609375,53.0,49.73643112182617,14.777828216552734,995.959228515625,54.25419998168945,5.461999893188477,19.64441680908203,23.88790702819824,271.0,171.90634155273438,55.2393913269043,172.65231323242188
2025-02-28,47.58665466308594,18.257465362548828,0.4399999976158142,22.007415771484375,7.416665077209473,20.77183723449707,18.736173629760746,14.98788833618164,162.0571746826172,64.86460876464844,231.0936584472656,35.348106384277344,488.0499877929687,0.2760025560855865,209.14373779296875,246.9767303466797,192.9235076904297,241.85812377929688,563.6547241210938,1.1779999732971191,13.124043464660645,19.25308609008789,9.343628883361816,195.49249267578125,16.146387100219727,33.038108825683594,2.740000009536743,444.10455322265625,31.736713409423828,15.754481315612791,10.336199760437012,33.024757385253906,52.0,50.245967864990234,14.90745735168457,1001.4315185546876,53.786495208740234,5.361999988555908,19.60898780822754,23.457895278930664,280.54998779296875,171.3135528564453,55.20117950439453,172.90122985839844
2025-03-03,47.54924392700195,17.926143646240234,0.4199999868869781,22.40394592285156,6.782201290130615,20.679105758666992,18.67413330078125,15.100225448608398,170.54635620117188,65.5245590209961,225.2167053222656,35.15958023071289,487.3500061035156,0.2740457952022552,217.27931213378903,245.6510009765625,233.40631103515625,297.3988342285156,574.894287109375,2.359999895095825,13.12025547027588,19.808210372924805,9.495718955993652,194.56298828125,16.72486114501953,33.350807189941406,2.740000009536743,437.180908203125,32.26978302001953,16.046228408813477,9.914225578308104,35.01601028442383,52.5,51.16124725341797,15.094701766967772,1138.736572265625,55.18962097167969,4.619999885559082,19.821552276611328,23.4974365234375,265.0,162.2242431640625,55.573768615722656,176.33636474609375
2025-03-04,43.90167999267578,17.466686248779297,0.3919999897480011,22.800474166870117,6.755947589874268,20.029985427856445,18.315185546875,14.791295051574709,165.0303497314453,64.39320373535156,220.9335021972656,36.10219955444336,472.9500122070313,0.2721868455410003,206.0680999755859,233.9159240722656,245.17054748535156,298.38360595703125,558.7898559570312,4.420000076293945,12.565130233764648,19.314767837524418,9.205708503723145,194.318359375,16.255674362182617,33.526695251464844,2.740000009536743,430.2572021484375,32.26978302001953,15.754481315612791,9.879423141479492,34.37730026245117,51.5,50.83098602294922,14.979475021362305,1116.349853515625,55.657325744628906,5.01800012588501,19.39642333984375,21.550024032592773,255.25,168.54725646972656,54.083396911621094,170.86007690429688
2025-03-05,43.68656539916992,16.040721893310547,0.4199999868869781,21.412620544433594,6.59404993057251,19.65906143188477,17.849882125854492,15.24065113067627,168.9815216064453,66.5145034790039,217.7460174560547,34.68827438354492,458.8999938964844,0.2720890045166015,205.572021484375,229.3986663818359,250.70664978027344,293.2628173828125,558.7898559570312,8.25,12.45145320892334,18.865381240844727,8.880744934082031,186.3440704345703,16.843570709228516,32.44203567504883,2.740000009536743,428.0812072753906,32.26978302001953,15.365480422973633,9.905525207519531,33.682247161865234,51.5,49.17028045654297,14.989076614379885,1196.4444580078125,55.18962097167969,5.130000114440918,18.59931182861328,22.71155166625977,257.79998779296875,168.3496551513672,53.48151779174805,162.94435119628906
2025-03-06,42.55488967895508,16.112112045288086,0.4180000126361847,20.619558334350582,6.6115522384643555,19.339136123657227,17.702760696411133,15.52149772644043,169.25537109375,68.11726379394531,216.8993225097656,34.9710578918457,460.1000061035156,0.2685668170452118,200.71051025390625,223.21197509765625,251.99180603027344,294.0506286621094,558.7898559570312,6.25,12.519659042358398,18.415996551513672,8.852405548095703,188.3009490966797,17.665117263793945,32.09025573730469,2.740000009536743,426.894287109375,31.83190155029297,15.170981407165527,9.85332202911377,32.83689880371094,51.5,48.972129821777344,15.353960990905762,1192.962158203125,55.657325744628906,4.849999904632568,18.351322174072266,23.75939559936523,244.5500030517578,161.63150024414062,53.80633544921875,163.69110107421875
2025-03-07,42.59230422973633,15.65082550048828,0.3959999978542328,20.02476501464844,6.6115522384643555,19.315954208374023,17.385465621948242,15.516818046569824,165.83230590820312,67.3630142211914,220.1366271972656,35.0653190612793,453.1000061035156,0.2657295167446136,198.52781677246097,218.98931884765625,233.60403442382812,285.5816650390625,567.3453369140625,5.585000038146973,12.822799682617188,18.010669708251953,8.739047050476074,192.1657867431641,17.78194236755371,32.26614761352539,2.740000009536743,427.0921020507813,31.20364570617676,14.781980514526367,9.717663764953612,32.61147689819336,51.0,50.53847885131836,15.507596969604492,1109.3851318359375,55.414283752441406,4.73799991607666,18.36903381347656,23.452951431274418,241.6499938964844,157.87721252441406,54.01652526855469,162.2971649169922
2025-03-10,40.42247009277344,15.94553565979004,0.3959999978542328,20.22303009033203,6.830332279205322,19.55705451965332,17.898630142211914,15.25937271118164,159.5338897705078,66.37308502197266,208.3329162597656,35.630889892578125,459.4500122070313,0.2715998291969299,200.2144470214844,210.3475799560547,231.9234313964844,278.8852844238281,600.8961791992188,8.104999542236328,12.911846160888672,18.865381240844727,8.75227165222168,203.78236389160156,17.440885543823242,32.207515716552734,2.740000009536743,420.959716796875,31.45113945007324,14.879230499267578,10.445697784423828,32.58329772949219,52.5,51.55755233764648,15.401973724365234,1113.364990234375,55.90037536621094,4.199999809265137,18.72330665588379,23.07236671447754,203.1999969482422,155.11090087890625,53.88277053833008,162.74520874023438
2025-03-11,39.655548095703125,15.054079055786133,0.3759999871253967,19.826499938964844,6.58967399597168,18.58337783813477,17.73023223876953,15.08618450164795,159.41653442382812,65.5245590209961,201.1610412597656,35.348106384277344,451.4500122070313,0.2747306525707245,196.9403839111328,206.5668182373047,232.9120178222656,295.4292907714844,571.2036743164062,6.534999847412109,12.832271575927734,18.327880859375,8.53216552734375,193.0025634765625,17.128097534179688,31.98276710510254,2.740000009536743,412.4534606933594,31.45113945007324,15.073731422424316,9.875931739807127,32.97779083251953,51.5,50.10443115234375,15.339558601379396,1148.188720703125,55.414283752441406,4.697999954223633,18.050188064575195,22.424877166748047,211.5,156.29644775390625,53.634368896484375,161.79933166503906
2025-03-12,39.814544677734375,15.284723281860352,0.3980000019073486,19.330835342407227,6.475907802581787,18.55091857910156,17.043357849121094,15.170438766479492,160.4923553466797,65.90167999267578,198.70069885253903,35.630889892578125,455.6000061035156,0.2760025560855865,193.4182586669922,207.40151977539065,239.0412750244141,289.1268005371094,561.6416625976562,6.760000228881836,12.930792808532717,17.345401763916016,8.733378410339355,187.3419647216797,17.29579734802246,31.88504981994629,2.740000009536743,410.8708801269531,31.394025802612305,14.879230499267578,10.219600677490234,32.827510833740234,50.0,50.32145690917969,15.493193626403809,1258.6297607421875,54.92819595336914,5.368000030517578,18.01476287841797,22.464418411254883,228.8500061035156,160.64352416992188,54.10250473022461,160.20620727539062
2025-03-13,39.84259796142578,15.350621223449709,0.3799999952316284,19.330835342407227,6.445278644561768,18.34041976928711,17.357105255126953,15.123631477355955,158.6536865234375,65.28886413574219,192.72413635253903,35.630889892578125,464.25,0.2710127830505371,194.80728149414065,202.9824676513672,234.49375915527344,286.7633972167969,554.42822265625,6.21999979019165,12.936476707458496,17.182390213012695,8.691813468933105,190.885986328125,17.252458572387695,32.207515716552734,2.740000009536743,414.94091796875,31.05133628845215,14.908656120300291,9.966371536254885,33.46621322631836,50.0,50.72719192504883,15.666033744812012,1281.513916015625,53.95601272583008,6.414000034332275,17.99704933166504,21.856470108032227,221.3500061035156,156.691650390625,54.62795639038086,160.60447692871094
2025-03-14,39.851951599121094,15.652654647827148,0.4300000071525574,19.231704711914062,6.55904483795166,18.557106018066406,17.323427200317383,15.296819686889648,165.480224609375,68.02297973632812,195.2342987060547,35.913673400878906,471.0499877929687,0.2751220166683197,194.80728149414065,209.8565673828125,249.0260467529297,307.2464599609375,540.67236328125,5.920000076293945,12.995209693908691,16.97091293334961,8.996938705444336,190.83677673339844,17.476688385009766,32.178199768066406,2.740000009536743,416.1321411132813,31.05133628845215,15.104823112487791,10.192468643188477,33.362892150878906,49.599998474121094,50.99140548706055,15.723647117614746,1362.1060791015625,55.90037536621094,9.105999946594238,18.234813690185547,22.340850830078125,229.5500030517578,157.6796112060547,54.92412185668945,161.10232543945312
2025-03-17,41.759910583496094,15.857672691345217,0.5149999856948853,19.727367401123047,6.5180792808532715,18.71106719970703,17.598176956176758,15.48873233795166,167.4753875732422,68.58866119384766,194.7760772705078,35.913673400878906,475.3500061035156,0.284710168838501,198.1309356689453,210.54396057128903,247.04885864257812,310.9885559082031,549.8988647460938,5.934999942779541,13.28508758544922,17.14714241027832,9.40692138671875,191.03367614746097,17.476688385009766,32.22705841064453,2.740000009536743,419.9043273925781,31.603450775146484,15.104823112487791,10.047764778137209,33.81309509277344,50.5,50.95365905761719,15.69003963470459,1362.1060791015625,55.90037536621094,10.404999732971191,18.0793514251709,22.662124633789062,216.8000030517578,160.0507354736328,54.981441497802734,166.4790496826172
2025-03-18,41.563499450683594,15.612384796142578,0.421999990940094,19.429969787597656,6.436148166656494,18.7642879486084,17.743528366088867,15.72745132446289,168.00350952148438,69.3900375366211,193.76007080078125,35.630889892578125,478.7000122070313,0.2735565900802612,202.19873046875,210.6421813964844,250.50892639160156,320.6392822265625,565.5,5.46999979019165,13.404448509216309,17.085460662841797,9.09518337249756,190.59066772460935,17.650041580200195,31.94367790222168,2.740000009536743,416.7277221679687,31.50825881958008,15.104823112487791,10.029677391052246,34.483612060546875,50.5,50.349761962890625,15.920492172241213,1438.2208251953125,57.358646392822266,9.911999702453612,18.307971954345703,23.20581817626953,206.1999969482422,157.1514434814453,55.38269805908203,166.1803436279297
2025-03-19,41.21744918823242,16.130416870117188,0.4239999949932098,20.02476501464844,6.572700023651123,18.88783836364746,17.700984954833984,15.895960807800291,167.53407287597656,69.95571899414062,196.8678741455078,35.5366325378418,481.3500061035156,0.2740457952022552,202.4963836669922,215.55224609375,244.0830841064453,314.5337219238281,1569.5,5.349999904632568,13.580648422241213,17.231727600097656,9.05267333984375,190.49221801757812,17.71787452697754,31.816650390625,2.740000009536743,416.5292053222656,31.16556739807129,15.104823112487791,10.092985153198242,34.081302642822266,50.5,49.79304504394531,15.867680549621582,1373.0506591796875,55.90037536621094,9.645999908447266,18.326263427734375,23.2651309967041,216.1000061035156,158.7388458251953,56.18520736694336,168.96827697753906
2025-03-20,43.396636962890625,16.031570434570312,0.4259999990463257,20.619558334350582,6.495320796966553,18.977174758911133,17.969532012939453,15.77426052093506,163.68067932128906,70.23855590820312,195.7721710205078,35.81941223144531,487.8999938964844,0.281775027513504,206.66336059570312,216.92706298828125,241.31504821777344,301.53485107421875,1542.5,4.28000020980835,13.684852600097656,17.062610626220703,8.78627872467041,191.4766540527344,17.341020584106445,31.845962524414062,2.740000009536743,417.7203979492187,31.05133628845215,15.399072647094728,10.18342399597168,34.59855270385742,50.5,50.453556060791016,15.781259536743164,1329.272216796875,55.90037536621094,7.869999885559082,18.545738220214844,22.370508193969727,217.25,162.11204528808594,56.242523193359375,171.8059844970703
2025-03-21,42.835472106933594,16.2841796875,0.449999988079071,19.826499938964844,6.449803829193115,18.971471786499023,17.681488037109375,15.732133865356444,162.9765167236328,70.14427947998047,200.5135803222656,35.630889892578125,483.7999877929687,0.2761003971099853,209.93743896484375,219.5294189453125,237.36068725585935,300.9440002441406,1555.0,4.340000152587891,13.61854076385498,17.199731826782227,8.739047050476074,189.3108673095703,17.28449249267578,31.611440658569336,2.740000009536743,417.1248168945313,30.620466232299805,15.399072647094728,10.178902626037598,35.240333557128906,49.79999923706055,49.915714263916016,15.714044570922852,1298.4283447265625,56.3864631652832,7.8979997634887695,18.65547561645508,21.856470108032227,229.3999938964844,162.31048583984375,55.79350662231445,169.1674041748047
2025-03-24,44.472198486328125,16.474550247192383,0.4359999895095825,19.727367401123047,6.636424541473389,19.29745101928711,17.92521858215332,15.77426052093506,163.54376220703125,70.6628189086914,203.4022674560547,35.5366325378418,483.7999877929687,0.2888194024562835,209.83822631835935,224.2430725097656,244.28082275390625,310.9885559082031,1601.5,3.746000051498413,13.556839942932127,17.437410354614258,8.93742561340332,191.6243438720703,17.28449249267578,32.021854400634766,2.740000009536743,420.8970031738281,30.620466232299805,15.202906608581545,10.1698579788208,35.05833435058594,50.0,50.406375885009766,15.699642181396484,1298.4283447265625,55.414283752441406,8.12399959564209,18.783504486083984,22.268388748168945,259.95001220703125,166.4773712158203,55.373146057128906,169.615478515625
2025-03-25,45.10818099975586,16.498348236083984,0.4320000112056732,20.22303009033203,6.6637349128723145,19.53504753112793,17.63717269897461,16.19085121154785,168.53164672851562,71.18135833740234,206.6893768310547,35.725154876708984,488.0499877929687,0.2867648005485534,213.60838317871097,227.09092712402344,247.3454437255859,309.4129638671875,1614.0,3.437999963760376,13.709163665771484,17.917339324951172,8.880744934082031,190.24609375,17.712223052978516,32.021854400634766,2.740000009536743,419.3086853027344,30.94601249694824,15.399072647094728,10.061331748962402,35.51811981201172,50.5,50.50257110595703,15.848475456237791,1312.8553466796875,55.90037536621094,8.027999877929688,18.74692726135254,22.2783145904541,266.79998779296875,166.0805206298828,56.70110702514648,172.75189208984375
2025-03-26,45.388763427734375,16.536788940429688,0.4300000071525574,20.22303009033203,6.677390098571777,19.62533187866211,17.653125762939453,16.041065216064453,166.790771484375,70.61567687988281,205.0956115722656,35.5366325378418,494.0,0.2818728685379028,213.60838317871097,229.30044555664065,249.7180633544922,311.38250732421875,1674.5,4.883999824523926,13.869199752807615,17.876203536987305,8.8448486328125,194.4792633056641,17.629316329956055,31.924135208129883,2.740000009536743,425.2648010253906,30.94601249694824,15.202906608581545,10.05681037902832,35.52769470214844,51.0,51.41642761230469,15.805265426635742,1346.68408203125,55.90037536621094,7.633999824523926,18.94811248779297,21.384998321533203,251.5500030517578,158.54043579101562,58.49237823486328,173.79736328125
2025-03-27,44.05132293701172,16.815025329589844,0.4160000085830688,20.22303009033203,6.700149059295654,19.525543212890625,17.371286392211914,15.99893856048584,164.99122619628906,70.6628189086914,207.1376190185547,35.5366325378418,496.5499877929687,0.2818728685379028,213.60838317871097,225.8634033203125,247.54315185546875,306.6556091308594,1641.5,4.757999897003174,13.96560764312744,17.958477020263672,8.823121070861816,194.0362548828125,17.540754318237305,32.363861083984375,2.740000009536743,425.8603820800781,30.94601249694824,15.202906608581545,10.052287101745604,35.55643081665039,50.0,51.83007049560547,15.891685485839844,1343.2017822265625,55.90037536621094,7.366000175476074,19.131010055541992,21.131893157958984,252.9499969482422,155.3656463623047,58.589202880859375,171.45748901367188
2025-03-28,42.91029739379883,16.232925415039062,0.4120000004768371,20.421295166015625,6.864010810852051,19.273693084716797,16.87496566772461,15.863195419311523,162.6048583984375,69.81430053710938,200.6132049560547,35.924015045166016,486.6000061035156,0.2813836634159088,205.96888732910156,220.0204315185547,241.21617126464844,303.7013244628906,1633.5,4.185999870300293,13.78628921508789,17.7025146484375,8.767386436462402,191.18133544921875,17.235502243041992,32.77427291870117,2.740000009536743,422.2867431640625,30.94601249694824,15.104823112487791,9.771927833557127,35.27865219116211,49.400001525878906,52.00322341918945,15.992509841918944,1303.4031982421875,55.90037536621094,6.980000019073486,18.765216827392575,20.357685089111328,241.6499938964844,151.39718627929688,57.33047103881836,173.39907836914062
2025-03-31,41.3016242980957,16.12858772277832,0.3740000128746032,19.826499938964844,6.650079727172852,19.264190673828125,16.89888572692871,15.70404815673828,159.2013702392578,67.88156127929688,204.6473846435547,36.30925750732422,489.8500061035156,0.28128582239151,205.96888732910156,220.41323852539065,244.28082275390625,297.98968505859375,1605.0,4.349999904632568,13.784361839294434,17.82135581970215,8.508549690246582,190.49221801757812,16.95662498474121,33.51692199707031,2.740000009536743,427.647216796875,31.654556274414062,15.006739616394045,9.75836181640625,35.087074279785156,47.400001525878906,52.84973907470703,15.776459693908691,1312.3577880859375,53.95601272583008,6.927999973297119,18.710344314575195,19.851470947265625,239.8500061035156,151.39718627929688,57.76618957519531,162.14781188964844
2025-04-01,41.86278533935547,16.148719787597656,0.4000000059604645,20.421295166015625,6.622769355773926,19.56355857849121,17.108673095703125,15.92404556274414,164.36529541015625,68.77721405029297,205.7928924560547,36.69449996948242,494.1000061035156,0.2849058508872986,209.54058837890625,223.4574737548828,246.95001220703125,302.1257019042969,1616.5,4.138000011444092,13.886553764343262,17.551679611206055,8.615296363830566,189.55699157714844,17.1224422454834,33.62440872192383,2.740000009536743,426.85308837890625,31.635406494140625,15.202906608581545,9.925673484802246,35.652225494384766,52.5,52.3110466003418,15.958902359008787,1347.181640625,54.92819595336914,6.964000225067139,18.74692726135254,19.970582962036133,250.4499969482422,154.37353515625,57.601585388183594,169.26698303222656
2025-04-02,42.882232666015625,16.084653854370117,0.4000000059604645,20.421295166015625,6.7638726234436035,19.582565307617188,16.989059448242188,15.947449684143066,159.16226196289062,64.11035919189453,205.7928924560547,36.50188064575195,493.1499938964844,0.2879388630390167,210.7311553955078,222.08265686035156,243.98423767089844,297.98968505859375,1579.0,4.015999794006348,13.797858238220217,17.848777770996094,8.519885063171387,189.80308532714844,17.13563346862793,32.862220764160156,2.740000009536743,426.4560241699219,31.635406494140625,15.300990104675291,9.753839492797852,35.7767448425293,53.0,49.40594482421875,16.179752349853516,1290.4686279296875,52.98383331298828,6.78000020980835,18.984691619873047,19.768096923828125,260.20001220703125,154.7703857421875,57.52412414550781,168.8189239501953
2025-04-03,41.74120330810547,15.875977516174316,0.3740000128746032,19.529102325439453,6.495320796966553,18.617931365966797,16.42410659790039,15.418519973754885,154.5460205078125,62.696163177490234,183.2014923095703,34.86458969116211,482.3999938964844,0.2622072994709015,200.51210021972656,203.8171844482422,249.61920166015625,297.5957946777344,1429.5,3.9779999256134033,13.1808500289917,17.291149139404297,8.144855499267578,189.21241760253903,16.306550979614258,33.536468505859375,2.740000009536743,420.3013610839844,30.31407165527344,15.006739616394045,9.55939483642578,35.25949478149414,52.5,50.6083869934082,15.901288032531738,1346.1866455078125,52.49774169921875,6.420000076293945,18.06106185913086,18.106529235839844,242.9499969482422,142.66653442382812,54.80331802368164,160.80361938476562
2025-04-04,34.60507583618164,14.526893615722656,0.3499999940395355,19.529102325439453,6.0219407081604,17.483177185058594,16.38178253173828,14.730443954467772,143.67047119140625,59.01924514770508,172.0850830078125,35.24983215332031,458.9500122070313,0.2641640901565552,196.6923370361328,191.3894195556641,228.95765686035156,264.901611328125,1296.5,3.930000066757202,12.583122253417969,16.322147369384766,7.556332588195801,186.65284729003903,15.008283615112305,32.315006256103516,2.740000009536743,396.6755676269531,30.39067268371582,14.81057357788086,9.22024917602539,33.03721618652344,51.5,49.81958770751953,15.037087440490724,1269.5743408203125,49.09511184692383,5.751999855041504,16.53387451171875,16.895587921142578,219.1000061035156,133.5390625,51.3853759765625,147.76011657714844
2025-04-07,34.60507583618164,13.953946113586426,0.3300000131130218,18.240379333496097,5.516698360443115,16.909149169921875,14.922473907470703,14.206195831298828,133.7925262451172,55.15376663208008,165.55072021484375,35.057212829589844,444.2000122070313,0.24068284034729,170.30133056640625,194.51365661621097,227.6724853515625,271.9919128417969,1362.0,3.950000047683716,11.611332893371582,15.407998085021973,7.226646423339844,179.7616424560547,14.416619300842283,31.33783531188965,2.740000009536743,392.3077697753906,29.031036376953125,14.025907516479492,8.660433769226074,31.5908203125,49.0,49.05002212524414,14.465754508972168,1237.7354736328125,48.51180648803711,5.854000091552734,15.637677192687988,16.75067138671875,212.5,131.55482482910156,48.693626403808594,142.7318878173828
2025-04-08,35.400054931640625,13.564047813415527,0.3580000102519989,18.33951187133789,5.525802135467529,17.448963165283203,15.675129890441896,14.201515197753906,137.1569061279297,56.19084548950195,156.7452392578125,34.86458969116211,464.1499938964844,0.231192484498024,186.9197235107422,199.07150268554688,232.1211395263672,272.77972412109375,1320.0,3.7200000286102295,11.462865829467772,15.933633804321287,7.954034328460693,183.6994781494141,14.780284881591797,31.98276710510254,2.740000009536743,376.42486572265625,29.011884689331055,14.025907516479492,8.33485221862793,31.849445343017575,53.0,48.48247146606445,14.744219779968262,1308.87548828125,48.6090202331543,5.552000045776367,15.409059524536133,17.13777732849121,201.6999969482422,128.38003540039062,48.84854507446289,149.45278930664062
2025-04-09,33.37051773071289,14.61475944519043,0.3549999892711639,17.74471664428711,5.261801719665527,16.20206642150879,15.708253860473633,14.018964767456056,130.54551696777344,55.05949020385742,180.97021484375,34.67197036743164,444.75,0.2289422005414962,181.2148895263672,212.6164703369141,246.5545654296875,278.4913330078125,1223.5,4.074999809265137,10.830431938171388,14.557838439941406,7.225701808929443,179.9585418701172,14.23196029663086,31.611440658569336,2.740000009536743,404.219970703125,28.303346633911133,13.53549098968506,9.156942367553713,30.115686416625977,48.599998474121094,49.34822463989258,14.537772178649902,1299.9207763671875,46.47022247314453,6.573999881744385,14.750629425048828,16.56009864807129,248.0,143.85708618164062,46.72322082519531,143.52842712402344
2025-04-10,36.14827728271485,13.941132545471191,0.3849999904632568,19.529102325439453,5.471181392669678,16.971874237060547,14.493698120117188,14.30917263031006,136.39405822753906,57.79360580444336,168.4991455078125,34.479347229003906,456.1000061035156,0.2518364191055298,194.6088409423828,200.1096038818359,241.90818786621097,288.53594970703125,1313.0,3.825000047683716,11.142792701721191,16.422704696655273,7.887908458709717,190.49221801757812,14.719987869262695,32.32477951049805,2.740000009536743,387.1458129882813,29.203386306762695,14.51632308959961,8.452423095703125,30.82451629638672,51.5,48.29008102416992,15.01308250427246,1372.55322265625,49.38676452636719,6.533999919891357,16.424135208129883,16.78044891357422,225.0,132.94378662109375,47.94322204589844,145.37046813964844
2025-04-11,34.913719177246094,13.818487167358398,0.3849999904632568,18.736040115356445,5.412008762359619,16.445363998413086,14.110929489135742,14.426193237304688,131.89517211914062,58.40642547607422,174.25657653808594,34.479347229003906,453.2999877929687,0.2479228675365448,190.34263610839844,206.8820953369141,244.47853088378903,285.9755554199219,1338.0,3.744999885559082,11.08494758605957,15.21602725982666,7.840675354003906,188.9170837402344,14.891457557678224,32.23683166503906,2.740000009536743,393.6975402832031,28.877840042114254,14.123990058898926,8.340278625488281,29.445171356201172,50.5,48.015926361083984,15.12830924987793,1353.6488037109375,47.831275939941406,6.271999835968018,15.052407264709473,17.453413009643555,220.75,136.91226196289062,47.12020492553711,147.06312561035156
2025-04-14,35.951866149902344,13.72879409790039,0.3799999952316284,19.0334415435791,5.325525760650635,16.916751861572266,14.167976379394531,14.749167442321776,136.1984405517578,60.05632400512695,180.2928924560547,35.44245529174805,467.5499877929687,0.2620116174221039,191.9796600341797,205.00360107421875,252.09068298339844,298.58056640625,1404.5,3.660000085830689,11.354888916015623,15.005773544311523,8.001267433166504,191.9196624755859,15.24193286895752,32.87199020385742,2.740000009536743,390.1238708496094,28.877840042114254,14.222073554992676,8.515730857849121,30.575468063354492,50.5,48.57866668701172,15.656432151794434,1432.74853515625,49.97007369995117,6.21999979019165,15.281028747558594,17.832576751708984,223.3500061035156,136.3169708251953,48.62584686279297,151.39437866210938
2025-04-15,37.167724609375,14.186419486999512,0.3519999980926513,19.727367401123047,5.3892502784729,16.964271545410156,14.631715774536133,15.072142601013184,137.8415069580078,61.5648078918457,178.97804260253906,35.53877258300781,473.1000061035156,0.2556520998477936,192.52532958984375,205.3002014160156,258.41766357421875,302.5196228027344,1437.5,4.289999961853027,11.530351638793944,15.481128692626951,8.124073028564453,192.80569458007812,15.517037391662598,33.85893249511719,2.740000009536743,398.2638549804687,29.66297721862793,14.320157051086426,8.673093795776367,30.99693489074707,50.5,49.16545867919922,15.838874816894531,1432.74853515625,48.997894287109375,6.026000022888184,15.390769004821776,18.16608238220215,224.3000030517578,137.9043731689453,49.00346755981445,151.9420166015625
2025-04-16,36.64396667480469,14.047301292419434,0.3510000109672546,19.330835342407227,5.248146057128906,16.907249450683594,14.519460678100586,15.235969543457031,137.4111785888672,61.28196334838867,170.23236083984375,35.53877258300781,463.0499877929687,0.2465531378984451,194.11276245117188,197.7367706298828,252.98040771484375,305.2769470214844,1440.5,3.799999952316284,11.736663818359377,15.225168228149414,7.955923557281494,191.82122802734375,15.579218864440918,33.75144577026367,2.740000009536743,390.3223876953125,29.605527877807617,14.320157051086426,8.521156311035156,30.92988395690918,49.79999923706055,48.57866668701172,16.064525604248047,1477.0244140625,48.22014617919922,5.5879998207092285,15.79314136505127,17.927865982055664,210.5500030517578,132.3485107421875,50.03950119018555,150.6973876953125
2025-04-17,36.76555633544922,13.851436614990234,0.3659999966621399,19.231704711914062,5.311870574951172,17.089719772338867,14.510260581970217,15.245330810546877,133.4600067138672,61.0462646484375,173.00148010253906,35.53877258300781,458.8999938964844,0.2482163906097412,199.51995849609375,203.27340698242188,253.37583923339844,295.4292907714844,1443.0,3.809999942779541,11.83114242553711,15.385144233703612,8.020160675048828,187.09584045410156,15.505732536315918,33.9761962890625,2.740000009536743,396.0799560546875,29.643829345703125,14.41823959350586,8.741827964782715,31.466291427612305,49.599998474121094,49.492523193359375,16.261371612548828,1456.627685546875,50.55338287353515,5.757999897003174,15.665112495422363,17.796844482421875,211.8500061035156,132.94378662109375,50.01045227050781,145.86830139160156
2025-04-22,36.597206115722656,13.878893852233888,0.3650000095367431,18.43864631652832,5.412008762359619,16.812210083007812,13.945307731628418,15.371712684631348,133.05999755859375,62.03620529174805,173.97767639160156,36.11663436889648,450.8500061035156,0.241074189543724,194.0135498046875,201.49375915527344,248.53173828125,300.1561584472656,1429.5,3.7049999237060542,11.95261573791504,15.34400749206543,7.863347053527832,181.97666931152344,15.718656539916992,34.00550842285156,2.740000009536743,394.4916687011719,29.826875686645508,13.829740524291992,8.819605827331543,31.21724510192871,47.599998474121094,49.12697982788086,16.410205841064453,1418.8189697265625,49.58120346069336,5.4019999504089355,15.409059524536133,18.011240005493164,206.3999938964844,131.15797424316406,50.22346878051758,148.65623474121094
2025-04-23,39.861305236816406,14.35299587249756,0.3680000007152557,19.330835342407227,5.448422431945801,17.58201789855957,15.19666862487793,15.624475479125977,138.83999633789062,63.07328414916992,179.81475830078125,36.11663436889648,463.8500061035156,0.2593699991703033,201.80186462402344,210.54022216796875,243.39108276367188,289.3237609863281,1467.0,3.684999942779541,11.98346710205078,15.659388542175291,8.142966270446777,187.7849578857422,16.41583824157715,34.23025894165039,2.740000009536743,391.712158203125,30.559059143066406,14.41823959350586,9.000483512878418,32.29964828491211,50.0,49.3289909362793,16.592649459838867,1376.5330810546875,51.33112716674805,6.199999809265137,16.113210678100586,19.083221435546875,225.8500061035156,138.102783203125,50.33966064453125,161.55039978027344
2025-04-24,39.103736877441406,13.988726615905762,0.3700000047683716,19.330835342407227,5.534905433654785,17.391939163208008,15.032886505126951,15.624475479125977,137.25999450683594,63.45040512084961,181.7272796630859,35.827701568603516,466.1499938964844,0.2491947710514068,200.6112823486328,210.93569946289065,237.756103515625,291.490234375,1483.5,3.5899999141693115,12.236055374145508,15.769085884094238,8.124073028564453,185.0284881591797,16.32744598388672,34.64067077636719,2.740000009536743,392.3077697753906,29.981021881103516,14.41823959350586,8.848546028137207,32.04102325439453,51.0,49.56947708129883,16.717477798461914,1375.5380859375,51.136688232421875,6.561999797821045,15.738269805908203,20.089689254760746,227.8500061035156,142.07127380371094,50.49458312988281,160.95297241210938
2025-04-25,39.93613052368164,14.607436180114746,0.3700000047683716,19.727367401123047,5.584974765777588,17.644742965698242,15.29236125946045,15.80234432220459,140.60000610351562,65.00601959228516,183.2811737060547,35.63507843017578,465.0499877929687,0.25614133477211,203.38929748535156,211.03456115722656,231.82456970214844,292.08111572265625,1472.0,3.5,12.299684524536133,16.057044982910156,8.162803649902344,185.17616271972656,16.571020126342773,34.728614807128906,2.740000009536743,388.5355529785156,30.000288009643555,14.61440658569336,8.957073211669922,32.26133346557617,52.0,49.71377182006836,16.755887985229492,1379.5179443359375,52.10886764526367,6.50600004196167,16.27781867980957,20.263391494750977,247.9499969482422,143.65866088867188,51.08521270751953,161.74952697753906
2025-04-28,40.61887741088867,14.33469009399414,0.3600000143051147,19.429969787597656,5.56676721572876,17.553504943847656,15.450620651245115,16.03170394897461,144.32000732421875,65.5245590209961,183.3011016845703,35.924015045166016,467.2000122070313,0.2556520998477936,203.38929748535156,211.1334228515625,231.42913818359375,293.45977783203125,1461.5,3.549999952316284,12.261120796203612,16.034191131591797,8.313005447387695,188.47409057617188,16.661380767822266,34.56249237060547,2.740000009536743,388.3370666503906,29.788339614868164,14.41823959350586,9.107200622558594,32.223018646240234,51.5,49.223175048828125,16.86151123046875,1332.754638671875,51.33112716674805,6.550000190734863,16.140644073486328,19.995397567749023,250.0500030517578,142.07127380371094,51.240135192871094,160.30577087402344
2025-04-29,40.58146286010742,14.435368537902832,0.3389999866485595,19.529102325439453,5.662353992462158,17.270294189453125,15.713773727416992,16.148723602294922,143.97999572753906,64.77031707763672,184.9745330810547,35.924015045166016,466.2000122070313,0.2560434937477112,206.0680999755859,212.6164703369141,237.36068725585935,305.2769470214844,1494.0,3.434999942779541,12.230270385742188,16.121034622192383,8.738101959228516,188.17872619628903,16.899063110351562,34.875186920166016,2.740000009536743,392.3077697753906,30.270042419433594,14.51632308959961,9.156942367553713,32.4050178527832,52.0,49.56947708129883,16.909523010253906,1332.754638671875,51.52556228637695,6.050000190734863,16.314395904541016,19.995397567749023,257.3999938964844,143.26181030273438,50.688232421875,159.16075134277344
2025-04-30,37.96269989013672,14.53238582611084,0.3499999940395355,19.826499938964844,5.689664363861084,17.125835418701172,15.767141342163086,15.437243461608888,147.13999938964844,65.38314056396484,187.2655487060547,36.11663436889648,469.5,0.2547715902328491,206.0680999755859,211.33116149902344,240.32644653320312,311.38250732421875,1496.0,3.5450000762939453,12.243766784667969,16.107324600219727,8.53972339630127,188.9170837402344,16.749774932861328,35.28559875488281,2.740000009536743,397.0726318359375,30.270042419433594,14.61440658569336,9.184074401855469,32.25175476074219,52.5,50.213985443115234,17.130373001098633,1491.451416015625,51.720001220703125,5.900000095367432,16.37841033935547,19.672807693481445,249.6000061035156,145.6428985595703,49.536006927490234,160.25599670410156
2025-05-02,39.93613052368164,14.277945518493652,0.3400000035762787,20.02476501464844,5.507595539093018,17.0364990234375,15.956685066223145,15.451285362243652,154.9600067138672,67.7401351928711,180.67140197753903,36.88712310791016,474.6499938964844,0.2691538333892822,204.3814392089844,219.53724670410156,247.83973693847656,317.4880065917969,1572.0,3.849999904632568,12.201348304748535,15.659388542175291,8.738101959228516,194.57769775390625,17.946046829223633,35.26605987548828,2.740000009536743,399.455078125,30.270042419433594,14.81057357788086,8.586273193359375,32.587013244628906,53.0,50.36790084838867,17.332019805908203,1568.0635986328125,52.10886764526367,6.800000190734863,16.250383377075195,20.486719131469727,254.1499938964844,156.75462341308594,49.24552917480469,162.84478759765625
2025-05-05,40.22605895996094,14.252318382263184,0.3600000143051147,20.619558334350582,5.3755950927734375,17.325414657592773,15.507667541503906,15.502774238586426,158.27999877929688,68.25868225097656,175.15304565429688,36.69449996948242,456.6499938964844,0.2700344026088714,204.3814392089844,222.30555725097656,247.9385986328125,326.1539611816406,1592.0,4.610000133514404,12.122294425964355,15.851360321044922,8.613407135009766,189.2616424560547,17.828187942504883,35.1781120300293,2.740000009536743,397.0726318359375,30.1737003326416,14.908656120300291,8.186532020568848,32.45290756225586,53.5,50.85849380493164,17.45204734802246,1618.8067626953125,50.942256927490234,6.460000038146973,16.405845642089844,20.283241271972656,248.8000030517578,155.3656463623047,48.906639099121094,168.7193603515625
2025-05-06,39.22531509399414,14.186419486999512,0.3499999940395355,20.22303009033203,5.252697944641113,17.331117630004883,15.535272598266602,15.51213550567627,156.63999938964844,67.83441925048828,175.19288635253906,37.75392150878906,453.0,0.2672949135303497,207.0602264404297,219.43836975097656,245.76370239257812,322.21490478515625,1556.0,4.235000133514404,12.25919246673584,15.590827941894531,8.63418960571289,185.6683807373047,17.557109832763672,35.86213302612305,2.740000009536743,389.9253234863281,29.595659255981445,14.908656120300291,8.17025375366211,32.8360595703125,53.0,51.21442031860352,17.524065017700195,1636.7161865234375,50.74781799316406,6.257999897003174,16.10406494140625,19.881250381469727,242.1999969482422,151.39718627929688,49.43918228149414,165.23443603515625
2025-05-07,40.20735931396485,14.107707977294922,0.3499999940395355,20.22303009033203,5.366491317749023,17.2893009185791,15.549992561340332,15.549583435058594,154.5800018310547,67.97583770751953,173.0214080810547,37.75392150878906,455.0499877929687,0.2699365615844726,206.66336059570312,219.3889312744141,245.76370239257812,305.4739074707031,1508.0,3.9549999237060542,12.195563316345217,15.682243347167969,8.615296363830566,187.4896240234375,17.449073791503906,36.3213996887207,2.740000009536743,393.49896240234375,30.13516616821289,15.006739616394045,8.302294731140137,32.74985122680664,53.5,51.935882568359375,17.629690170288086,1625.2740478515625,51.136688232421875,6.093999862670898,16.168081283569336,20.010282516479492,242.4499969482422,152.9845733642578,49.13901901245117,165.4833526611328
2025-05-08,40.78722381591797,14.223030090332031,0.414000004529953,20.421295166015625,5.703319549560547,17.296903610229492,15.595999717712402,15.699368476867676,158.3800048828125,68.25868225097656,176.4280548095703,37.36867904663086,460.8999938964844,0.2738501131534576,210.53273010253903,225.41990661621097,248.2351837158203,317.0941162109375,1460.0,3.9700000286102295,12.288115501403809,15.814794540405272,8.582233428955078,190.0,17.6671142578125,35.61783981323242,2.740000009536743,401.0433654785156,31.214174270629883,15.202906608581545,8.333043098449707,33.3437385559082,54.0,51.89740753173828,17.692102432250977,1692.4342041015625,51.52556228637695,9.38599967956543,16.286962509155273,20.37257194519043,255.8500061035156,155.16722106933594,49.42949676513672,166.8773193359375
2025-05-09,41.7070198059082,14.232182502746582,0.4189999997615814,20.619558334350582,5.730629920959473,17.55540657043457,15.757940292358398,15.764899253845217,158.44000244140625,68.87150573730469,176.18899536132812,37.176055908203125,456.3999938964844,0.2814815044403076,210.83108520507812,223.98631286621097,246.75228881835935,307.2464599609375,1547.0,4.019999980926514,12.53299045562744,16.230731964111328,8.549169540405273,189.65541076660156,17.881223678588867,34.826332092285156,2.740000009536743,397.2711791992187,30.88661766052246,15.104823112487791,8.296868324279785,33.477840423583984,54.5,50.78153991699219,17.65849494934082,1685.469482421875,50.942256927490234,9.87600040435791,16.24123764038086,21.0524845123291,264.6499938964844,157.34988403320312,50.24283218383789,168.7193603515625
2025-05-12,41.97529602050781,14.808792114257812,0.4050000011920929,21.21435546875,6.1357340812683105,18.735776901245117,16.286088943481445,15.914684295654297,158.5800018310547,69.95571899414062,189.31686401367188,35.73139190673828,461.25,0.3003643453121185,210.83108520507812,231.8463592529297,233.60403442382812,288.1420593261719,1678.5,3.924999952316284,12.791362762451172,16.8889217376709,8.879800796508789,190.9844512939453,18.350696563720703,34.171627044677734,2.740000009536743,407.9921569824219,30.88661766052246,15.202906608581545,8.687564849853516,31.74407958984375,54.5,49.3289909362793,17.538467407226562,1585.9730224609375,53.85879898071289,9.59000015258789,16.60703468322754,22.48675537109375,286.25,167.0726318359375,51.3853759765625,180.21954345703125
2025-05-13,44.65803909301758,14.805021286010742,0.3840000033378601,21.069599151611328,6.044699192047119,18.19025993347168,16.260324478149414,15.9334077835083,161.10000610351562,70.9456558227539,189.93536376953125,34.96090316772461,460.7000122070313,0.3052562475204468,206.6542510986328,232.291259765625,237.16294860839844,297.792724609375,1685.5,3.930000066757202,12.989962577819824,16.7746524810791,9.013941764831545,192.95333862304688,18.299625396728516,33.59510040283203,2.740000009536743,402.0360412597656,30.88661766052246,14.61440658569336,8.964306831359863,32.13680648803711,56.0,48.92496871948242,17.423242568969727,1600.4000244140625,54.24766540527344,9.552000045776367,17.174013137817383,23.131927490234375,298.75,172.23165893554688,51.71458435058594,182.06155395507812
2025-05-14,44.42808532714844,14.780512809753418,0.3779999911785126,21.665904998779297,6.2813897132873535,18.40884780883789,16.25296401977539,16.223615646362305,159.5,70.28570556640625,189.6361083984375,34.86458969116211,460.7000122070313,0.3078979253768921,206.6542510986328,231.64862060546875,237.2618103027344,298.1866149902344,1714.0,4.0,12.962968826293944,16.870637893676758,9.176424026489258,187.73573303222656,18.299625396728516,31.455095291137695,2.740000009536743,396.0799560546875,30.867347717285156,14.81057357788086,8.7074613571167,31.72492218017578,55.5,48.72296142578125,17.437644958496094,1608.5,53.66436004638672,9.71399974822998,17.238027572631836,23.117040634155273,311.1499938964844,172.82691955566406,51.42410659790039,180.21954345703125
2025-05-15,44.054420471191406,14.865349769592283,0.3689999878406524,20.870826721191406,6.299596309661865,18.180755615234375,15.886757850646973,16.2938289642334,159.22000122070312,69.90857696533203,188.3991241455078,34.67197036743164,454.25,0.306136816740036,206.1569976806641,235.5044860839844,245.862548828125,303.1104431152344,1701.5,3.8350000381469727,12.845351219177246,16.85692596435547,9.176424026489258,195.11915588378903,18.51569938659668,31.0446834564209,2.740000009536743,403.0287170410156,30.289308547973633,14.51632308959961,8.720122337341309,32.17512512207031,54.5,50.04083633422851,17.65849494934082,1682.0,53.66436004638672,9.770000457763672,16.963680267333984,22.992969512939453,303.8999938964844,171.63638305664062,51.18204116821289,181.11566162109375
2025-05-16,43.9777717590332,14.987892150878906,0.3650000095367431,21.46713638305664,6.213113307952881,18.598922729492188,16.286088943481445,16.23297691345215,160.24000549316406,68.96578216552734,189.13731384277344,35.44245529174805,461.0499877929687,0.3082892596721649,207.84762573242188,237.4818572998047,243.193359375,301.14093017578125,1734.5,3.690000057220459,12.910908699035645,17.282005310058594,9.224601745605469,202.79791259765625,18.61195182800293,31.65052795410156,2.740000009536743,408.3891906738281,30.289308547973633,14.908656120300291,8.819066047668457,32.00270462036133,56.5,50.637245178222656,17.711307525634766,1723.0,54.24766540527344,11.100000381469728,16.908811569213867,22.888748168945312,312.3500061035156,172.82691955566406,51.5402946472168,183.35595703125
2025-05-19,43.632850646972656,14.759774208068848,0.4189999997615814,21.268367767333984,6.295044898986816,18.114229202270508,16.286088943481445,16.27978515625,161.89999389648438,68.494384765625,185.0473175048828,36.40556716918945,454.5,0.3144530951976776,207.84762573242188,235.45504760742188,246.95001220703125,305.0799865722656,1702.0,3.609999895095825,12.848033905029297,17.03061294555664,8.833512306213379,200.7305450439453,18.71802520751953,32.217288970947266,2.740000009536743,407.3965148925781,30.80954360961914,15.006739616394045,8.408355712890625,31.983549118041992,56.0,50.53142929077149,17.840938568115234,1752.5,54.05323028564453,11.55500030517578,17.29289436340332,22.63564109802246,304.79998779296875,169.6521453857422,51.20140838623047,179.37319946289062
2025-05-20,43.81488800048828,14.782398223876951,0.4239999949932098,21.46713638305664,6.372424125671387,18.608427047729492,16.194076538085938,16.51850700378418,161.83999633789062,70.05000305175781,182.3938140869141,37.9465446472168,453.1000061035156,0.3245304524898529,206.2564392089844,233.0821990966797,252.3000030517578,310.20001220703125,1711.0,3.5,12.897154808044434,17.195159912109375,8.781556129455566,200.1398773193359,18.826061248779297,32.61792755126953,2.740000009536743,404.41845703125,30.80954360961914,15.300990104675291,8.238471984863281,31.8973388671875,56.0,51.28175735473633,18.032983779907227,1780.0,53.27548599243164,14.845000267028809,17.38434600830078,22.794452667236328,303.04998779296875,169.2552947998047,51.32727813720703,181.71307373046875
2025-05-21,42.569332122802734,14.516573905944824,0.402999997138977,21.268367767333984,6.208561897277832,18.165550231933594,15.814986228942873,16.47637939453125,162.10000610351562,69.86143493652344,178.44346618652344,37.46499252319336,448.25,0.323356419801712,205.95811462402344,227.39727783203125,252.8000030517578,312.20001220703125,1697.0,3.430000066757202,12.791053771972656,17.062610626220703,8.705039024353027,206.7357482910156,18.74748992919922,32.705875396728516,2.740000009536743,397.0726318359375,30.732471466064453,15.006739616394045,7.458121776580811,31.667451858520508,55.0,50.65648651123047,18.004175186157227,1795.0,54.24766540527344,13.65999984741211,17.100854873657227,22.76963806152344,296.0,167.8663330078125,50.659183502197266,178.02902221679688
2025-05-22,41.869903564453125,14.43739414215088,0.5059999823570251,20.870826721191406,6.099319934844971,18.21116828918457,15.154342651367188,16.45297622680664,161.25999450683594,69.1072006225586,178.2838592529297,37.65761184692383,447.9500122070313,0.323356419801712,202.47740173339844,229.27577209472656,260.0,313.0,1665.5,3.299999952316284,12.59457015991211,16.925487518310547,8.41691780090332,203.3885955810547,18.66498756408691,32.479190826416016,2.740000009536743,400.6462707519531,29.908676147460938,14.71249008178711,7.336776256561279,31.475873947143555,54.5,50.72382354736328,18.028181076049805,1770.0,54.24766540527344,17.049999237060547,16.826507568359375,22.303129196166992,307.3999938964844,172.6284942626953,49.865211486816406,174.54412841796875
2025-05-23,42.310638427734375,14.231898307800291,0.5839999914169312,20.870826721191406,6.026492118835449,17.969772338867188,15.123059272766112,16.1299991607666,157.3000030517578,68.21154022216797,171.48049926757812,37.75392150878906,444.1499938964844,0.3202255666255951,201.38345336914065,227.54556274414065,257.20001220703125,305.3999938964844,1715.0,3.434999942779541,12.531695365905762,16.664953231811523,8.310171127319336,203.8808135986328,18.24069595336914,32.973697662353516,2.740000009536743,401.0433654785156,29.908676147460938,14.51632308959961,7.754953384399414,31.36092758178711,53.0,50.38714218139648,17.95136260986328,1783.5,52.30330657958984,16.7450008392334,16.54301643371582,21.360185623168945,300.8999938964844,167.0726318359375,49.35203552246094,175.589599609375
2025-05-26,42.21482849121094,14.752233505249023,0.9539999961853028,20.473289489746097,6.326906681060791,18.391740798950195,15.588638305664062,16.31999969482422,160.22000122070312,69.3900375366211,175.0916748046875,38.0428581237793,448.0,0.3202255666255951,201.38345336914065,227.1995391845703,263.20001220703125,305.79998779296875,1702.0,3.4800000190734863,12.70263671875,16.78836441040039,8.408415794372559,211.65802001953125,18.501949310302734,33.082489013671875,2.740000009536743,400.8448181152344,29.908676147460938,14.61440658569336,7.870699405670166,31.504610061645508,54.0,50.983551025390625,18.28744125366211,1842.0,51.33112716674805,17.200000762939453,17.137432098388672,21.965652465820312,300.79998779296875,171.0410919189453,50.13632583618164,176.83421325683594
2025-05-27,42.79928207397461,14.725839614868164,1.190000057220459,20.870826721191406,6.240424156188965,18.27199363708496,15.424857139587402,16.290000915527344,162.1999969482422,69.48431396484375,176.42840576171875,38.428104400634766,448.5,0.3234542608261108,200.98568725585935,229.37464904785156,268.79998779296875,305.3999938964844,1671.5,3.369999885559082,12.76944065093994,16.83407211303711,8.338510513305664,216.6787567138672,18.484270095825195,33.2506217956543,2.740000009536743,408.7862854003906,30.14127540588379,14.71249008178711,8.076054573059082,31.715343475341797,54.0,50.22360610961914,18.321048736572266,1889.0,52.49774169921875,15.710000038146973,16.71677017211914,22.28327751159668,320.0,172.6284942626953,49.9039421081543,174.39134216308594
2025-05-28,44.04484176635742,14.801249504089355,1.0199999809265137,21.268367767333984,6.36787223815918,18.452564239501953,15.382532119750977,16.024999618530273,162.33999633789062,68.25868225097656,177.6454315185547,38.23548126220703,447.1499938964844,0.3295202255249023,202.37794494628903,231.3025665283203,275.5,321.79998779296875,1551.5,3.3350000381469727,12.736038208007812,17.204303741455078,8.313949584960938,213.1346893310547,18.24069595336914,33.00336837768555,2.740000009536743,406.4038391113281,30.354496002197266,14.71249008178711,8.076054573059082,31.973970413208008,54.5,50.6083869934082,18.301843643188477,1898.0,51.136688232421875,15.5,16.71677017211914,22.18402099609375,317.6000061035156,172.23165893554688,50.00076675415039,179.27708435058594
2025-05-29,43.92028045654297,14.580674171447754,1.0399999618530271,21.46713638305664,6.363320350646973,18.50198554992676,15.469022750854492,16.094999313354492,162.55999755859375,68.21154022216797,175.73011779785156,38.0428581237793,442.25,0.3295202255249023,208.14596557617188,229.0286102294922,267.6000061035156,320.3999938964844,1593.5,3.375,12.70263671875,17.259151458740234,8.35645866394043,209.68910217285156,18.27998161315918,32.76600646972656,2.740000009536743,405.6097106933594,30.354496002197266,14.51632308959961,7.9565749168396,31.887760162353516,54.5,50.34865951538086,18.24903106689453,1878.5,51.720001220703125,14.800000190734863,16.97282600402832,22.36268424987793,317.0,172.43008422851562,49.778072357177734,176.2858123779297
2025-05-30,44.083160400390625,14.369524002075195,0.9120000004768372,21.665904998779297,6.267734527587891,18.41835021972656,15.548154830932615,16.104999542236328,162.0800018310547,67.7401351928711,176.56805419921875,37.85023498535156,443.2000122070313,0.9025951027870178,203.96913146972656,230.61050415039065,267.1000061035156,316.6000061035156,1610.0,3.319999933242798,12.743897438049316,17.05803871154785,8.23837661743164,212.24868774414065,18.352663040161133,33.18138885498047,2.740000009536743,407.9921569824219,30.354496002197266,14.61440658569336,7.850163459777832,31.2842960357666,54.0,51.16632080078125,18.349857330322266,1885.0,50.74781799316406,14.154999732971191,16.917959213256836,21.940839767456055,304.95001220703125,169.05686950683594,50.020137786865234,176.38551330566406
2025-06-02,43.0579719543457,14.618380546569824,0.9120000004768372,22.063447952270508,6.2813897132873535,18.623632431030273,15.174586296081545,16.149999618530273,162.5800018310547,68.68293762207031,175.6103973388672,38.0428581237793,437.6499938964844,0.8709353804588318,208.54376220703125,228.5342559814453,272.6000061035156,313.0,1620.0,3.444999933242798,12.938416481018066,16.83407211303711,8.040943145751953,211.8549041748047,18.338911056518555,33.17150115966797,2.740000009536743,402.43310546875,30.31572914123535,14.61440658569336,7.66161060333252,31.667451858520508,53.5,50.91621398925781,18.364259719848633,1819.0,50.55338287353515,15.029999732971191,16.597888946533203,21.52892303466797,299.3999938964844,168.8584442138672,51.007755279541016,174.9397430419922
2025-06-03,42.78969955444336,14.650428771972656,0.9700000286102296,21.268367767333984,6.263182640075684,18.256786346435547,14.957437515258787,16.139999389648438,166.44000244140625,69.20148468017578,178.2838592529297,38.0428581237793,437.0499877929687,0.9028882384300232,209.23989868164065,229.0286102294922,271.8999938964844,319.0,1617.0,3.4549999237060547,13.068095207214355,16.701520919799805,8.016382217407227,209.0829620361328,18.22497940063477,33.31985092163086,2.740000009536743,409.3818664550781,29.792375564575195,14.51632308959961,7.969643115997315,31.552501678466797,53.5,50.72382354736328,18.095396041870117,1835.0,50.55338287353515,15.350000381469728,16.17722511291504,22.25846290588379,304.0,172.6284942626953,51.34664535522461,174.34149169921875
2025-06-04,44.09274673461914,14.429851531982422,0.9679999947547911,21.46713638305664,6.213113307952881,18.65404510498047,15.303401947021484,16.104999542236328,170.17999267578125,69.62574005126953,177.2463836669922,39.10227584838867,432.7000122070313,0.8923349976539612,213.01893615722656,229.32522583007812,267.29998779296875,315.79998779296875,1601.0,3.5399999618530273,12.94627571105957,16.934627532958984,8.15335750579834,211.8549041748047,18.19551467895508,33.42864227294922,2.740000009536743,412.8689575195313,29.792375564575195,14.71249008178711,7.874432563781738,31.849445343017575,55.0,49.92539978027344,18.095396041870117,1833.0,50.55338287353515,15.69499969482422,16.80821990966797,24.734933853149418,291.3999938964844,176.39854431152344,50.61077117919922,177.03363037109375
2025-06-05,43.8244743347168,14.56936264038086,0.8899999856948853,21.46713638305664,6.199458122253418,18.53239631652832,15.266596794128418,16.21500015258789,165.5,69.76715850830078,174.57293701171875,39.96907806396485,427.0499877929687,0.8445522785186768,210.9305419921875,226.9523773193359,273.29998779296875,323.20001220703125,1583.0,2.880000114440918,12.975748062133787,16.79750633239746,8.224206924438477,210.27093505859375,18.17783546447754,34.03194046020508,2.740000009536743,410.4778137207031,29.67607688903809,14.320157051086426,8.076054573059082,31.61955451965332,55.0,49.79072570800781,18.205821990966797,1882.0,49.38676452636719,14.479999542236328,16.469860076904297,25.0029296875,249.3500061035156,175.60484313964844,50.22346878051758,176.83421325683594
2025-06-06,43.29750061035156,14.641002655029297,0.8999999761581421,21.46713638305664,6.299596309661865,18.133237838745117,15.211389541625977,16.280000686645508,165.33999633789062,69.90857696533203,179.401123046875,40.25800704956055,433.5,0.8504152297973633,211.5272216796875,230.61050415039065,260.1000061035156,318.20001220703125,1639.5,2.555000066757202,13.115251541137695,16.728944778442383,8.341344833374023,211.5579071044922,18.26426696777344,34.11106491088867,2.740000009536743,414.2637634277344,29.67607688903809,14.320157051086426,8.384086608886719,31.542922973632812,55.5,50.319801330566406,18.325849533081055,1788.0,49.97007369995117,16.024999618530273,16.762495040893555,24.863967895507812,260.0,178.58119201660156,50.63982009887695,177.38259887695312
2025-06-09,44.341854095458984,14.806906700134276,0.949999988079071,21.665904998779297,6.422492504119873,18.17695426940918,15.507667541503906,16.489999771118164,165.5,70.05000305175781,176.2288818359375,40.45063018798828,431.1499938964844,0.851001501083374,209.8365936279297,229.91842651367188,258.6000061035156,309.6000061035156,1650.5,2.5999999046325684,13.115251541137695,16.875205993652344,8.384799003601074,210.07293701171875,18.26426696777344,33.61655807495117,2.740000009536743,411.8726501464844,29.67607688903809,14.222073554992676,8.542770385742188,31.322614669799805,56.0,49.92539978027344,18.2922420501709,1788.0,49.775638580322266,16.170000076293945,17.238027572631836,25.573657989501953,262.0,181.16070556640625,50.66886901855469,178.57911682128906
2025-06-10,43.96818923950195,15.065189361572266,0.8840000033378601,21.46713638305664,6.2813897132873535,18.650243759155273,15.397253036499023,15.979999542236328,163.9199981689453,69.5999984741211,176.9072265625,40.25800704956055,431.25,0.8671244978904724,201.38345336914065,232.19239807128903,247.1999969482422,299.0,1596.5,2.4600000381469727,13.431589126586914,16.984907150268555,8.54633617401123,215.02281188964844,18.15426445007324,33.725345611572266,2.740000009536743,413.2674560546875,29.889293670654297,14.320157051086426,8.507299423217773,31.5908203125,56.0,49.3289909362793,18.109800338745117,1671.5,49.97007369995117,14.94499969482422,17.027694702148438,25.980613708496097,285.04998779296875,184.7323303222656,51.88887023925781,177.8811492919922
2025-06-11,43.91070556640625,14.874775886535645,0.9120000004768372,21.665904998779297,6.240424156188965,18.5875186920166,15.651206970214844,15.895000457763672,163.6199951171875,69.19999694824219,172.49801635742188,40.16170120239258,427.6000061035156,0.8926281929016113,200.98568725585935,232.14295959472656,248.1999969482422,299.6000061035156,1601.0,2.5799999237060547,13.409975051879885,17.03975486755371,8.685200691223145,207.10301208496097,18.004976272583008,33.458316802978516,2.740000009536743,405.8948059082031,29.889293670654297,14.222073554992676,8.51476764678955,31.169353485107425,56.0,49.76186752319336,18.095396041870117,1720.0,50.16450881958008,14.494999885559082,17.137432098388672,26.273422241210938,284.75,184.53390502929688,51.850135803222656,176.83421325683594
2025-06-12,44.035255432128906,14.848381996154783,0.8500000238418579,21.665904998779297,6.290492534637451,18.30430603027344,15.279479026794434,15.979999542236328,162.8000030517578,68.1500015258789,170.98171997070312,40.16170120239258,421.1499938964844,0.8530535101890564,201.38345336914065,228.5836944580078,249.5,300.20001220703125,1622.5,2.434999942779541,13.614317893981934,16.879779815673828,8.351736068725586,208.29098510742188,17.95193862915039,33.51765441894531,2.740000009536743,404.89849853515625,29.889293670654297,14.251764297485352,8.499832153320312,31.054405212402344,54.5,49.684913635253906,18.037784576416016,1748.0,48.997894287109375,13.885000228881836,17.05512809753418,25.648103713989254,276.20001220703125,185.7098388671875,53.00236511230469,174.88987731933594
2025-06-13,43.28792572021485,14.803135871887209,0.8460000157356262,21.268367767333984,6.035595893859863,17.98851203918457,15.268437385559082,15.845000267028809,161.5800018310547,66.9000015258789,169.28587341308594,40.83587646484375,424.1499938964844,0.8958527445793152,204.1680145263672,225.6670837402344,250.5,302.0,1650.0,2.309999942779541,13.755785942077637,17.012332916259766,8.428253173828125,217.79476928710935,17.680864334106445,33.90336990356445,2.740000009536743,405.2970275878906,29.28840446472168,14.053823471069336,8.339282035827637,31.696186065673828,54.5,49.78110885620117,17.927358627319336,1795.5,48.997894287109375,13.199999809265137,16.85626220703125,25.399959564208984,280.6000061035156,183.31874084472656,53.06045913696289,172.49685668945312
2025-06-16,42.760955810546875,14.639117240905762,0.9039999842643738,20.473289489746097,6.135554790496826,18.03139877319336,15.437738418579102,16.139999389648438,162.02000427246094,67.44999694824219,170.96177673339844,40.83587646484375,423.8999938964844,0.8876447081565857,204.36691284179688,231.20372009277344,249.8999938964844,305.0,1688.5,2.255000114440918,13.747926712036133,16.51869010925293,8.408415794372559,210.27093505859375,17.84783172607422,34.2396354675293,2.740000009536743,402.1088562011719,29.482240676879883,13.954853057861328,8.36541748046875,32.33245849609375,53.0,49.75166702270508,18.013778686523438,1760.0,48.997894287109375,13.854999542236328,16.84679412841797,25.394994735717773,284.1499938964844,186.30763244628903,52.78934860229492,173.09510803222656
2025-06-17,43.28792572021485,14.331819534301758,0.944000005722046,20.672056198120117,6.011796474456787,17.85205841064453,15.213231086730955,15.885000228881836,160.74000549316406,67.0,169.7447509765625,40.83587646484375,421.7999877929687,0.8894035220146179,202.77574157714844,231.20372009277344,248.8000030517578,303.20001220703125,1648.5,2.424999952316284,13.903148651123049,16.46384048461914,8.313949584960938,215.121826171875,17.600326538085938,33.844032287597656,2.740000009536743,398.9206848144531,29.307788848876953,13.756911277770996,8.189932823181152,31.65703010559082,54.0,50.3404426574707,17.917755126953125,1728.5,49.19232940673828,13.279999732971191,17.074068069458008,25.05752182006836,275.6499938964844,185.3113250732422,53.747920989990234,173.7432098388672
2025-06-18,43.46996307373047,14.7446928024292,0.921999990940094,20.870826721191406,6.178393840789795,18.456356048583984,15.185626983642578,15.914999961853027,162.97999572753906,67.30000305175781,170.54281616210938,40.83587646484375,419.8999938964844,0.888817310333252,202.77574157714844,235.9988250732422,248.0,306.0,1618.5,3.299999952316284,13.924760818481444,16.948909759521484,8.108014106750488,215.5178070068359,17.77907943725586,34.081390380859375,2.740000009536743,398.721435546875,29.38532066345215,13.855881690979004,8.339282035827637,32.11710739135742,55.0,50.831092834472656,17.936960220336914,1741.0,49.19232940673828,13.300000190734863,17.21611785888672,25.191516876220703,282.04998779296875,185.1120758056641,52.86680603027344,172.69627380371094
2025-06-19,44.44725036621094,14.650428771972656,0.8880000114440918,19.876977920532227,6.230753421783447,18.358888626098633,15.28868007659912,15.510000228881836,161.75999450683594,66.69999694824219,168.66738891601562,41.12480926513672,417.0,0.8715217113494873,203.0740966796875,233.47767639160156,245.8999938964844,302.20001220703125,1603.0,2.8299999237060547,14.005319595336914,16.806243896484375,7.841619491577148,213.14187622070312,17.35675048828125,34.38798904418945,2.740000009536743,396.529541015625,29.695457458496097,13.855881690979004,8.135793685913086,31.431888580322266,54.5,50.742774963378906,17.888948440551758,1721.0,47.442405700683594,13.645000457763672,16.92255210876465,24.75478744506836,276.45001220703125,181.32614135742188,53.9979133605957,171.69918823242188
2025-06-20,44.13106918334961,14.614608764648438,0.8840000033378601,19.876977920532227,6.154594421386719,18.374481201171875,15.207709312438965,15.585000038146973,167.5,67.05000305175781,174.37342834472656,41.41374206542969,421.3999938964844,0.8820749521255493,203.0740966796875,236.4931640625,248.6000061035156,300.79998779296875,1626.0,3.549999952316284,14.05444049835205,16.7729549407959,7.841619491577148,212.9438934326172,17.45103645324707,33.972599029541016,2.740000009536743,394.7362060546875,29.861244201660156,13.756911277770996,8.17499828338623,31.510196685791016,54.5,50.53670501708984,18.104999542236328,1757.5,48.02571487426758,13.609999656677246,17.632787704467773,24.7150821685791,279.95001220703125,180.92762756347656,53.76185607910156,171.10093688964844
2025-06-23,44.955055236816406,14.578787803649902,0.8700000047683716,19.47944068908691,6.216473579406738,17.889097213745117,15.491106033325195,15.479999542236328,167.0,65.94999694824219,173.51553344726562,40.93218994140625,418.75,0.8923349976539612,203.0740966796875,235.2078857421875,247.6000061035156,304.79998779296875,1612.5,3.990000009536743,13.973882675170898,17.048776626586914,7.72637128829956,215.9138031005859,17.500146865844727,34.041831970214844,2.740000009536743,392.74359130859375,29.84174156188965,13.657940864562988,8.382219314575195,31.833229064941406,54.0,51.24323654174805,17.674999237060547,1740.0,46.17856979370117,12.989999771118164,17.367631912231445,24.89439582824707,301.3500061035156,180.5290985107422,53.38809967041016,171.64932250976562
2025-06-24,45.1370964050293,14.40345859527588,0.9300000071525574,19.876977920532227,6.130794525146484,17.902742385864258,15.32180404663086,15.80500030517578,170.60000610351562,67.5999984741211,173.2362060546875,40.45063018798828,424.3999938964844,0.879143476486206,200.48843383789065,239.55809020996097,237.8000030517578,290.79998779296875,1562.0,3.5899999141693115,13.618247985839844,16.62077522277832,8.026772499084473,210.3699493408203,18.0089054107666,33.49787521362305,2.740000009536743,397.5258483886719,29.666200637817383,13.954853057861328,8.432625770568848,30.56068229675293,55.0,50.65445709228515,17.899999618530273,1686.0,48.31736755371094,12.869999885559082,17.490741729736328,25.646507263183594,295.1000061035156,188.3002166748047,51.63734817504883,175.48814392089844
2025-06-25,45.48202133178711,14.914366722106934,1.0750000476837158,20.075748443603516,6.10699462890625,17.826719284057617,15.369651794433594,15.710000038146973,171.5399932861328,67.9000015258789,172.21868896484375,40.06538391113281,420.3500061035156,0.8595026731491089,204.6652679443359,240.5467834472656,244.8999938964844,297.6000061035156,1581.5,3.384999990463257,13.498393058776855,16.573219299316406,7.7726593017578125,209.47897338867188,17.983367919921875,32.91435623168945,2.740000009536743,393.5406494140625,29.822235107421875,13.954853057861328,8.320612907409668,31.030548095703125,55.5,49.869422912597656,17.895000457763672,1738.0,47.15074920654297,12.239999771118164,17.41498374938965,25.148420333862305,281.3500061035156,191.08985900878903,51.42096328735352,175.6376953125
2025-06-26,45.76945877075195,14.360097885131836,1.1349999904632568,19.7775936126709,6.126034736633301,17.76433753967285,15.170906066894531,15.8100004196167,176.10000610351562,68.30000305175781,171.12136840820312,39.583831787109375,417.0499877929687,0.8504152297973633,202.37794494628903,244.05661010742188,249.1999969482422,299.3999938964844,1568.5,3.4000000953674316,13.468920707702637,16.530418395996094,7.836895942687988,208.88497924804688,18.03247833251953,33.13193893432617,2.740000009536743,395.333984375,29.06156349182129,13.55897045135498,8.518501281738281,30.64878273010254,54.5,49.31008529663086,17.989999771118164,1864.5,48.6090202331543,12.109999656677246,17.39604377746582,25.71623992919922,279.6499938964844,191.4883728027344,51.64718246459961,172.74612426757812
2025-06-27,46.04731369018555,14.522231101989746,1.0299999713897705,19.7775936126709,6.102234840393066,17.94367790222168,15.28868007659912,16.014999389648438,178.1999969482422,69.5,171.46055603027344,39.87594223022461,416.3999938964844,0.8515877723693848,205.2619476318359,241.9803771972656,246.1000061035156,297.6000061035156,1575.5,3.569999933242798,13.586810111999512,16.872821807861328,8.069282531738281,207.2020263671875,18.48034286499023,32.64732360839844,2.740000009536743,395.9317626953125,29.06156349182129,13.756911277770996,8.400888442993164,31.617874145507812,54.5,49.094200134277344,18.125,1751.0,48.997894287109375,11.699999809265137,17.59490966796875,25.641525268554688,275.1000061035156,193.87950134277344,51.657020568847656,175.0893096923828
2025-06-30,46.59344100952149,14.765430450439451,1.0950000286102295,19.876977920532227,6.2783522605896,17.95732307434082,15.490403175354004,16.065000534057617,177.25999450683594,68.69999694824219,174.63279724121094,39.87594223022461,413.3999938964844,0.8504152297973633,205.1625061035156,244.5509490966797,248.3999938964844,300.6000061035156,1618.5,3.7200000286102295,13.518041610717772,16.711132049560547,8.077784538269043,209.6769561767578,18.28587532043457,33.13193893432617,2.740000009536743,397.1273498535156,29.06156349182129,13.954853057861328,8.458762168884277,31.0697021484375,56.0,48.996070861816406,18.239999771118164,1797.0,48.31736755371094,12.595000267028809,17.613847732543945,25.835779190063477,269.29998779296875,191.88690185546875,51.243919372558594,176.63478088378906
2025-07-01,45.97066116333008,14.520345687866213,1.0399999618530271,20.075748443603516,6.159353733062744,18.354990005493164,15.246414184570312,15.949999809265137,172.32000732421875,68.0,176.04931640625,39.18843078613281,414.75,0.8677108287811279,201.6818084716797,243.3645172119141,239.6999969482422,295.79998779296875,1588.0,3.5399999618530273,13.547513961791992,16.611265182495117,7.989931583404541,208.29098510742188,18.301589965820312,32.855018615722656,2.740000009536743,403.5036926269531,28.86652183532715,13.855881690979004,8.61744499206543,31.0207576751709,50.0,48.50542449951172,18.059999465942383,1702.5,47.24796676635742,12.524999618530272,17.89794158935547,25.38252067565918,256.95001220703125,189.69503784179688,51.48981094360352,175.23886108398438
2025-07-02,47.26412582397461,14.55239486694336,1.0850000381469729,20.274518966674805,6.2117133140563965,18.226333618164062,15.450057983398438,16.270000457763672,175.17999267578125,68.5999984741211,179.58070373535156,39.286643981933594,407.7999877929687,0.8823680877685547,200.19007873535156,244.4520721435547,238.1000061035156,287.3999938964844,1574.5,3.559999942779541,13.730242729187012,17.210468292236328,8.345123291015625,210.7659149169922,18.608022689819336,32.49897384643555,2.740000009536743,402.7066650390625,28.788503646850582,13.954853057861328,8.67158317565918,30.95223617553711,47.20000076293945,48.7703742980957,17.934999465942383,1729.5,48.997894287109375,13.5,17.680137634277344,26.722375869750977,267.0,197.0676422119141,52.502891540527344,176.08639526367188
2025-07-03,48.4617805480957,14.980351448059082,1.100000023841858,20.075748443603516,6.259312629699707,18.518733978271484,15.797789573669434,16.149999618530273,176.75999450683594,69.25,180.85757446289065,40.0723762512207,412.2000122070313,0.8706422448158264,201.5823516845703,249.9705047607422,243.1000061035156,294.20001220703125,1581.0,3.4800000190734863,13.736138343811035,17.05828857421875,8.497213363647461,214.329833984375,18.798561096191406,33.03303909301758,2.740000009536743,402.1088562011719,28.96404457092285,13.855881690979004,8.589441299438477,30.85434913635254,45.79999923706055,49.72222900390625,18.145000457763672,1698.5,48.997894287109375,14.229999542236328,18.011579513549805,27.34498405456543,266.54998779296875,200.75393676757812,52.4930534362793,179.72576904296875
2025-07-04,48.193504333496094,14.978466033935549,1.024999976158142,20.274518966674805,6.2783522605896,18.518733978271484,15.870794296264648,15.880000114440918,175.3800048828125,68.5999984741211,179.84005737304688,40.36702728271485,409.0,0.8674176931381226,201.5823516845703,248.57847595214844,244.1999969482422,291.20001220703125,1584.0,3.450000047683716,13.67719268798828,17.167667388916016,8.41030502319336,213.0428771972656,18.676774978637695,32.57809066772461,2.740000009536743,400.5147705078125,29.12007713317871,13.954853057861328,8.665984153747559,30.824981689453125,46.0,49.58484649658203,18.03499984741211,1755.0,48.02571487426758,14.140000343322754,18.238855361938477,27.08597946166992,262.0,197.46615600585935,52.09962844848633,180.32403564453125
2025-07-07,48.308475494384766,15.08215618133545,1.065000057220459,20.274518966674805,6.32595157623291,18.58306121826172,15.801633834838867,15.9399995803833,177.27999877929688,69.05000305175781,178.80259704589844,40.46524429321289,408.9500122070313,0.8794366121292114,201.5823516845703,246.58984375,246.8999938964844,296.20001220703125,1572.5,3.424999952316284,13.612353324890137,17.476781845092773,8.517050743103027,217.79476928710935,18.826061248779297,32.40007019042969,2.740000009536743,399.7177429199219,29.12007713317871,13.954853057861328,8.499832153320312,30.34532928466797,46.0,50.53670501708984,18.204999923706055,1803.0,48.22014617919922,13.975000381469728,18.65553092956543,27.165672302246097,251.6000061035156,194.27801513671875,50.93901443481445,181.1715545654297
2025-07-08,48.82586288452149,14.963383674621582,1.0549999475479126,20.274518966674805,6.140314102172852,18.713668823242188,15.993749618530272,16.020000457763672,178.9199981689453,69.0999984741211,178.56317138671875,40.56346130371094,408.6000061035156,0.8518809080123901,201.5823516845703,241.817138671875,245.3999938964844,297.0,1664.5,3.5250000953674316,13.86778163909912,17.01073455810547,8.445257186889648,216.11181640625,18.96552848815918,32.69677734375,2.740000009536743,400.5147705078125,29.12007713317871,13.657940864562988,8.602509498596191,30.1397647857666,44.20000076293945,50.3698844909668,18.270000457763672,1830.0,48.997894287109375,14.130000114440918,18.58923721313477,27.613950729370117,252.0,194.27801513671875,51.97176361083984,179.4266357421875
2025-07-09,48.3468017578125,14.987892150878906,1.0299999713897705,20.274518966674805,6.297391891479492,18.96708106994629,15.907297134399414,16.399999618530273,182.36000061035156,70.0,179.56072998046875,41.2509765625,407.5,0.8533466458320618,201.5823516845703,241.3697052001953,247.6000061035156,292.6000061035156,1688.0,3.549999952316284,14.0033540725708,17.09633445739746,8.474541664123535,216.8047790527344,19.427146911621097,32.99348068237305,2.740000009536743,399.1199645996094,29.159086227416992,13.756911277770996,8.714521408081055,30.443218231201172,44.79999923706055,48.07365417480469,18.1299991607666,1860.5,48.51180648803711,14.015000343322754,18.2767333984375,26.98636054992676,252.8999938964844,198.06393432617188,52.4045295715332,178.77853393554688
2025-07-10,48.193504333496094,15.14813995361328,1.0399999618530271,20.274518966674805,6.2259931564331055,18.516782760620117,16.228132247924805,16.25,183.3000030517578,70.9000015258789,181.15684509277344,42.13492584228515,408.7999877929687,0.8677108287811279,200.58787536621097,245.0486602783203,245.8999938964844,292.79998779296875,1673.0,3.839999914169311,14.030861854553224,17.07255744934082,8.777777671813965,218.3887481689453,19.38196563720703,33.03303909301758,2.740000009536743,400.9132995605469,29.412641525268555,13.855881690979004,8.97774887084961,30.27680778503418,43.0,49.12364196777344,18.0,1845.5,51.136688232421875,13.975000381469728,18.447193145751953,28.1568660736084,264.0,196.2705993652344,52.62091827392578,179.07766723632812
2025-07-11,48.404293060302734,15.202813148498535,0.9860000014305116,20.274518966674805,6.378310680389404,18.91444969177246,16.19547462463379,16.0,183.22000122070312,70.69999694824219,180.2789764404297,41.742061614990234,405.0499877929687,0.8726942539215088,200.28952026367188,243.01031494140625,252.0,306.6000061035156,1700.0,3.6050000190734863,14.03675651550293,17.386425018310547,8.868464469909668,218.48773193359375,19.1462459564209,33.349525451660156,2.740000009536743,399.3191833496094,29.334625244140625,13.954853057861328,8.936678886413574,30.668359756469727,43.20000076293945,48.53976821899414,17.985000610351562,1840.0,50.942256927490234,12.800000190734863,18.82598304748535,27.554180145263672,268.75,198.6617126464844,52.98483657836914,180.6231384277344
2025-07-14,48.2893180847168,15.406421661376951,1.0099999904632568,19.7775936126709,6.368791103363037,18.6707820892334,16.249265670776367,16.03499984741211,183.0,71.44999694824219,178.7427215576172,42.72422409057617,408.3500061035156,0.8691765069961548,200.28952026367188,245.9932556152344,254.6000061035156,311.0,1676.0,3.5799999237060547,13.948339462280272,17.486291885375977,9.020554542541504,222.74464416503903,19.00678062438965,33.685787200927734,2.740000009536743,399.1199645996094,29.35412979125977,13.855881690979004,8.97774887084961,30.72709274291992,42.20000076293945,48.52995681762695,18.010000228881836,1880.0,50.74781799316406,13.295000076293944,18.86386489868164,27.150728225708008,271.5,195.27430725097656,52.46354675292969,180.6231384277344
2025-07-15,47.743186950683594,15.168877601623535,0.9900000095367432,19.876977920532227,6.340231418609619,19.220495223999023,16.062911987304688,15.864999771118164,180.13999938964844,70.94999694824219,180.5583038330078,43.31352233886719,407.2999877929687,0.8976116180419922,204.1680145263672,245.69497680664065,248.1999969482422,299.20001220703125,1677.5,3.625,13.946374893188477,18.037940979003903,8.776833534240723,221.65565490722656,19.046066284179688,33.48798370361328,2.740000009536743,396.529541015625,29.568679809570312,14.152793884277344,8.86760425567627,31.1186466217041,41.599998474121094,49.08438873291016,17.729999542236328,1828.0,49.58120346069336,13.789999961853027,19.07749366760254,27.31509780883789,268.0,203.24468994140625,52.60124588012695,180.0747528076172
2025-07-16,47.292869567871094,15.59494972229004,0.9639999866485596,19.876977920532227,6.378310680389404,18.83062744140625,16.15128517150879,15.84000015258789,181.0,70.55000305175781,180.35877990722656,44.29568862915039,401.6000061035156,0.8949733376502991,201.88070678710935,243.95492553710935,249.8000030517578,296.20001220703125,1707.0,3.4049999713897705,13.95423412322998,17.705049514770508,8.927978515625,223.53662109375,19.046066284179688,33.586883544921875,2.740000009536743,393.9391479492187,29.568679809570312,13.954853057861328,9.050557136535645,31.20674514770508,40.79999923706055,49.60447311401367,17.854999542236328,1828.0,48.41458511352539,14.154999732971191,18.86711311340332,26.77218437194824,277.29998779296875,203.74282836914065,52.217655181884766,179.47650146484375
2025-07-17,47.43658828735352,15.794787406921388,1.034999966621399,20.075748443603516,6.46875,19.395936965942383,16.23581886291504,15.979999542236328,185.27999877929688,71.25,181.4561004638672,43.90282440185547,405.5499877929687,0.873866856098175,199.0961456298828,248.47903442382812,250.0,295.79998779296875,1725.0,3.490000009536743,13.899218559265137,17.942829132080078,9.017720222473145,225.9125518798828,19.22678565979004,33.30996322631836,2.740000009536743,395.7325134277344,29.568679809570312,14.251764297485352,9.110297203063965,31.059911727905273,41.79999923706055,48.96663284301758,17.924999237060547,1841.0,50.358943939208984,16.3799991607666,18.82886505126953,27.5492000579834,274.8500061035156,212.21136474609375,52.09962844848633,180.4735870361328
2025-07-18,47.10124588012695,15.917329788208008,1.0099999904632568,19.876977920532227,6.383070945739746,19.30431747436523,16.245424270629883,16.094999313354492,186.22000122070312,71.75,181.1368865966797,43.608177185058594,408.25,0.8797297477722168,199.0961456298828,247.98187255859375,250.0,295.0,1735.0,3.555000066757202,13.914937019348145,18.294742584228516,8.91569709777832,227.0015411376953,19.29357147216797,33.40886306762695,2.740000009536743,395.7325134277344,29.393136978149418,14.35073471069336,8.942279815673828,31.196956634521484,42.0,48.78509140014648,17.899999618530273,1835.5,50.55338287353515,16.309999465942383,19.058368682861328,27.872955322265625,284.3500061035156,206.73171997070312,52.276668548583984,181.7698211669922
2025-07-21,47.49407577514648,15.583636283874512,1.0099999904632568,19.876977920532227,6.378310680389404,19.78093147277832,16.51630973815918,16.145000457763672,186.02000427246097,71.8499984741211,181.89501953125,43.01887512207031,406.2000122070313,0.8908693194389343,193.92481994628903,249.0756378173828,245.6000061035156,288.0,1729.5,3.5250000953674316,13.909042358398438,18.18536376953125,9.029056549072266,222.74464416503903,19.29357147216797,33.40886306762695,2.740000009536743,404.89849853515625,29.4516544342041,14.35073471069336,8.983349800109863,31.23611068725586,40.79999923706055,49.38859176635742,17.854999542236328,1815.0,51.720001220703125,15.829999923706056,19.029680252075195,28.29633140563965,281.75,205.23727416992188,51.99143600463867,180.57330322265625
2025-07-22,46.53595352172851,15.281993865966797,0.9399999976158142,19.876977920532227,6.18791389465332,19.370595932006836,16.389511108398438,16.065000534057617,181.32000732421875,71.30000305175781,181.6955108642578,43.4117431640625,407.9500122070313,0.9257535934448242,193.92481994628903,246.8384246826172,244.8000030517578,276.3999938964844,1729.0,3.4200000762939453,13.918867111206056,17.84296226501465,9.277502059936523,222.9426422119141,19.199283599853516,33.201171875,2.740000009536743,400.5147705078125,29.432146072387695,14.449706077575684,9.376324653625488,30.609628677368164,40.79999923706055,49.51615524291992,18.350000381469727,1754.0,52.49774169921875,14.789999961853027,18.809738159179688,28.05226707458496,283.3999938964844,199.25949096679688,51.93241882324219,177.93099975585938
2025-07-23,47.35993957519531,15.355520248413086,0.8999999761581421,19.876977920532227,6.145074367523193,18.89690589904785,16.639265060424805,16.09000015258789,183.3800048828125,71.1500015258789,181.4960174560547,43.80460739135742,411.2999877929687,0.9242879152297974,189.79769897460935,250.11965942382812,239.1000061035156,266.20001220703125,1804.5,3.515000104904175,14.048545837402344,17.938074111938477,9.52405834197998,223.53662109375,19.600006103515625,33.1517219543457,2.740000009536743,398.721435546875,29.618614196777344,14.35073471069336,9.516339302062988,30.883712768554688,41.79999923706055,49.69279098510742,18.5,1754.0,53.46992492675781,17.200000762939453,18.761926651000977,26.876781463623047,283.0,203.24468994140625,52.46354675292969,179.47650146484375
2025-07-24,47.81025695800781,15.429044723510742,0.8600000143051147,20.274518966674805,6.140314102172852,19.460264205932617,16.80448341369629,16.43000030517578,182.6000061035156,71.80000305175781,181.8750915527344,43.4117431640625,412.9500122070313,0.9377725124359132,189.79769897460935,251.56141662597656,238.1000061035156,272.79998779296875,1810.0,3.5,14.1467866897583,17.876251220703125,9.926484107971191,231.6544189453125,19.87893867492676,33.06270980834961,2.740000009536743,399.1199645996094,29.618614196777344,14.152793884277344,9.530341148376465,30.962024688720703,41.400001525878906,49.67316436767578,18.73500061035156,1745.5,52.88661575317383,17.065000534057617,19.14443016052246,22.4089412689209,261.04998779296875,204.2409820556641,50.61443710327149,174.44119262695312
2025-07-25,47.58030700683594,15.466752052307127,0.8840000033378601,20.274518966674805,6.126034736633301,18.94563865661621,16.894779205322266,16.31999969482422,180.1999969482422,70.25,181.55584716796875,43.80460739135742,410.7000122070313,0.9635693430900574,190.39437866210935,252.30714416503903,240.1999969482422,263.79998779296875,1809.0,3.4200000762939453,14.404180526733398,18.171096801757812,9.826350212097168,226.11056518554688,19.87893867492676,32.77589416503906,2.740000009536743,399.9169921875,29.618614196777344,14.152793884277344,9.54434299468994,30.89350318908691,42.599998474121094,49.849796295166016,18.670000076293945,1734.0,52.10886764526367,16.25,19.029680252075195,22.159896850585938,270.5,208.2261657714844,50.486576080322266,169.80471801757812
2025-07-28,48.76837921142578,15.64773654937744,0.9200000166893004,20.473289489746097,6.073675632476807,19.29457092285156,17.313594818115234,16.190000534057617,177.63999938964844,70.1500015258789,184.00987243652344,44.09925842285156,416.3500061035156,0.9383588433265686,199.7922821044922,255.68780517578125,229.6999969482422,270.79998779296875,1870.5,3.4000000953674316,14.486703872680664,17.9095401763916,9.43903923034668,231.6544189453125,19.795455932617188,32.67699432373047,2.740000009536743,403.9021911621094,29.44196128845215,14.251764297485352,9.465001106262209,30.570472717285156,43.400001525878906,50.04605484008789,18.684999465942383,1677.0,51.720001220703125,15.800000190734863,18.943614959716797,22.767562866210938,281.5,209.22247314453125,51.53899383544922,167.56126403808594
2025-07-29,49.1899528503418,15.7080659866333,0.8980000019073486,20.672056198120117,6.0022759437561035,18.91834831237793,17.0561580657959,16.21500015258789,179.44000244140625,64.3499984741211,182.9723968505859,44.09925842285156,418.5,0.9418766498565674,197.107177734375,255.8369598388672,235.8999938964844,269.3999938964844,1820.0,3.3350000381469727,14.545647621154783,17.7954044342041,9.610966682434082,232.4464111328125,20.095014572143555,33.07259750366211,2.740000009536743,405.8948059082031,29.28493881225586,14.251764297485352,9.488336563110352,31.30463218688965,42.79999923706055,50.3698844909668,18.895000457763672,1735.0,53.27548599243164,15.65999984741211,19.125307083129883,22.852237701416016,278.54998779296875,208.7243194580078,51.66685485839844,170.1536865234375
2025-07-30,47.98271942138672,15.762737274169922,0.8399999737739563,20.274518966674805,6.111754894256592,19.214649200439453,17.227142333984375,16.405000686645508,178.86000061035156,65.1500015258789,182.1144866943359,45.572509765625,415.5499877929687,0.9536024332046508,201.6818084716797,259.0187683105469,234.8999938964844,273.3999938964844,1771.0,3.200000047683716,14.63210105895996,17.638471603393555,9.446596145629885,234.22836303710935,20.198143005371097,33.12205123901367,2.740000009536743,406.89111328125,29.343822479248047,14.449706077575684,9.315651893615724,31.216533660888672,42.79999923706055,52.70536422729492,18.975000381469727,1732.5,50.55338287353515,14.850000381469728,18.962739944458008,22.872159957885746,277.8500061035156,211.2150726318359,51.43080139160156,166.06561279296875
2025-07-31,48.67256546020508,15.58929443359375,0.7620000243186951,20.473289489746097,5.9784770011901855,19.05480194091797,17.240591049194336,16.149999618530273,176.0399932861328,65.05000305175781,182.4935607910156,46.161808013916016,415.1499938964844,0.9257535934448242,203.3724365234375,257.77587890625,236.3000030517578,274.0,1754.5,3.075000047683716,14.647819519042969,17.647981643676758,9.339850425720217,238.58425903320312,20.11465835571289,34.091285705566406,2.740000009536743,402.9059143066406,29.343822479248047,14.548675537109377,9.050557136535645,31.666818618774418,43.0,53.36283493041992,18.96500015258789,1735.5,49.58120346069336,15.380000114440918,19.10618019104004,22.36909294128418,271.0,211.7132110595703,51.16523742675781,165.61692810058594
2025-08-01,46.114383697509766,15.738228797912598,0.7440000176429749,19.876977920532227,5.8547186851501465,19.008018493652344,17.06960678100586,15.920000076293944,169.10000610351562,63.75,174.77244567871094,46.45645523071289,410.0,0.9242879152297974,203.86968994140625,250.268798828125,236.0,271.3999938964844,1740.0,3.0999999046325684,14.44151210784912,17.167667388916016,9.343628883361816,237.4952850341797,19.270000457763672,33.596778869628906,2.740000009536743,397.5258483886719,28.970890045166016,14.746617317199709,8.996417999267578,31.69618797302246,41.79999923706055,53.127323150634766,18.80500030517578,1707.5,50.358943939208984,14.270000457763672,18.962739944458008,21.612001419067383,262.0,201.25209045410156,50.2308464050293,165.86619567871094
2025-08-04,47.005523681640625,15.80609893798828,0.7620000243186951,19.380054473876953,5.88803768157959,18.77409553527832,17.22330093383789,16.05500030517578,172.32000732421875,64.5999984741211,174.93206787109375,46.5546760559082,397.75,0.9184249639511108,204.46636962890625,251.6111297607422,235.3000030517578,272.79998779296875,1726.5,3.059999942779541,14.412039756774902,16.7729549407959,9.626081466674805,236.60430908203125,19.513999938964844,33.824249267578125,2.740000009536743,400.5147705078125,29.16716957092285,14.548675537109377,9.136433601379396,31.37315368652344,39.79999923706055,52.54835891723633,19.219999313354492,1765.0,49.38676452636719,14.765000343322754,18.52286148071289,21.681732177734375,268.45001220703125,204.2409820556641,50.73246765136719,160.63148498535156
2025-08-05,47.26993179321289,15.89659309387207,0.8399999737739563,19.57882499694824,5.873758316040039,18.664934158325195,17.328964233398438,16.079999923706055,175.1999969482422,64.69999694824219,175.31114196777344,46.947540283203125,401.25,0.9333754181861876,208.0465087890625,248.57847595214844,238.1000061035156,269.3999938964844,1751.0,3.2799999713897705,14.486703872680664,16.511398315429688,9.527837753295898,241.15821838378903,19.663999557495117,34.03194046020508,2.740000009536743,403.3044128417969,29.40270614624023,14.845587730407717,9.474334716796877,31.45146751403809,39.20000076293945,53.02919387817383,19.420000076293945,1769.0,50.358943939208984,15.875,18.73323631286621,21.5223445892334,267.70001220703125,201.750244140625,51.047210693359375,160.48190307617188
2025-08-06,46.97614669799805,15.78913116455078,0.8059999942779541,19.280668258666992,5.983236312866211,18.78189468383789,17.200244903564453,16.280000686645508,177.89999389648438,64.9000015258789,183.4113311767578,47.34040832519531,400.9500122070313,0.9269261956214904,206.75369262695312,250.3682403564453,235.8000030517578,269.79998779296875,1745.0,3.319999933242798,14.63210105895996,16.47810935974121,9.65820026397705,235.0203399658203,19.75,34.041831970214844,2.740000009536743,402.9059143066406,29.618614196777344,15.04352855682373,9.334321022033691,31.431888580322266,38.400001525878906,53.08806991577149,19.56999969482422,1783.5,50.16450881958008,15.095000267028809,18.81930160522461,21.2185115814209,272.79998779296875,197.86468505859375,51.63734817504883,162.1769561767578
2025-08-07,46.96635437011719,15.928643226623535,0.7519999742507935,19.280668258666992,5.726200103759766,18.7331600189209,16.8582763671875,16.395000457763672,177.39999389648438,65.25,187.9601898193359,47.34040832519531,400.9500122070313,0.9272193908691406,201.78125,247.3852996826172,231.1999969482422,268.3999938964844,1854.5,3.109999895095825,14.545647621154783,15.63161277770996,9.673315048217772,230.56544494628903,20.204999923706055,34.071502685546875,2.740000009536743,402.1088562011719,29.618614196777344,14.845587730407717,9.380992889404297,30.83477020263672,38.0,53.4805908203125,19.770000457763672,1641.0,49.97007369995117,14.800000190734863,18.45591926574707,21.278284072875977,273.54998779296875,207.22987365722656,51.51932144165039,160.88075256347656
2025-08-08,46.57464218139648,15.760851860046388,0.765999972820282,18.78374481201172,5.678600788116455,18.505088806152344,17.12339973449707,16.920000076293945,176.22000122070312,65.80000305175781,196.4593963623047,48.027923583984375,397.3999938964844,0.9313234090805054,201.98065185546875,246.5401306152344,228.6000061035156,264.6000061035156,1839.0,3.0999999046325684,14.539753913879396,15.137032508850098,9.873581886291504,231.25845336914065,20.510000228881836,34.338539123535156,2.740000009536743,402.50738525390625,29.618614196777344,13.756911277770996,9.455666542053224,30.873926162719727,37.400001525878906,53.85348129272461,19.709999084472656,1620.5,51.136688232421875,14.550000190734863,18.46548080444336,21.681732177734375,283.20001220703125,205.7354278564453,51.84389877319336,159.88365173339844
2025-08-11,47.01531600952149,15.70052433013916,0.7239999771118164,19.081899642944336,5.759520053863525,18.664934158325195,17.067684173583984,17.045000076293945,175.8000030517578,65.5999984741211,195.86007690429688,47.92970657348633,399.5499877929687,0.9266330599784852,198.5910491943359,248.1807556152344,226.8999938964844,265.20001220703125,1869.5,3.1600000858306885,14.51421070098877,14.908764839172363,10.083296775817873,231.35743713378903,20.725000381469727,34.58578872680664,2.740000009536743,401.112548828125,29.952289581298828,13.855881690979004,9.455666542053224,29.83631134033203,37.599998474121094,55.62962341308594,19.665000915527344,1545.5,51.33112716674805,15.005000114440918,18.934051513671875,21.432689666748047,292.8500061035156,209.7206268310547,51.657020568847656,165.0186767578125
2025-08-12,47.49516677856445,15.663663864135742,0.7099999785423279,19.236087799072266,5.954677104949951,18.66688346862793,16.986995697021484,17.0,180.86000061035156,65.4000015258789,196.4593811035156,48.91187286376953,404.0,0.9330822825431824,198.39166259765625,249.4733428955078,230.8000030517578,265.6000061035156,1980.0,3.200000047683716,14.65764331817627,14.552095413208008,10.304347038269045,229.6744842529297,20.895000457763672,34.85282516479492,2.740000009536743,404.69927978515625,30.089685440063477,13.855881690979004,9.581680297851562,29.83631134033203,37.20000076293945,55.403926849365234,19.8700008392334,1563.0,51.720001220703125,15.5,18.67586326599121,22.329246520996097,291.0,208.7243194580078,52.29633712768555,165.5172119140625
2025-08-13,47.837913513183594,16.09628677368164,0.7300000190734863,19.03675079345703,5.711920261383057,18.427114486694336,16.84290885925293,17.030000686645508,179.55999755859375,65.19999694824219,199.9254913330078,48.61722183227539,407.3500061035156,0.9339616894721984,196.99594116210935,247.5344390869141,231.6999969482422,271.79998779296875,1967.0,3.1549999713897705,14.677291870117188,14.323827743530272,10.396924018859863,228.4864959716797,21.145000457763672,34.98139190673828,2.740000009536743,402.50738525390625,30.089685440063477,13.855881690979004,9.605015754699709,29.738422393798828,37.79999923706055,54.56001281738281,19.96500015258789,1597.0,51.91443634033203,15.949999809265137,18.5706729888916,22.1051082611084,291.8500061035156,205.23727416992188,51.64718246459961,163.37347412109375
2025-08-14,47.86729431152344,16.01286506652832,0.7300000190734863,19.335756301879883,5.8547186851501465,18.59670639038086,17.006208419799805,17.135000228881836,183.77999877929688,65.0999984741211,199.43605041503903,48.027923583984375,409.0,0.9269261956214904,196.99594116210935,249.0756378173828,237.6000061035156,274.79998779296875,1937.5,3.1449999809265137,14.70872974395752,14.361871719360352,10.221217155456545,232.94140625,21.145000457763672,35.01106643676758,2.740000009536743,408.6844787597656,30.089685440063477,14.152793884277344,9.54434299468994,30.374696731567383,39.20000076293945,55.32542419433594,20.190000534057617,1641.0,51.720001220703125,15.239999771118164,18.92449188232422,22.025413513183594,286.20001220703125,205.7354278564453,51.706199645996094,164.272216796875
2025-08-15,48.60175704956055,15.882884979248049,0.7099999785423279,19.634763717651367,5.8118791580200195,18.838424682617188,17.19063949584961,17.110000610351562,186.8800048828125,65.25,197.71798706054688,48.4207878112793,408.0,0.9219427108764648,197.39471435546875,247.68359375,237.3000030517578,274.79998779296875,1904.0,3.109999895095825,14.70872974395752,14.64720630645752,10.240110397338867,226.9025421142578,21.329999923706055,34.714359283447266,2.740000009536743,410.278564453125,29.952289581298828,14.053823471069336,9.533763885498049,30.638992309570312,38.79999923706055,55.23711013793945,20.190000534057617,1621.0,53.599998474121094,14.664999961853027,18.82154655456543,21.950700759887695,281.54998779296875,204.2409820556641,52.59141159057617,162.92408752441406
2025-08-18,47.475582122802734,16.03614616394043,0.6660000085830688,19.53509521484375,5.711920261383057,19.00606918334961,17.046552658081055,16.790000915527344,184.22000122070312,65.1500015258789,198.19744873046875,48.61722183227539,409.25,0.9137346744537354,197.0457763671875,248.0813140869141,238.8000030517578,276.20001220703125,1850.5,3.140000104904175,14.685151100158691,14.071781158447266,10.230664253234863,230.16944885253903,21.165000915527344,35.446231842041016,2.740000009536743,409.6807861328125,30.05043029785156,13.855881690979004,9.397211074829102,30.53131675720215,39.0,55.26654815673828,20.18000030517578,1648.0,51.400001525878906,14.199999809265137,18.444921493530273,22.13997459411621,288.0,205.7354278564453,52.1488037109375,160.32769775390625
2025-08-19,48.64092254638672,15.74708366394043,0.6100000143051147,19.335756301879883,5.726200103759766,18.501190185546875,17.10418701171875,16.950000762939453,183.83999633789065,65.6500015258789,197.01876831054688,48.32257461547851,414.5,0.9061128497123718,196.896240234375,248.92648315429688,230.0,270.0,1818.5,3.109999895095825,14.738202095031738,14.095558166503906,10.20799160003662,228.78350830078125,21.344999313354492,35.1396369934082,2.740000009536743,410.8763427734375,30.12894058227539,13.55897045135498,9.429906845092772,30.64878273010254,39.0,55.82588577270508,20.280000686645508,1568.0,51.20000076293945,13.19499969482422,18.58012008666992,22.239591598510746,283.20001220703125,199.7576446533203,52.817630767822266,161.02671813964844
2025-08-20,48.31776428222656,16.090465545654297,0.6100000143051147,19.335756301879883,5.816638946533203,18.69807243347168,17.246355056762695,17.100000381469727,179.13999938964844,65.5,193.76242065429688,49.01008987426758,419.8999938964844,0.9152003526687622,196.896240234375,247.23614501953125,228.3999938964844,263.3999938964844,1835.5,3.1050000190734863,14.820725440979004,14.204937934875488,9.99827766418457,230.76345825195312,21.290000915527344,36.07919692993164,2.740000009536743,412.2711791992187,30.12894058227539,13.756911277770996,9.554920196533203,30.922870635986328,38.599998474121094,56.816993713378906,20.290000915527344,1557.5,52.0,12.69499969482422,18.73463249206543,22.050317764282227,278.0,194.27801513671875,53.122535705566406,164.02256774902344
2025-08-21,48.50382614135742,16.07300567626953,0.671999990940094,19.4354248046875,5.802359104156494,18.74680519104004,17.159900665283203,16.969999313354492,180.9199981689453,65.6500015258789,193.68251037597656,49.30474090576172,420.5499877929687,0.9266330599784852,201.0834045410156,250.0699462890625,230.8000030517578,269.6000061035156,1829.5,3.0950000286102295,14.89145851135254,14.361871719360352,10.158869743347168,233.53536987304688,21.440000534057617,35.9900016784668,2.740000009536743,413.0682373046875,30.39556884765625,13.855881690979004,9.37220859527588,31.48083114624023,38.20000076293945,56.954376220703125,20.36000061035156,1608.5,51.599998474121094,12.68000030517578,18.47389030456543,22.289400100708008,276.95001220703125,194.676513671875,53.3979377746582,164.07249450683594
2025-08-22,48.1317024230957,16.193286895751953,0.6499999761581421,19.53509521484375,5.82615852355957,18.49144172668457,17.00428581237793,17.05500030517578,180.72000122070312,66.4000015258789,194.6414337158203,49.50117492675781,416.4500122070313,0.9351342916488647,205.9684295654297,250.02023315429688,231.0,275.20001220703125,1852.5,3.2249999046325684,14.960227012634276,14.485516548156738,10.232553482055664,233.43638610839844,21.325000762939453,36.11000061035156,2.740000009536743,410.6770935058594,31.422578811645508,13.855881690979004,9.683780670166016,31.833229064941406,38.599998474121094,57.30764389038086,20.329999923706055,1622.5,51.79999923706055,13.279999732971191,18.94708824157715,23.34534454345703,287.5,199.06024169921875,53.73234939575195,165.7701416015625
2025-08-25,50.1588134765625,15.74514389038086,0.6700000166893005,19.634763717651367,5.711920261383057,18.838424682617188,17.08881950378418,16.549999237060547,180.5399932861328,65.69999694824219,195.54042053222656,48.2243537902832,412.7000122070313,0.9272193908691406,202.87789916992188,251.46197509765625,233.8000030517578,271.3999938964844,1848.0,3.1700000762939453,14.977911949157717,14.566361427307127,10.38180923461914,232.7433929443359,21.145000457763672,36.150001525878906,2.740000009536743,407.6881713867187,30.8300724029541,13.954853057861328,9.71743869781494,31.67660903930664,39.79999923706055,56.846431732177734,20.43000030517578,1650.0,53.599998474121094,13.0,18.71531867980957,23.43998146057129,299.6000061035156,202.24838256835935,53.211055755615234,167.7673797607422
2025-08-26,50.47218322753906,15.756783485412598,0.6660000085830688,19.73443031311035,5.735720157623291,18.51288414001465,17.275171279907227,15.649999618530272,179.8800048828125,63.900001525878906,196.35951232910156,48.4207878112793,418.3999938964844,0.9538955688476562,203.97454833984375,252.7545928955078,224.6000061035156,275.79998779296875,1804.0,3.0299999713897705,14.922895431518556,14.471250534057615,10.028507232666016,235.6143341064453,20.864999771118164,36.13999938964844,2.740000009536743,411.07562255859375,30.33631706237793,13.756911277770996,9.722247123718262,31.627666473388672,39.400001525878906,55.97307968139648,20.5,1635.5,53.0,13.210000038146973,18.56080436706543,23.270631790161133,302.25,204.2409820556641,52.04061126708984,165.7701416015625
2025-08-27,51.784420013427734,15.970186233520508,0.8360000252723694,19.93376922607422,5.821398735046387,18.368635177612305,17.54413604736328,15.5600004196167,178.25999450683594,63.75,197.7779083251953,48.2243537902832,425.5,0.9278056025505066,206.2675018310547,256.1849670410156,224.6000061035156,272.6000061035156,1825.0,3.1050000190734863,14.956297874450684,14.580628395080566,10.064404487609863,235.91131591796875,20.7450008392334,36.290000915527344,2.740000009536743,415.2600708007813,30.435068130493164,13.855881690979004,9.741479873657228,31.37315368652344,39.0,56.58148193359375,20.200000762939453,1635.5,52.599998474121094,13.364999771118164,18.995372772216797,23.161052703857425,300.0,203.24468994140625,52.3356819152832,169.3651580810547
2025-08-28,51.64732360839844,16.2902889251709,0.75,19.8341007232666,5.883277893066406,18.518733978271484,17.24443244934082,15.6899995803833,178.6199951171875,63.599998474121094,198.9765625,47.733272552490234,426.5,0.9225290417671204,206.2675018310547,256.03582763671875,225.8999938964844,272.3999938964844,1812.0,3.0899999141693115,14.913071632385254,14.64720630645752,10.20610237121582,232.4464111328125,20.579999923706055,35.75,2.740000009536743,408.88372802734375,30.770822525024418,13.855881690979004,9.698205947875977,31.529775619506836,40.20000076293945,55.82588577270508,20.1200008392334,1637.5,53.0,13.9350004196167,18.68634796142578,23.69400405883789,296.8999938964844,202.7465362548828,52.22748947143555,166.7188262939453
2025-08-29,51.25560760498047,15.995405197143556,0.7200000286102295,19.93376922607422,5.897557735443115,18.559669494628903,17.33088493347168,15.630000114440918,179.05999755859375,63.150001525878906,198.8567047119141,46.947540283203125,432.25,0.8911623954772949,206.2675018310547,257.2787170410156,224.8999938964844,269.0,1753.5,3.0799999237060547,14.973980903625488,14.62342929840088,10.241999626159668,235.91131591796875,20.354999542236328,36.13999938964844,2.740000009536743,412.2711791992187,30.770822525024418,13.855881690979004,9.765521049499512,31.32421112060547,39.599998474121094,56.03195571899414,20.010000228881836,1637.5,53.599998474121094,13.470000267028809,18.811887741088867,23.161052703857425,284.6000061035156,196.07135009765625,52.62091827392578,164.7715301513672
2025-09-01,51.17726516723633,16.259246826171875,0.734000027179718,19.8341007232666,5.88803768157959,18.52068328857422,17.261722564697266,15.619999885559082,182.0,62.900001525878906,197.7779083251953,47.536842346191406,433.5499877929687,0.8609684705734253,206.2675018310547,255.8369598388672,223.3000030517578,269.6000061035156,1766.5,3.065000057220459,15.04864501953125,14.8041410446167,10.236000061035156,231.6544189453125,20.510000228881836,35.720001220703125,2.740000009536743,405.2970275878906,31.16582679748535,13.55897045135498,9.688589096069336,31.471044540405273,39.400001525878906,56.453914642333984,20.030000686645508,1748.5,53.0,13.399999618530272,19.034000396728516,22.971778869628903,285.1499938964844,195.87208557128903,52.571739196777344,163.92269897460938
2025-09-02,50.609283447265625,16.199108123779297,0.6819999814033508,19.93376922607422,5.783318996429443,18.573314666748047,17.240591049194336,15.404999732971191,179.16000366210938,61.79999923706055,196.4593811035156,46.06359100341797,429.75,0.8776777386665344,206.46690368652344,253.25173950195312,219.3999938964844,267.0,1799.5,2.950000047683716,14.895387649536133,14.632940292358398,10.041999816894531,235.91131591796875,20.405000686645508,35.400001525878906,2.740000009536743,405.8948059082031,31.146076202392575,13.657940864562988,9.59338665008545,31.980060577392575,39.400001525878906,56.70905303955078,19.584999084472656,1749.0,52.599998474121094,12.69499969482422,18.927772521972656,22.100126266479492,282.5,194.47726440429688,52.65042495727539,163.1238250732422
2025-09-03,51.33395004272461,15.976004600524902,0.6959999799728394,19.8341007232666,5.802359104156494,18.37643241882324,17.25019645690918,15.515000343322754,184.6999969482422,62.20000076293945,202.7223663330078,45.867156982421875,427.8500061035156,0.8803160786628723,206.46690368652344,253.5003204345703,224.0,264.20001220703125,1806.0,2.8399999141693115,14.626205444335938,14.846940994262695,10.154000282287598,231.1594390869141,20.594999313354492,35.400001525878906,2.740000009536743,404.5,30.672069549560547,13.756911277770996,9.731863975524902,31.471044540405273,38.20000076293945,56.10064697265625,19.454999923706055,1754.0,52.599998474121094,13.130000114440918,19.159543991088867,21.71161842346191,287.6000061035156,196.07135009765625,51.91274642944336,164.32215881347656
2025-09-04,52.19571685791016,16.224327087402344,0.6980000138282776,19.93376922607422,5.792839527130127,18.436861038208008,18.02442741394043,15.880000114440918,186.86000061035156,62.79999923706055,205.26950073242188,46.35824203491211,434.1499938964844,0.8603821396827698,205.2705535888672,258.6707458496094,222.1000061035156,268.6000061035156,1784.0,2.819999933242798,14.66550350189209,15.094231605529783,10.402000427246094,230.2684783935547,20.905000686645508,35.68000030517578,2.740000009536743,402.3999938964844,30.672069549560547,13.657940864562988,9.645315170288086,31.510196685791016,38.400001525878906,56.149715423583984,19.729999542236328,1725.0,53.20000076293945,12.800000190734863,19.01468849182129,21.885948181152344,289.79998779296875,200.25579833984375,51.89307403564453,162.67442321777344
2025-09-05,52.0977897644043,16.27864646911621,0.7099999785423279,19.8341007232666,5.892797946929932,18.518733978271484,17.907236099243164,15.6899995803833,183.83999633789065,62.5,204.3205718994141,46.75110626220703,425.0499877929687,0.8680039048194885,200.8840179443359,249.57278442382812,224.1000061035156,269.6000061035156,1814.5,2.880000114440918,14.368813514709473,14.594895362854004,10.43000030517578,227.4821624755859,20.55500030517578,36.029998779296875,2.740000009536743,398.3999938964844,30.672069549560547,13.657940864562988,9.957850456237791,31.519989013671875,37.79999923706055,55.7866325378418,19.725000381469727,1744.5,54.79999923706055,13.460000038146973,19.149885177612305,22.71277236938477,298.0,206.73171997070312,50.96852111816406,162.62451171875
2025-09-08,50.43301010131836,16.07300567626953,0.699999988079071,19.236087799072266,5.8404388427734375,18.479745864868164,18.028270721435547,15.9399995803833,187.82000732421875,62.849998474121094,201.6735382080078,46.5546760559082,423.2999877929687,0.8864721059799194,200.8840179443359,247.68359375,223.6999969482422,270.20001220703125,1804.0,2.865000009536743,14.429722785949709,14.54733943939209,10.404000282287598,231.8606414794922,20.920000076293945,35.86000061035156,2.7899999618530273,402.3999938964844,30.731321334838867,13.55897045135498,9.770329475402832,31.559144973754883,37.0,55.82588577270508,19.7450008392334,1791.0,53.599998474121094,13.104999542236328,19.01468849182129,22.558366775512695,295.1000061035156,209.22247314453125,51.047210693359375,167.01841735839844
2025-09-09,50.628868103027344,15.869305610656738,0.6800000071525574,19.13641929626465,5.8404388427734375,18.395925521850582,17.99753189086914,16.065000534057617,187.5399932861328,63.0,199.77566528320312,46.75110626220703,422.1000061035156,0.8996636271476746,198.5910491943359,252.456298828125,228.1999969482422,269.3999938964844,1804.0,2.9000000953674316,14.681221961975098,14.490272521972656,10.553999900817873,228.0792236328125,21.229999542236328,35.939998626708984,2.7699999809265137,403.6000061035156,30.731321334838867,13.460000038146973,9.669357299804688,31.519989013671875,36.599998474121094,55.4824333190918,19.850000381469727,1779.0,53.599998474121094,13.710000038146973,18.985715866088867,22.17483901977539,296.1000061035156,216.6947021484375,51.87340545654297,161.32630920410156
2025-09-10,51.11851119995117,16.04584503173828,0.7260000109672546,19.335756301879883,5.878518104553223,18.664934158325195,18.408662796020508,16.299999237060547,188.55999755859375,63.650001525878906,193.30294799804688,47.14397430419922,416.5,0.9028882384300232,199.88706970214844,253.8483428955078,236.8999938964844,278.0,1772.5,2.950000047683716,14.694975852966309,14.404672622680664,10.479999542236328,228.87530517578125,21.184999465942383,36.0,2.759999990463257,401.2000122070313,30.770822525024418,13.460000038146973,9.608772277832031,31.89196395874023,36.599998474121094,55.34505081176758,19.790000915527344,1779.0,52.79999923706055,13.68000030517578,18.927772521972656,22.110088348388672,299.1499938964844,221.17803955078125,51.89307403564453,160.77706909179688
2025-09-11,51.431880950927734,15.894524574279783,0.7300000190734863,19.03675079345703,5.759520053863525,18.64543914794922,18.241519927978516,16.489999771118164,194.0,63.95000076293945,196.05984497070312,46.84932327270508,422.5499877929687,0.8914555311203003,200.9837188720703,257.77587890625,245.3999938964844,283.3999938964844,1761.5,2.9800000190734863,14.659608840942385,14.371382713317873,10.435999870300291,236.3386383056641,21.274999618530273,36.0099983215332,2.7699999809265137,404.2000122070313,30.770822525024418,13.800000190734863,9.727055549621582,32.26393508911133,36.20000076293945,55.61981201171875,19.975000381469727,1880.5,52.599998474121094,14.039999961853027,18.879487991333008,22.18480110168457,313.1499938964844,220.6798858642578,51.33243942260742,162.82423400878906
2025-09-12,51.13809585571289,16.01286506652832,0.7799999713897705,19.236087799072266,5.902317523956299,18.470001220703125,18.22999382019043,16.454999923706055,193.22000122070312,63.70000076293945,198.8567047119141,47.536842346191406,422.5,0.8759188652038574,200.9837188720703,259.86395263671875,250.6999969482422,281.79998779296875,1781.0,3.0950000286102295,14.620311737060549,14.338093757629396,10.503999710083008,236.3386383056641,21.559999465942383,36.959999084472656,2.809999942779541,409.3999938964844,30.59307098388672,13.800000190734863,9.562614440917969,32.90999984741211,36.599998474121094,55.61000061035156,20.059999465942383,1896.5,53.0,15.114999771118164,18.77326011657715,22.100126266479492,337.70001220703125,220.6798858642578,51.26359176635742,162.52464294433594
2025-09-15,50.785552978515625,16.42026710510254,0.8180000185966492,19.03675079345703,5.75,18.49799919128418,18.27033805847168,16.7450008392334,196.3000030517578,64.25,200.22515869140625,47.34040832519531,416.8500061035156,0.8797297477722168,200.9837188720703,260.8582458496094,264.8999938964844,302.3999938964844,1801.0,3.240000009536743,14.598698616027832,13.938624382019045,10.592000007629396,236.73666381835935,21.895000457763672,36.45000076293945,2.8499999046325684,407.0,30.988073348999023,13.699999809265137,9.497221946716309,32.779998779296875,35.599998474121094,55.27000045776367,20.219999313354492,1950.0,53.79999923706055,15.5649995803833,18.933141708374023,22.99668312072754,348.0,221.17803955078125,51.71603775024414,161.02671813964844
2025-09-16,50.57011032104492,15.617103576660156,0.7739999890327454,19.13641929626465,5.65500020980835,18.0,17.99753189086914,16.450000762939453,192.9199981689453,63.0,201.02427673339844,46.161808013916016,411.6499938964844,0.8653656244277954,198.34181213378903,259.7148132324219,261.70001220703125,300.6000061035156,1864.5,3.2100000381469727,14.696940422058104,13.619999885559082,10.654000282287598,237.333740234375,21.48500061035156,35.790000915527344,2.7899999618530273,398.7999877929687,30.553571701049805,13.699999809265137,9.333742141723633,32.63999938964844,35.20000076293945,54.61000061035156,20.0,1901.0,53.400001525878906,16.049999237060547,18.717878341674805,22.772544860839844,356.20001220703125,221.5,51.56850051879883,158.6300506591797
2025-09-17,50.23715591430664,15.977945327758787,0.7360000014305115,18.837411880493164,5.614999771118164,17.610000610351562,17.661327362060547,16.270000457763672,191.6999969482422,63.70000076293945,201.62359619140625,46.652889251708984,416.8999938964844,0.8644861578941345,198.24212646484375,262.2005920410156,252.8999938964844,299.20001220703125,1876.0,3.1050000190734863,14.598698616027832,13.675000190734863,10.51200008392334,237.73178100585935,21.424999237060547,35.70000076293945,2.7899999618530273,400.3999938964844,29.724061965942383,13.300000190734863,9.554920196533203,33.04999923706055,35.400001525878906,55.0,19.940000534057617,1888.5,53.20000076293945,19.219999313354492,19.050554275512695,23.03154945373535,360.5,220.0,50.880001068115234,157.2819061279297
2025-09-18,50.96182632446289,15.661723136901855,0.8379999995231628,19.4354248046875,5.579999923706055,17.68400001525879,17.83615493774414,16.299999237060547,191.6999969482422,65.0,201.5736541748047,46.652889251708984,417.3500061035156,0.8680039048194885,198.24212646484375,262.7474365234375,252.5,290.20001220703125,1855.5,3.200000047683716,14.634065628051758,13.350000381469728,10.399999618530272,236.4381561279297,21.44499969482422,35.220001220703125,2.7799999713897705,406.0,29.724061965942383,13.399999618530272,9.514532089233398,33.36000061035156,35.599998474121094,54.65999984741211,19.920000076293945,1919.5,52.79999923706055,20.299999237060547,18.688526153564453,24.097455978393555,356.6000061035156,227.0,51.175071716308594,155.6342010498047
2025-09-19,50.53093719482422,15.888704299926758,0.8880000114440918,19.03675079345703,5.614999771118164,18.45199966430664,17.53068733215332,16.530000686645508,193.86000061035156,65.9000015258789,208.9154052734375,46.06359100341797,417.6499938964844,0.8797297477722168,198.24212646484375,263.34405517578125,246.3999938964844,281.20001220703125,1749.0,3.1600000858306885,14.526000022888184,13.414999961853027,10.489999771118164,237.333740234375,21.63999938964844,35.45000076293945,2.7699999809265137,408.0,29.90181350708008,13.600000381469728,9.674165725708008,33.65999984741211,36.79999923706055,55.09000015258789,20.100000381469727,1928.0,52.400001525878906,22.90999984741211,19.001632690429688,23.434999465942383,362.0499877929687,225.0,50.72262954711914,160.2278289794922
2025-09-22,50.35466766357422,16.23984718322754,0.8980000019073486,19.236087799072266,5.5,18.131999969482425,17.39044189453125,16.610000610351562,195.13999938964844,66.25,216.5068817138672,45.47428894042969,419.2999877929687,0.8700559139251709,197.74365234375,263.7914733886719,249.8999938964844,283.0,1725.0,3.134999990463257,14.59000015258789,13.05500030517578,10.687999725341797,238.1298370361328,21.63999938964844,35.599998474121094,2.7899999618530273,405.0,30.090625762939453,14.100000381469728,9.527995109558104,33.91999816894531,35.599998474121094,53.959999084472656,20.209999084472656,1928.0,53.599998474121094,21.780000686645508,19.148401260375977,23.969999313354492,367.7000122070313,232.5,50.880001068115234,158.38040161132812
2025-09-23,49.84544372558594,15.87706470489502,0.8999999761581421,19.236087799072266,5.380000114440918,17.694000244140625,16.99852180480957,16.764999389648438,194.2599945068359,66.3499984741211,214.90867614746097,44.29568862915039,421.1499938964844,1.3700000047683716,196.0986785888672,262.7971496582031,249.6000061035156,282.3999938964844,1736.5,3.375,14.84000015258789,12.845000267028809,10.656000137329102,238.0303192138672,21.895000457763672,35.369998931884766,2.7799999713897705,405.3999938964844,29.812376022338867,14.0,9.635699272155762,33.47999954223633,35.79999923706055,54.72999954223633,19.975000381469727,1912.0,53.400001525878906,23.170000076293945,18.76680374145508,24.600000381469727,361.0499877929687,239.5,51.52915573120117,166.36932373046875
2025-09-24,49.884613037109375,15.617103576660156,0.9580000042915344,18.93708038330078,5.25,17.420000076293945,17.221378326416016,16.614999771118164,193.82000732421875,66.0,214.30935668945312,43.215309143066406,421.3500061035156,1.3589999675750732,197.39471435546875,267.7190246582031,255.1999969482422,288.0,1752.5,3.0999999046325684,15.109999656677246,12.734999656677246,10.652000427246094,241.81173706054688,21.979999542236328,35.79999923706055,2.7300000190734863,404.7999877929687,29.812376022338867,14.399999618530272,9.741479873657228,33.880001068115234,35.20000076293945,55.68000030517578,19.924999237060547,1978.5,54.599998474121094,23.350000381469727,18.825510025024418,24.700000762939453,377.3500061035156,239.0,52.62091827392578,163.7229766845703
2025-09-25,49.82585906982422,15.520102500915527,0.8799999952316284,18.93708038330078,5.264999866485596,17.25200080871582,17.186798095703125,16.479999542236328,193.86000061035156,65.44999694824219,220.1527862548828,44.09925842285156,424.7999877929687,1.3315000534057615,200.2858428955078,267.22186279296875,257.20001220703125,287.3999938964844,1752.5,3.075000047683716,15.156000137329102,12.664999961853027,10.552000045776367,248.6779937744141,21.899999618530273,36.06999969482422,2.7300000190734863,405.3999938964844,30.26949882507324,14.5,9.832837104797363,34.31999969482422,35.0,56.0,19.905000686645508,1978.5,55.0,22.950000762939453,18.69831085205078,24.31999969482422,363.5,237.5,52.502891540527344,162.97401428222656
2025-09-26,48.94450378417969,15.721863746643066,0.8820000290870667,18.93708038330078,5.375,17.67799949645996,17.061920166015625,16.895000457763672,195.72000122070312,67.05000305175781,218.80430603027344,44.3939094543457,426.1499938964844,1.3315000534057615,201.78125,267.22186279296875,258.8999938964844,287.79998779296875,1715.5,3.309999942779541,15.345999717712402,12.90999984741211,10.553999900817873,244.39903259277344,22.225000381469727,36.130001068115234,2.759999990463257,403.3999938964844,30.746498107910156,14.399999618530272,9.871302604675291,34.59000015258789,35.20000076293945,55.810001373291016,20.100000381469727,1960.5,55.599998474121094,22.940000534057617,18.786373138427734,23.815000534057617,374.25,234.0,53.35859298706055,168.31661987304688
2025-09-29,47.97501754760742,15.665602684020996,0.9679999947547911,18.737743377685547,5.369999885559082,17.941999435424805,17.059999465942383,16.940000534057617,195.77999877929688,67.1500015258789,216.5068817138672,43.90282440185547,424.8500061035156,1.2925000190734863,202.0803375244141,266.2275390625,261.3999938964844,282.79998779296875,1703.5,3.490000009536743,15.08199977874756,12.600000381469728,10.423999786376951,252.6584320068359,22.19499969482422,36.040000915527344,2.7799999713897705,405.0,30.865745544433594,14.800000190734863,9.799179077148438,34.040000915527344,36.0,55.880001068115234,20.13999938964844,1988.5,56.599998474121094,21.5,18.346067428588867,23.969999313354492,376.6000061035156,235.5,52.17831039428711,168.7659912109375
2025-09-30,47.54412841796875,15.520102500915527,0.9679999947547911,18.837411880493164,5.204999923706055,17.06599998474121,17.25200080871582,16.719999313354492,197.3999938964844,67.4000015258789,216.25717163085935,44.19747543334961,424.8500061035156,1.3014999628067017,200.9837188720703,267.61956787109375,268.3999938964844,282.0,1666.0,3.424999952316284,14.866000175476074,12.835000038146973,10.505999565124512,252.75794982910156,22.19499969482422,36.36000061035156,2.7699999809265137,406.0,30.865745544433594,14.899999618530272,9.962658882141112,34.34000015258789,36.599998474121094,56.13999938964844,20.190000534057617,1988.5,55.599998474121094,20.729999542236328,18.37542152404785,23.850000381469727,378.0,236.0,50.880001068115234,166.46917724609375
2025-10-01,47.24055480957031,15.458022117614746,0.9100000262260436,18.837411880493164,5.224999904632568,17.020000457763672,17.392000198364258,17.020000457763672,199.0800018310547,68.25,217.455810546875,44.3939094543457,424.2000122070313,1.3005000352859497,200.2858428955078,263.2943115234375,265.29998779296875,282.20001220703125,1703.0,3.2799999713897705,14.986000061035156,12.510000228881836,10.65999984741211,257.8330078125,22.2450008392334,35.540000915527344,2.75,398.2000122070313,31.302993774414062,14.899999618530272,10.049206733703612,34.2400016784668,37.0,56.41999816894531,20.11000061035156,1951.0,57.20000076293945,21.700000762939453,18.062313079833984,24.09000015258789,393.4500122070313,245.0,51.59000015258789,168.2666778564453
2025-10-02,47.12303924560547,15.518162727355955,0.8659999966621399,19.4354248046875,5.204999923706055,17.243999481201172,17.47599983215332,16.950000762939453,202.0500030517578,68.75,219.35369873046875,43.4117431640625,425.0,1.3300000429153442,198.042724609375,262.001708984375,272.0,287.20001220703125,1705.0,3.6050000190734863,14.87600040435791,12.81999969482422,10.739999771118164,252.1608734130859,21.98500061035156,35.08000183105469,2.740000009536743,398.7999877929687,31.302993774414062,14.800000190734863,10.063632011413574,34.150001525878906,38.400001525878906,56.02000045776367,20.1299991607666,1986.0,55.79999923706055,24.940000534057617,18.169944763183594,24.594999313354492,374.0,246.0,50.97999954223633,168.51634216308594
2025-10-03,46.87821960449219,15.634563446044922,0.9660000205039978,19.236087799072266,5.195000171661377,17.086000442504883,17.582000732421875,16.915000915527344,203.5500030517578,69.6500015258789,218.95413208007812,44.0,425.2000122070313,1.3070000410079956,198.042724609375,262.29998779296875,271.3999938964844,291.3999938964844,1694.5,3.509999990463257,14.906000137329102,13.265000343322754,10.791999816894531,255.64376831054688,21.954999923706055,35.119998931884766,2.75,397.2000122070313,31.06449508666992,15.0,10.08767318725586,33.77000045776367,39.400001525878906,55.709999084472656,20.290000915527344,1962.5,56.400001525878906,28.010000228881836,18.404775619506836,24.809999465942383,356.8500061035156,249.5,51.060001373291016,167.26806640625
2025-10-06,46.52567672729492,15.161200523376465,1.034999966621399,19.53509521484375,5.144999980926514,17.29400062561035,17.645999908447266,16.334999084472656,201.1000061035156,68.0999984741211,218.75436401367188,43.5,431.0499877929687,1.2855000495910645,198.042724609375,264.1000061035156,263.20001220703125,282.0,1697.0,3.625,15.107999801635742,12.68000030517578,10.751999855041504,254.0515899658203,21.75,34.81999969482422,2.759999990463257,399.3999938964844,30.567623138427734,15.0,10.068440437316896,35.68000030517578,39.400001525878906,55.439998626708984,20.209999084472656,1962.5,57.599998474121094,30.170000076293945,18.453699111938477,24.86000061035156,385.75,260.0,51.310001373291016,170.01425170898438
2025-10-07,45.9870719909668,14.806178092956545,1.274999976158142,19.4354248046875,5.050000190734863,17.030000686645508,17.615999221801758,16.299999237060547,202.4499969482422,68.05000305175781,220.00296020507812,44.400001525878906,430.0,1.315999984741211,198.042724609375,263.8999938964844,260.0,280.3999938964844,1703.0,3.549999952316284,15.173999786376951,12.40999984741211,10.723999977111816,260.0222473144531,21.020000457763672,35.31999969482422,2.819999933242798,402.0,29.99125099182129,15.100000381469728,9.972275733947754,35.45000076293945,39.79999923706055,56.650001525878906,20.15999984741211,1884.5,57.400001525878906,30.93000030517578,18.29714584350586,24.399999618530273,373.2000122070313,254.0,50.869998931884766,170.51356506347656
2025-10-08,46.52567672729492,14.837217330932615,1.434999942779541,19.73443031311035,4.986000061035156,17.374000549316406,17.65999984741211,16.479999542236328,205.3000030517578,68.30000305175781,221.6511077880859,44.599998474121094,432.9500122070313,1.287999987602234,201.0834045410156,262.3500061035156,264.29998779296875,287.0,1685.5,3.6449999809265137,15.28600025177002,12.359999656677246,10.814000129699709,258.5295715332031,21.1200008392334,35.79999923706055,2.7699999809265137,402.7999877929687,29.99125099182129,15.5,10.010741233825684,35.099998474121094,40.20000076293945,56.54999923706055,20.3799991607666,1884.5,58.400001525878906,28.959999084472656,17.71006965637207,24.69499969482422,376.0,262.0,51.119998931884766,171.4123077392578
2025-10-09,45.9870719909668,14.365795135498049,1.2000000476837158,19.73443031311035,4.808000087738037,16.70599937438965,17.917999267578125,16.6299991607666,204.6499938964844,68.5,219.60340881347656,44.29999923706055,430.5,1.3040000200271606,201.0834045410156,263.6000061035156,262.6000061035156,284.6000061035156,1610.0,3.900000095367432,15.378000259399414,12.395000457763672,10.932000160217283,261.21636962890625,20.924999237060547,35.810001373291016,2.7699999809265137,397.3999938964844,29.713001251220703,15.699999809265137,9.570306777954102,34.880001068115234,39.400001525878906,56.84000015258789,20.540000915527344,1884.5,58.0,29.700000762939453,16.751184463500977,24.700000762939453,377.5,260.0,51.13999938964844,170.06419372558594
2025-10-10,46.47671127319336,14.065093040466309,1.1299999952316284,19.53509521484375,4.73799991607666,16.20400047302246,18.143999099731445,16.530000686645508,202.0,67.0999984741211,210.4636688232422,44.400001525878906,423.2999877929687,1.3394999504089355,200.48524475097656,259.45001220703125,257.1000061035156,278.0,1622.0,3.684999942779541,14.95400047302246,12.3149995803833,10.696000099182127,254.4496307373047,20.864999771118164,35.93000030517578,2.759999990463257,390.0,29.3751277923584,16.0,9.391440391540527,34.20000076293945,40.20000076293945,57.5,20.440000534057617,1882.0,58.599998474121094,28.3799991607666,16.927305221557617,23.975000381469727,356.75,243.5,50.0,164.7715301513672
2025-10-13,44.86090087890625,14.350274085998535,1.3300000429153442,19.4354248046875,4.630000114440918,16.788000106811523,17.711999893188477,16.479999542236328,202.3500061035156,67.44999694824219,213.85986328125,44.099998474121094,424.8999938964844,1.309000015258789,197.8433380126953,266.95001220703125,256.0,275.6000061035156,1630.0,3.7950000762939458,14.972000122070312,12.345000267028809,10.772000312805176,250.76773071289065,21.040000915527344,36.060001373291016,2.7899999618530273,397.2000122070313,29.196252822875977,16.299999237060547,9.61069679260254,33.439998626708984,38.79999923706055,56.16999816894531,20.469999313354492,1879.5,58.79999923706055,35.310001373291016,16.839242935180664,24.725000381469727,376.6000061035156,264.0,49.845001220703125,164.37208557128906
2025-10-14,45.419090270996094,14.478315353393556,1.4550000429153442,19.236087799072266,4.874000072479248,16.81800079345703,17.829999923706055,16.59000015258789,203.3000030517578,67.5999984741211,213.56019592285156,43.70000076293945,425.6000061035156,1.3604999780654907,196.1485290527344,261.3999938964844,257.3999938964844,272.3999938964844,1640.0,3.7899999618530273,14.699999809265137,12.579999923706056,10.772000312805176,250.9667510986328,21.079999923706055,35.09000015258789,2.799999952316284,396.0,29.196252822875977,16.100000381469727,9.746288299560549,33.63999938964844,40.20000076293945,56.18000030517578,20.670000076293945,1838.5,58.400001525878906,37.380001068115234,17.122997283935547,24.43000030517578,371.2000122070313,260.0,50.25,164.97125244140625
2025-10-15,46.897804260253906,14.600536346435549,1.4900000095367432,19.53509521484375,4.949999809265137,16.965999603271484,17.788000106811523,16.829999923706055,203.0,67.1500015258789,214.20945739746097,43.400001525878906,425.75,1.3624999523162842,195.5005340576172,265.54998779296875,248.5,277.6000061035156,1680.0,3.9049999713897705,14.722000122070312,13.260000228881836,10.95199966430664,241.6127166748047,20.975000381469727,34.54999923706055,2.819999933242798,387.3999938964844,29.67325210571289,16.299999237060547,9.794371604919434,33.400001525878906,39.79999923706055,55.810001373291016,20.25,1745.0,59.599998474121094,38.220001220703125,17.38360023498535,24.725000381469727,371.5499877929687,261.0,52.11000061035156,167.61758422851562
2025-10-16,45.419090270996094,14.482195854187012,1.340000033378601,19.236087799072266,4.96999979019165,16.926000595092773,17.757999420166016,16.905000686645508,205.4499969482422,67.0999984741211,211.06300354003903,43.400001525878906,420.6000061035156,1.3964999914169312,194.15464782714844,259.3500061035156,253.0,268.3999938964844,1711.0,3.9049999713897705,14.765999794006348,12.78499984741211,10.932000160217283,242.1102752685547,21.06999969482422,34.810001373291016,2.7899999618530273,378.0,29.67325210571289,16.399999618530273,9.722247123718262,32.54999923706055,39.20000076293945,55.0,20.399999618530273,1774.5,59.400001525878906,34.20000076293945,17.31434440612793,25.26499938964844,361.6499938964844,257.0,52.56999969482422,167.86724853515625
2025-10-17,45.65411758422851,14.35803508758545,1.5549999475479126,18.538406372070312,4.742000102996826,16.68600082397461,17.534000396728516,16.489999771118164,200.3999938964844,65.6500015258789,216.7566070556641,43.70000076293945,421.6000061035156,1.3359999656677246,188.37237548828125,255.3500061035156,245.0,267.79998779296875,1691.0,3.634999990463257,14.843999862670898,12.404999732971191,10.899999618530272,240.61761474609375,20.545000076293945,34.45000076293945,2.7300000190734863,385.2000122070313,29.53412628173828,16.0,9.527995109558104,32.369998931884766,38.0,55.61000061035156,19.934999465942383,1661.5,58.0,33.13999938964844,17.245086669921875,24.81999969482422,376.2999877929687,255.0,52.709999084472656,162.92408752441406
2025-10-20,45.83038711547851,14.517115592956545,1.815000057220459,19.03675079345703,4.860000133514404,16.56800079345703,17.785999298095703,16.354999542236328,203.6999969482422,66.05000305175781,225.3968963623047,44.0,421.2999877929687,1.3895000219345093,188.22283935546875,258.3999938964844,255.0,276.20001220703125,1745.5,3.609999895095825,14.87600040435791,12.625,11.119999885559082,244.39903259277344,20.61000061035156,34.54999923706055,2.75,385.6000061035156,30.110498428344727,16.299999237060547,9.775137901306152,32.65999984741211,38.79999923706055,55.20000076293945,20.190000534057617,1759.5,59.20000076293945,29.219999313354492,17.245086669921875,25.959999084472656,383.3500061035156,258.0,52.5,167.2181396484375
2025-10-21,46.4179573059082,14.848857879638672,1.9950000047683716,19.13641929626465,4.941999912261963,16.974000930786133,18.18199920654297,16.309999465942383,207.3500061035156,66.19999694824219,226.34584045410156,43.599998474121094,425.6000061035156,1.3875000476837158,189.02040100097656,257.29998779296875,255.1000061035156,272.6000061035156,1729.0,3.2850000858306885,14.899999618530272,13.085000038146973,11.444000244140623,247.5833740234375,20.51499938964844,34.33000183105469,2.759999990463257,388.7999877929687,30.189998626708984,16.5,9.770329475402832,32.279998779296875,38.599998474121094,54.959999084472656,20.170000076293945,1780.5,58.79999923706055,26.959999084472656,17.254981994628906,26.56999969482422,383.4500122070313,254.0,52.650001525878906,169.66473388671875
2025-10-22,47.49516677856445,14.647096633911133,1.8350000381469729,19.335756301879883,4.9079999923706055,17.236000061035156,18.055999755859375,16.350000381469727,205.8000030517578,66.25,221.75099182128903,43.0,424.2000122070313,1.3960000276565552,190.31640625,251.3999938964844,258.0,286.6000061035156,1709.0,3.369999885559082,15.12600040435791,12.904999732971191,11.402000427246094,248.1804351806641,20.55500030517578,33.83000183105469,2.8299999237060547,387.6000061035156,30.189998626708984,16.5,9.727055549621582,32.81999969482422,39.79999923706055,55.36000061035156,20.209999084472656,1750.5,59.599998474121094,24.100000381469727,17.581480026245117,25.489999771118164,379.1499938964844,248.0,53.029998779296875,169.2653045654297
2025-10-23,47.465789794921875,14.821697235107422,2.0299999713897705,19.236087799072266,4.877999782562256,17.350000381469727,18.275999069213867,16.389999389648438,207.25,65.80000305175781,223.54898071289065,43.79999923706055,421.8500061035156,1.403499960899353,193.05799865722656,254.4499969482422,261.20001220703125,281.0,1757.5,3.634999990463257,15.586000442504885,12.845000267028809,11.73799991607666,249.3745880126953,20.584999084472656,34.20000076293945,2.7799999713897705,387.0,30.3799991607666,16.5,9.635699272155762,33.08000183105469,39.20000076293945,55.650001525878906,20.270000457763672,1766.0,59.0,26.59000015258789,17.581480026245117,21.88999938964844,382.75,249.5,54.099998474121094,165.2209014892578
2025-10-24,48.67030715942383,14.788718223571776,2.140000104904175,19.335756301879883,4.97599983215332,16.937999725341797,18.00200080871582,16.334999084472656,208.4499969482422,66.30000305175781,226.09613037109375,44.70000076293945,422.1499938964844,1.4375,191.3133544921875,257.95001220703125,254.1999969482422,277.6000061035156,1750.5,3.5250000953674316,15.836000442504885,12.845000267028809,11.482000350952148,250.4691925048828,20.649999618530273,34.41999816894531,2.7899999618530273,383.2000122070313,30.3799991607666,16.799999237060547,9.727055549621582,32.709999084472656,38.79999923706055,55.709999084472656,20.350000381469727,1764.0,61.20000076293945,27.68000030517578,17.719993591308594,21.55500030517578,372.0,255.0,53.90999984741211,168.56626892089844
2025-10-27,48.33734893798828,14.804238319396973,2.200000047683716,19.634763717651367,5.0,17.799999237060547,18.04599952697754,16.325000762939453,208.6000061035156,66.80000305175781,230.3413543701172,44.70000076293945,418.3500061035156,1.4500000476837158,190.6154937744141,260.25,250.1000061035156,278.20001220703125,1795.0,3.509999990463257,15.94200038909912,13.18000030517578,11.61400032043457,251.36480712890625,20.84000015258789,34.36000061035156,2.8299999237060547,383.2000122070313,30.3799991607666,17.100000381469727,9.664548873901367,32.65999984741211,39.79999923706055,55.47999954223633,20.68000030517578,1731.5,60.599998474121094,30.15999984741211,17.77935791015625,21.760000228881836,386.9500122070313,257.0,53.77000045776367,171.2126007080078
2025-10-28,48.27859115600586,15.077778816223145,2.5299999713897705,19.335756301879883,5.005000114440918,17.365999221801758,18.270000457763672,16.2549991607666,207.75,62.5,230.19151306152344,44.599998474121094,414.5,1.4774999618530271,188.42222595214844,262.25,252.0,280.3999938964844,1784.5,3.369999885559082,15.88599967956543,13.15999984741211,11.640000343322754,244.99609375,20.86000061035156,34.20000076293945,2.799999952316284,380.0,30.739999771118164,17.0,9.574153900146484,32.5099983215332,39.20000076293945,54.220001220703125,20.90999984741211,1745.0,60.599998474121094,27.84000015258789,17.809040069580078,21.86000061035156,394.0499877929687,255.5,53.47999954223633,170.56350708007812
2025-10-29,47.896671295166016,14.990479469299316,3.200000047683716,19.4354248046875,5.034999847412109,18.007999420166016,18.086000442504883,16.264999389648438,208.3999938964844,63.54999923706055,232.339111328125,45.0,408.75,1.4800000190734863,186.92681884765625,263.8500061035156,247.0,277.20001220703125,1819.0,3.609999895095825,15.961999893188477,13.020000457763672,11.802000045776367,247.5833740234375,20.950000762939453,34.349998474121094,2.819999933242798,373.0,30.3799991607666,16.899999618530273,9.570306777954102,32.849998474121094,39.20000076293945,53.5,20.81999969482422,1731.0,61.0,29.6299991607666,17.66063117980957,21.475000381469727,396.1499938964844,263.5,54.13999938964844,168.81591796875
2025-10-30,47.553924560546875,14.658737182617188,2.9600000381469727,19.634763717651367,4.927999973297119,17.447999954223633,17.945999145507812,15.484999656677246,212.6999969482422,64.5,243.726318359375,44.5,415.2000122070313,1.4505000114440918,182.5402679443359,267.6000061035156,244.6999969482422,271.79998779296875,1791.0,3.444999933242798,15.920000076293944,12.850000381469728,12.112000465393066,251.8623504638672,22.125,34.36000061035156,2.819999933242798,373.3999938964844,29.899999618530273,16.600000381469727,9.4991455078125,32.220001220703125,37.0,49.51499938964844,20.920000076293945,1705.0,62.20000076293945,31.0,17.2846622467041,21.3799991607666,381.3500061035156,263.0,53.63999938964844,175.8062286376953
2025-10-31,47.34827423095703,14.961379051208496,3.0199999809265137,19.335756301879883,4.9120001792907715,17.246000289916992,17.847999572753906,15.640000343322754,213.3999938964844,64.30000305175781,234.3867950439453,43.900001525878906,414.1499938964844,1.4915000200271606,182.5402679443359,268.8500061035156,246.6000061035156,278.0,1783.0,3.3450000286102295,15.944000244140623,12.869999885559082,11.907999992370604,248.7775115966797,21.760000228881836,34.52000045776367,2.7899999618530273,363.3999938964844,30.059999465942383,16.700000762939453,8.425948143005371,32.52000045776367,36.0,49.04499816894531,20.88999938964844,1701.5,62.0,32.02000045776367,17.621055603027344,21.34000015258789,388.6499938964844,258.0,53.95000076293945,176.60513305664062
2025-11-03,50.37425231933594,15.033159255981444,2.1700000762939453,19.13641929626465,4.886000156402588,18.040000915527344,18.242000579833984,15.5649995803833,214.1499938964844,64.44999694824219,232.9384307861328,45.099998474121094,412.4500122070313,1.5299999713897705,182.83934020996097,269.29998779296875,249.8999938964844,283.6000061035156,1792.0,3.4149999618530273,15.95199966430664,13.295000076293944,11.803999900817873,247.3843536376953,21.950000762939453,34.70000076293945,2.7899999618530273,356.20001220703125,30.200000762939453,17.0,8.162456512451172,32.630001068115234,36.79999923706055,48.63999938964844,20.899999618530273,1773.5,61.599998474121094,29.329999923706055,17.858509063720703,21.325000762939453,407.0,265.0,53.790000915527344,176.35546875
2025-11-04,51.686492919921875,14.779017448425291,1.950000047683716,18.837411880493164,4.872000217437744,17.527999877929688,18.25200080871582,15.640000343322754,212.8500061035156,64.4000015258789,234.8363037109375,45.0,420.0,1.5299999713897705,181.59315490722656,269.3500061035156,246.6000061035156,279.0,1793.0,3.3550000190734863,15.90999984741211,12.914999961853027,11.501999855041504,248.3794708251953,22.01499938964844,34.470001220703125,2.759999990463257,366.6000061035156,30.540000915527344,16.899999618530273,7.993206977844238,32.529998779296875,36.79999923706055,49.29999923706055,20.920000076293945,1729.0,59.400001525878906,26.0,17.344026565551758,20.78499984741211,391.4500122070313,255.5,53.599998474121094,178.30276489257812
2025-11-05,51.19684982299805,15.20776081085205,2.319999933242798,19.03675079345703,4.802000045776367,17.423999786376953,18.799999237060547,15.529999732971191,212.3500061035156,64.30000305175781,234.7364196777344,45.599998474121094,429.5499877929687,1.503000020980835,180.19744873046875,269.1499938964844,239.3999938964844,276.0,1806.0,3.240000009536743,15.968000411987305,12.949999809265137,11.19200038909912,248.5784912109375,22.149999618530273,34.72999954223633,2.7799999713897705,363.2000122070313,30.81999969482422,16.700000762939453,7.983590126037598,32.29999923706055,36.599998474121094,49.939998626708984,20.729999542236328,1707.0,58.400001525878906,27.31999969482422,17.700206756591797,20.674999237060547,402.5,257.0,53.68000030517578,176.455322265625
2025-11-06,51.54939270019531,15.135979652404783,2.190000057220459,19.03675079345703,5.065000057220459,17.606000900268555,18.70400047302246,15.645000457763672,208.6499938964844,66.4000015258789,234.68646240234375,46.70000076293945,425.3500061035156,1.5130000114440918,180.99501037597656,272.45001220703125,235.0,270.0,1702.5,3.190000057220459,15.947999954223633,12.875,11.362000465393066,245.99119567871097,22.184999465942383,36.06999969482422,2.7799999713897705,359.0,30.81999969482422,16.899999618530273,7.843189716339111,32.90999984741211,37.20000076293945,49.66999816894531,20.709999084472656,1708.0,60.599998474121094,24.600000381469727,17.739782333374023,20.53499984741211,385.9500122070313,251.0,53.2400016784668,175.7563018798828
2025-11-07,49.630001068115234,14.889598846435549,2.0799999237060547,18.837411880493164,4.927999973297119,17.277999877929688,18.742000579833984,15.640000343322754,208.0500030517578,66.6500015258789,231.54000854492188,47.20000076293945,425.3500061035156,1.565500020980835,181.1999969482422,267.0,240.6999969482422,271.0,1722.5,3.1649999618530273,15.932000160217283,12.890000343322754,11.121999740600586,244.5980529785156,22.184999465942383,35.90999984741211,2.7899999618530273,364.7999877929687,30.81999969482422,18.100000381469727,7.648937225341797,33.0099983215332,36.400001525878906,49.96500015258789,20.739999771118164,1708.0,58.0,25.540000915527344,17.245086669921875,20.15999984741211,377.6000061035156,245.5,53.58000183105469,175.4567108154297
2025-11-10,51.20000076293945,15.372660636901855,2.259999990463257,18.837411880493164,4.9019999504089355,17.3439998626709,18.871999740600582,15.904999732971191,211.1000061035156,66.8499984741211,232.8500061035156,47.400001525878906,425.3500061035156,1.565000057220459,181.0,273.95001220703125,242.0,274.20001220703125,1682.5,3.194999933242798,16.149999618530273,13.0649995803833,11.121999740600586,249.9716339111328,22.700000762939453,36.060001373291016,2.809999942779541,362.3999938964844,31.260000228881836,18.0,7.691249847412109,31.940000534057617,36.599998474121094,49.755001068115234,20.950000762939453,1787.0,60.20000076293945,25.1200008392334,17.799144744873047,20.3799991607666,384.5499877929687,256.0,54.040000915527344,178.75213623046875
2025-11-11,51.220001220703125,15.200000762939451,2.25,18.63807487487793,4.998000144958496,17.309999465942383,19.0,16.020000457763672,211.0,67.44999694824219,237.8000030517578,48.29999923706055,429.1499938964844,1.5520000457763672,181.9499969482422,272.45001220703125,240.3000030517578,275.0,1704.0,3.2200000286102295,16.464000701904297,13.255000114440918,11.152000427246094,253.55404663085935,22.71500015258789,36.63999938964844,2.809999942779541,370.2000122070313,31.299999237060547,18.399999618530273,7.668169975280762,32.5,36.599998474121094,50.4900016784668,21.100000381469727,1731.5,60.20000076293945,25.11000061035156,17.8684024810791,20.63999938964844,377.4500122070313,250.5,55.34000015258789,180.3000030517578
2025-11-12,52.47999954223633,15.149999618530272,2.0999999046325684,18.899999618530273,4.9039998054504395,17.350000381469727,18.899999618530273,16.225000381469727,212.0,67.5,236.5,48.20000076293945,431.1499938964844,1.5770000219345093,182.4499969482422,277.1000061035156,238.8999938964844,276.0,1695.5,3.2049999237060547,16.43000030517578,13.25,11.17199993133545,259.4252014160156,22.905000686645508,36.56999969482422,2.7899999618530273,372.7999877929687,31.1200008392334,18.299999237060547,7.641243934631348,32.59000015258789,37.20000076293945,50.709999084472656,21.489999771118164,1745.0,60.400001525878906,22.799999237060547,17.729888916015625,20.655000686645508,371.5499877929687,250.5,55.29999923706055,180.6000061035156
2025-11-13,51.81999969482422,15.484000205993652,1.7799999713897705,19.0,5.025000095367432,17.875999450683594,18.804000854492188,16.530000686645508,210.25,67.25,234.8000030517578,48.099998474121094,436.3999938964844,1.5700000524520874,183.0,268.95001220703125,243.8999938964844,276.3999938964844,1698.0,3.3350000381469727,16.45800018310547,13.479999542236328,11.371999740600586,252.6584320068359,22.905000686645508,36.20000076293945,2.7899999618530273,368.7999877929687,30.940000534057617,18.100000381469727,7.521999835968018,32.72999954223633,36.79999923706055,49.650001525878906,21.270000457763672,1745.0,60.79999923706055,19.780000686645508,18.036598205566406,20.625,343.75,244.0,56.189998626708984,178.8000030517578
2025-11-14,50.459999084472656,15.017999649047852,1.7799999713897705,18.700000762939453,4.953999996185303,17.167999267578125,18.61400032043457,16.334999084472656,206.5,66.6500015258789,235.8999938964844,46.5,438.7999877929687,1.534999966621399,183.0500030517578,263.0,237.3999938964844,271.6000061035156,1660.0,3.259999990463257,16.474000930786133,13.225000381469728,11.12399959564209,244.1999969482422,22.3799991607666,35.810001373291016,2.7300000190734863,364.0,30.940000534057617,17.5,7.51200008392334,32.380001068115234,36.20000076293945,49.51499938964844,21.229999542236328,1727.0,60.0,20.5,17.799999237060547,20.34000015258789,350.25,244.5,56.22999954223633,175.25
2025-11-17,50.84000015258789,15.029999732971191,1.4700000286102295,18.5,4.964000225067139,17.59000015258789,18.624000549316406,16.219999313354492,207.3000030517578,66.5999984741211,229.8000030517578,47.20000076293945,438.6000061035156,1.5199999809265137,184.1999969482422,261.25,240.6000061035156,287.0,1675.5,3.174999952316284,16.534000396728516,13.3149995803833,11.302000045776367,247.5,22.1200008392334,35.56999969482422,2.740000009536743,360.0,31.299999237060547,17.600000381469727,7.104000091552734,33.2400016784668,36.20000076293945,50.369998931884766,21.18000030517578,1723.0,60.400001525878906,19.7450008392334,17.8700008392334,19.760000228881836,350.5,241.5,56.529998779296875,174.6999969482422
