Date,0S1.F,19H.F,34Q0.F,3V6.F,8TC.F,9A2.F,AAYA.F,ACA.PA,AIR.PA,AMUN.PA,APC.F,BMTA.F,BRYN.DE,C6G.SG,CHQ1.MU,CMC.F,CSF.F,DAU0.F,DP4B.F,E3B.F,ENI.MI,FS5A.F,FVJ.MU,HRS.F,INN1.DE,ITB.F,LGI.DE,LIN.F,LTP.MU,MRE.F,OWQ.F,P5P.F,PGR.F,PHM7.F,PST.MI,RHM.DE,RIOA.F,RQ0.F,SFW.F,STMPA.PA,TL0.F,TSFA.F,TTE.PA,WB2.F
2025-01-02,47.67423248291016,18.268136978149418,1.2599999904632568,19.643388748168945,7.33790397644043,19.900161743164062,15.228235244750977,12.488346099853516,156.61941528320312,60.716285705566406,236.46966552734375,33.58742904663086,443.4500122070313,0.3021254539489746,208.8141632080078,229.7888336181641,135.63467407226562,192.81686401367188,556.2735595703125,2.246000051498413,12.752697944641112,18.76845359802246,10.129841804504396,199.5995330810547,14.151301383972168,29.84109687805176,2.740000009536743,401.771240234375,31.62942695617676,17.018728256225586,12.073899269104004,33.85131072998047,62.5,48.45315170288086,13.198261260986328,600.9583740234375,52.38336944580078,9.444000244140623,19.51572036743164,23.5172061920166,369.6499938964844,192.25848388671875,51.33193588256836,184.06089782714844
2025-01-03,46.73723983764648,18.526216506958008,0.9950000047683716,19.643388748168945,7.521680355072021,20.164445877075195,15.848639488220217,12.371326446533203,155.0937042236328,59.443504333496094,234.92575073242188,33.58742904663086,440.5499877929687,0.3069195449352264,212.4880218505859,229.3004608154297,135.28866577148438,192.029052734375,557.7833251953125,2.211999893188477,12.760276794433594,19.209028244018555,10.0432767868042,199.2062530517578,14.130791664123535,30.196805953979492,2.740000009536743,398.6061096191406,31.269567489624023,16.921478271484375,12.21413516998291,34.0015983581543,63.0,48.500335693359375,13.111841201782228,612.4999389648438,52.851078033447266,8.899999618530273,19.51572036743164,23.21076011657715,399.0,199.5694274902344,51.58988571166992,185.2059783935547
2025-01-06,48.76114273071289,18.16306495666504,1.159999966621399,19.544179916381836,7.394786834716797,20.206178665161133,16.068437576293945,12.507068634033203,156.13040161132812,60.2448844909668,234.82614135742188,33.58742904663086,438.2000122070313,0.3050605952739715,213.3816680908203,228.9567413330078,133.45977783203125,190.4534149169922,551.744140625,2.211999893188477,12.921319961547852,18.486488342285156,9.922447204589844,199.69786071777344,14.328425407409668,30.091053009033203,2.740000009536743,392.0780334472656,31.269567489624023,17.115978240966797,12.06485080718994,33.59770965576172,63.0,48.07571792602539,13.26547622680664,603.3463134765625,52.38336944580078,9.682000160217283,19.64244842529297,25.034605026245117,394.9500122070313,208.9551239013672,52.26819610595703,185.7038421630859
2025-01-07,47.48683547973633,17.81097412109375,0.949999988079071,19.643388748168945,7.526055812835693,19.849159240722656,15.978036880493164,12.530473709106444,154.9176483154297,59.34922790527344,232.833984375,33.58742904663086,439.5,0.2937113344669342,213.3816680908203,231.8537139892578,136.8209686279297,192.2259979248047,527.2520141601562,2.2279999256134033,12.942160606384276,18.40718460083008,9.516676902770996,194.68328857421875,14.2743558883667,30.110280990600582,2.740000009536743,395.4410095214844,30.68243408203125,16.726978302001953,12.04223346710205,33.287750244140625,62.0,47.08967208862305,13.303885459899902,613.8929443359375,53.31878280639648,9.251999855041504,19.37089157104492,25.51898765563965,378.8999938964844,202.0393524169922,52.526145935058594,183.21450805664065
2025-01-08,47.9553337097168,17.87180519104004,0.7350000143051147,19.643388748168945,7.263518810272217,19.900161743164062,15.970948219299316,12.507068634033203,155.0937042236328,58.45356750488281,233.78025817871097,33.58742904663086,437.5,0.2936134934425354,213.67955017089844,230.8225860595703,144.68028259277344,197.93763732910156,526.5809936523438,2.186000108718872,12.95163345336914,18.23976707458496,9.514873504638672,195.66653442382812,14.192389488220217,30.196805953979492,2.740000009536743,402.76031494140625,31.080171585083008,16.921478271484375,11.80247402191162,33.56013870239258,62.0,46.91982650756836,13.404708862304688,645.5327758789062,52.38336944580078,5.973999977111816,19.334686279296875,24.416772842407227,383.4500122070313,199.5694274902344,52.69811248779297,183.8617248535156
2025-01-09,48.25516891479492,17.93448257446289,0.8650000095367432,19.643388748168945,7.34227991104126,19.955801010131836,15.99576473236084,12.577281951904297,153.13768005371094,57.510765075683594,234.42771911621097,33.493080139160156,438.5499877929687,0.2818728685379028,215.76470947265625,234.4069366455078,142.90081787109375,203.4523162841797,515.3414306640625,2.0940001010894775,13.014156341552734,18.142839431762695,9.659147262573242,200.09115600585935,14.33559513092041,30.25448989868164,2.740000009536743,406.321044921875,31.25063133239746,16.921478271484375,11.85675811767578,33.56013870239258,61.0,47.22649002075195,13.505532264709473,645.9307861328125,52.38336944580078,5.920000076293945,19.171754837036133,24.194351196289062,378.0499877929687,202.0393524169922,52.83186340332031,183.66259765625
2025-01-10,46.73723983764648,17.694839477539062,0.6499999761581421,19.643388748168945,7.302899360656738,19.793519973754883,15.699745178222656,12.521111488342283,154.09613037109375,58.12358856201172,229.4971160888672,33.39873504638672,431.6000061035156,0.2818728685379028,218.7435302734375,230.3806915283203,142.70309448242188,200.69497680664065,491.6880798339844,2.0859999656677246,13.019840240478516,18.160463333129883,9.66816520690918,199.69786071777344,14.186737060546877,30.014144897460938,2.740000009536743,401.5733642578125,31.231693267822266,16.921478271484375,11.431526184082031,33.578922271728516,61.0,46.95285415649414,13.380703926086426,646.7267456054688,55.18962097167969,5.751999855041504,19.334686279296875,23.7692813873291,385.5499877929687,200.06341552734375,52.78409957885742,183.61279296875
2025-01-13,47.2244758605957,17.967660903930664,0.4440000057220459,19.345760345458984,7.224138736724853,19.90479850769043,15.47285270690918,12.563239097595217,152.02273559570312,57.510765075683594,228.2021942138672,32.54961395263672,435.0499877929687,0.2957659363746643,219.04139709472656,232.63931274414065,142.70309448242188,200.69497680664065,479.10650634765625,2.059999942779541,13.141096115112305,18.29263687133789,9.713250160217283,201.5660400390625,14.661575317382812,29.427705764770508,2.740000009536743,408.1014404296875,31.042293548583984,16.726978302001953,11.580810546875,33.588314056396484,60.5,47.12269592285156,13.299084663391112,641.5529174804688,53.786495208740234,3.878999948501587,19.18985939025879,23.151447296142575,393.75,194.8271942138672,53.424190521240234,185.25575256347656
2025-01-14,47.78667068481445,17.989782333374023,0.550000011920929,19.246553421020508,7.355406761169434,19.941890716552734,15.61465835571289,12.778554916381836,152.5508575439453,59.49064254760742,225.3135528564453,32.26657485961914,433.1499938964844,0.2971356809139251,220.5308074951172,235.68356323242188,144.3342742919922,204.8309783935547,479.4420166015625,2.003999948501587,13.019840240478516,18.64509391784668,10.046884536743164,204.81076049804688,14.72187328338623,29.591140747070312,2.740000009536743,409.68402099609375,31.231693267822266,16.82422637939453,11.6215238571167,33.13746643066406,60.5,46.94813537597656,13.43831729888916,651.7015991210938,54.72190856933594,4.552999973297119,19.280372619628903,23.240419387817383,384.0,191.2705078125,53.11846923828125,189.18890380859375
2025-01-15,49.15467834472656,18.223896026611328,0.7099999785423279,19.345760345458984,7.425416469573975,20.261816024780273,15.76532745361328,12.979828834533691,150.9860382080078,60.76342010498047,230.09475708007812,32.64396286010742,444.7000122070313,0.2871561348438263,233.43894958496097,241.4283447265625,143.09852600097656,201.4827880859375,484.6423950195313,2.114000082015991,13.247194290161133,18.47767639160156,10.259688377380373,203.9258270263672,14.921606063842772,29.17774772644043,2.740000009536743,410.6731262207031,31.724124908447266,17.115978240966797,11.94723415374756,33.362892150878906,60.5,46.71223831176758,13.635162353515623,653.0945434570312,54.25419998168945,5.708000183105469,19.570032119750977,23.78411102294922,416.4500122070313,197.19830322265625,53.433746337890625,190.53314208984375
2025-01-16,49.36082458496094,18.02112197875977,0.7149999737739563,19.742595672607425,7.416665077209473,20.122718811035156,16.020580291748047,13.045360565185549,153.74403381347656,61.376243591308594,220.6818084716797,32.54961395263672,445.7999877929687,0.2852972149848938,241.2831268310547,241.03553771972656,144.68028259277344,199.90716552734375,479.6097717285156,2.0859999656677246,13.209301948547363,18.618661880493164,10.371500015258787,204.41744995117188,15.0327787399292,29.418092727661133,2.740000009536743,414.23382568359375,31.724124908447266,17.018728256225586,11.915567398071287,33.8231315612793,61.5,46.933982849121094,13.726384162902832,682.5454711914062,54.25419998168945,5.809999942779541,19.751070022583008,23.902734756469727,401.0,208.4611358642578,54.81903076171875,193.8190460205078
2025-01-17,50.14789581298828,18.5769100189209,0.6200000047683716,19.841806411743164,7.60919189453125,20.88775062561035,16.564762115478516,13.08748722076416,157.24533081054688,61.94192123413086,222.5743408203125,32.45526885986328,454.7000122070313,0.2838296294212341,247.24073791503903,244.81629943847656,146.55859375,200.69497680664065,461.3245544433594,2.1640000343322754,13.349504470825195,18.971120834350582,10.506757736206056,207.4655303955078,14.963059425354004,29.39886474609375,2.740000009536743,419.97064208984375,31.913515090942383,17.407726287841797,12.137231826782228,33.68224334716797,62.0,47.45295333862305,13.856014251708984,682.5454711914062,55.657325744628906,5.107999801635742,19.714862823486328,24.387115478515625,414.6000061035156,203.02731323242188,54.90501403808594,195.41221618652344
2025-01-20,49.4357795715332,18.632211685180664,0.6800000071525574,20.040224075317383,7.486675262451172,20.66983413696289,16.506267547607422,13.270038604736328,159.82730102539062,62.27190780639648,221.32923889160156,33.304386138916016,456.2999877929687,0.2782528400421142,244.75840759277344,249.18624877929688,148.43692016601562,201.0888671875,468.03472900390625,2.140000104904175,13.160041809082031,19.200218200683594,10.366090774536133,211.3985137939453,15.126991271972656,29.677661895751953,2.740000009536743,418.3880615234375,32.04609680175781,17.310476303100586,12.12366008758545,34.010990142822266,61.0,47.43408203125,13.8272066116333,682.5454711914062,55.18962097167969,5.547999858856201,20.0045223236084,24.466197967529297,412.2000122070313,209.44911193847656,54.61840057373047,195.01394653320312
2025-01-21,49.52947998046875,18.650646209716797,0.6399999856948853,20.040224075317383,7.534806728363037,20.86456871032715,16.45309066772461,13.26535701751709,159.70994567871094,61.611942291259766,212.1652984619141,33.21004104614258,452.9500122070313,0.2776657938957214,244.6591033935547,248.4988555908203,149.47494506835938,206.2096405029297,468.8735046386719,2.119999885559082,13.002788543701172,18.979930877685547,10.467082023620604,208.15379333496097,15.126991271972656,29.610366821289062,2.740000009536743,420.1684265136719,32.36807632446289,17.213228225708008,11.775331497192385,34.47123336791992,60.5,46.42444610595703,13.884820938110352,682.5454711914062,55.657325744628906,6.078000068664551,19.91400146484375,24.39205741882324,402.5,208.4611358642578,54.112056732177734,195.26287841796875
2025-01-22,50.48521423339844,18.371368408203125,0.5799999833106995,20.040224075317383,7.600441455841064,20.7579288482666,16.50449562072754,13.167059898376465,161.50949096679688,62.083343505859375,214.0578460693359,33.21004104614258,439.4500122070313,0.2744371294975281,230.95660400390625,248.1060333251953,150.61183166503906,205.8157501220703,466.6926879882813,2.119999885559082,12.955422401428224,18.9006290435791,10.34625244140625,205.40069580078125,14.846235275268556,29.69689178466797,2.740000009536743,422.9378967285156,31.648366928100582,17.310476303100586,11.55819034576416,33.54135513305664,59.0,45.98095703125,13.817605018615724,714.185302734375,55.18962097167969,6.107999801635742,19.678653717041016,24.258607864379883,398.2999877929687,211.9190216064453,53.8636589050293,197.8019561767578
2025-01-23,51.32850646972656,18.378742218017575,0.5199999809265137,20.040224075317383,7.530430316925049,20.762563705444336,16.405231475830078,13.335569381713867,162.99607849121094,62.36618423461914,213.0119781494141,33.493080139160156,442.8999938964844,0.2801117599010467,222.615966796875,249.6281585693359,152.9350128173828,204.634033203125,466.357177734375,2.0239999294281006,12.8777437210083,18.80370330810547,10.11902141571045,207.56385803222656,15.142066955566406,29.898780822753903,2.740000009536743,418.3880615234375,31.467405319213867,16.921478271484375,11.454144477844238,33.47560501098633,54.5,46.31121444702149,13.822406768798828,729.90576171875,54.72190856933594,5.943999767303467,19.40710067749023,24.2932071685791,393.2000122070313,212.906982421875,53.63437271118164,198.49899291992188
2025-01-24,51.51591110229492,18.4478702545166,0.5699999928474426,20.2386417388916,7.832347869873047,20.651287078857425,16.30950927734375,13.316845893859863,163.36770629882812,61.8947868347168,211.46804809570312,33.115692138671875,439.4500122070313,0.2769809365272522,222.615966796875,247.41864013671875,150.61183166503906,205.02793884277344,468.7057495117187,1.99399995803833,12.701543807983398,18.856569290161133,10.212799072265623,203.8275146484375,15.142066955566406,30.28332901000977,2.740000009536743,416.4098815917969,30.76262855529785,16.726978302001953,11.54914379119873,33.35349655151367,51.5,46.66505813598633,13.759991645812988,729.90576171875,55.657325744628906,5.869999885559082,19.461410522460938,24.016416549682617,387.3999938964844,209.94308471679688,53.34776306152344,198.10069274902344
2025-01-27,51.27228927612305,18.526216506958008,0.5149999856948853,20.040224075317383,7.714206218719482,20.67910385131836,16.318376541137695,13.37769603729248,162.194091796875,62.46046447753906,218.63983154296875,35.3800163269043,447.2000122070313,0.2818728685379028,215.66542053222656,247.958740234375,151.25440979003906,202.8614501953125,458.3049621582031,2.0339999198913574,12.70343780517578,19.64960289001465,10.10098648071289,201.0744171142578,15.061042785644531,30.456378936767575,2.740000009536743,415.0251159667969,31.01025390625,16.629728317260742,11.693904876708984,33.09050369262695,50.0,48.29274368286133,13.904024124145508,719.5581665039062,54.72190856933594,5.197999954223633,19.135543823242188,24.105384826660156,378.4500122070313,180.20526123046875,53.20446014404297,195.66114807128903
2025-01-28,51.403472900390625,18.590734481811523,0.5350000262260437,20.635478973388672,7.696704864501953,20.526100158691406,16.648073196411133,13.48535442352295,163.13299560546875,62.64902114868164,228.10260009765625,35.663055419921875,451.5499877929687,0.277078777551651,214.5731964111328,249.5790557861328,152.19357299804688,208.17916870117188,467.0281982421875,2.00600004196167,12.724279403686523,19.350013732910156,10.144268989562988,205.10574340820312,15.066695213317873,30.658266067504883,2.740000009536743,414.8273010253906,31.619792938232425,16.435230255126953,11.55819034576416,32.88386154174805,52.0,47.868125915527344,13.88962173461914,728.5128173828125,53.31878280639648,5.464000225067139,19.298479080200195,23.324443817138672,383.2000122070313,191.4680938720703,53.26177978515625,195.36244201660156
2025-01-29,52.64030075073242,18.728988647460938,0.449999988079071,20.635478973388672,7.801718711853027,20.771839141845703,16.78278923034668,13.546204566955566,162.95693969726562,62.55474090576172,229.0986785888672,35.75740432739258,452.5,0.2787420153617859,214.5731964111328,252.77061462402344,151.7487030029297,206.9974670410156,466.0216674804687,1.955999970436096,12.741331100463867,19.49980926513672,10.232636451721191,204.51577758789065,15.20989990234375,30.677494049072266,2.740000009536743,416.8055114746094,31.619792938232425,16.532480239868164,11.562714576721191,32.602081298828125,53.5,47.65110778808594,13.942434310913086,738.6614990234375,53.31878280639648,5.349999904632568,19.425201416015625,23.507322311401367,374.5499877929687,191.6656951904297,53.309547424316406,196.5572967529297
2025-01-30,51.06615447998047,18.30316162109375,0.492000013589859,20.83389663696289,7.561060428619385,20.62346649169922,16.984865188598633,13.649182319641112,162.66355895996094,64.20464324951172,227.85357666015625,35.851749420166016,452.0,0.2777636349201202,215.76470947265625,254.09632873535156,153.23158264160156,211.72433471679688,463.8408508300781,1.8029999732971191,12.917530059814451,19.094480514526367,10.353466033935549,197.7313690185547,15.208016395568848,30.860153198242188,2.740000009536743,421.3553466796875,31.4483585357666,16.337980270385742,11.6215238571167,32.89325714111328,54.0,46.39141845703125,14.072063446044922,743.23828125,53.31878280639648,5.449999809265137,19.04502868652344,20.99644660949707,384.6000061035156,197.19830322265625,53.65348434448242,201.2372589111328
2025-01-31,51.49716567993164,18.61838722229004,0.550000011920929,21.42915153503418,7.692329406738281,21.13348960876465,17.35533332824707,13.616416931152344,163.44595336914062,64.11035919189453,226.50885009765625,36.04044342041016,452.7999877929687,0.2818728685379028,219.3392639160156,255.078369140625,155.15933227539062,214.28472900390625,476.92572021484375,1.7829999923706057,12.978157997131348,19.49980926513672,10.364286422729492,199.9928436279297,15.102498054504396,31.12934112548828,2.740000009536743,425.5095825195313,31.4483585357666,16.726978302001953,11.639617919921877,33.23139572143555,55.0,47.55674743652344,14.105670928955078,751.5960083007812,54.25419998168945,5.72599983215332,19.352787017822266,21.57473945617676,392.0499877929687,200.06341552734375,53.87321472167969,203.0295562744141
2025-02-03,49.13594436645508,19.00550079345703,0.5099999904632568,21.032316207885746,7.718581676483154,21.277223587036133,17.211753845214844,13.490035057067873,162.91783142089844,63.308982849121094,221.13003540039065,36.41782760620117,450.0,0.2739479541778564,221.82159423828125,254.24362182617188,154.17074584960938,206.80050659179688,468.5379943847656,1.7009999752044678,12.911847114562988,19.693660736083984,9.98196029663086,200.77943420410156,14.89899444580078,31.667707443237305,2.740000009536743,435.4005432128906,31.65789222717285,16.435230255126953,11.84318733215332,32.010345458984375,55.0,48.5758171081543,13.937633514404297,760.1527099609375,53.786495208740234,5.599999904632568,19.588136672973633,20.92230796813965,372.75,192.45606994628903,53.471961975097656,197.1547393798828
2025-02-04,49.67940139770508,18.798118591308594,0.5400000214576721,21.62756729125977,7.687952995300293,21.32822608947754,17.380149841308594,13.625778198242188,162.37014770507812,63.308982849121094,223.2716064453125,36.512176513671875,450.0499877929687,0.2748284637928009,221.62301635742188,252.96701049804688,155.50535583496094,214.28472900390625,485.4811706542969,1.6799999475479126,13.057732582092283,19.861080169677734,10.086559295654297,200.77943420410156,15.12510871887207,31.7830753326416,2.740000009536743,436.3896179199219,31.753129959106445,16.629728317260742,11.901996612548828,31.822490692138672,54.5,47.80207824707031,13.980843544006348,754.3818969726562,53.786495208740234,5.656000137329102,19.53382682800293,21.391860961914062,376.3500061035156,194.6295928955078,54.47509765625,198.10069274902344
2025-02-05,49.0797233581543,18.493955612182617,0.4900000095367431,21.42915153503418,7.631070613861084,20.47509765625,17.422693252563477,13.738117218017578,163.2307891845703,63.49754333496094,222.62416076660156,37.172607421875,451.8500061035156,0.281775027513504,218.54493713378903,253.8508453369141,157.1365203857422,214.4816741943359,507.624755859375,1.6660000085830688,13.019840240478516,19.53505516052246,10.387731552124023,198.6162872314453,15.03654670715332,32.13878631591797,2.740000009536743,430.8506774902344,31.58169937133789,16.435230255126953,11.861282348632812,32.63965606689453,55.0,47.76433563232422,13.918428421020508,745.0292358398438,54.72190856933594,5.947999954223633,19.678653717041016,20.95690536499023,363.0499877929687,197.5934906005859,55.4209098815918,197.10496520996097
2025-02-06,51.30976486206055,18.434043884277344,0.449999988079071,22.619657516479492,7.687952995300293,20.572465896606445,17.474096298217773,14.00024127960205,164.20880126953125,64.48748016357422,222.7237548828125,37.64433288574219,459.1499938964844,0.2826555669307709,219.5378570556641,259.1046142578125,155.20877075195312,206.80050659179688,517.6900024414062,1.7309999465942385,13.084258079528809,19.52624130249023,10.461671829223633,193.70004272460935,14.983787536621094,32.705997467041016,2.740000009536743,436.3896179199219,31.58169937133789,16.82422637939453,11.987947463989258,32.874473571777344,55.5,47.76433563232422,14.024052619934082,702.8427734375,56.59274673461914,5.760000228881836,20.0045223236084,21.347375869750977,359.70001220703125,199.075439453125,55.99413299560547,198.29981994628903
2025-02-07,51.15984725952149,18.61377716064453,0.4600000083446502,21.62756729125977,7.61356782913208,20.284997940063477,17.71339225769043,14.17343044281006,163.25035095214844,64.29891967773438,219.63589477539065,37.73868560791016,460.4500122070313,0.2910696566104889,210.2826385498047,263.42547607421875,157.6308135986328,207.3913726806641,513.9994506835938,1.7369999885559082,13.13162326812744,19.517433166503903,10.625783920288086,196.7481231689453,15.03843116760254,32.744449615478516,2.740000009536743,435.9939880371094,31.58169937133789,15.851729393005373,11.969852447509766,32.68661880493164,55.0,47.92474365234375,14.000046730041504,719.7571411132812,57.06045150756836,5.599999904632568,20.040727615356445,21.48577117919922,350.0,198.0874786376953,56.25208282470703,198.49899291992188
2025-02-10,51.178592681884766,18.24970245361328,0.4040000140666961,21.825986862182617,7.701080322265625,20.465824127197266,17.59108543395996,14.135984420776367,163.75892639160156,64.9588851928711,220.583251953125,38.399112701416016,457.2000122070313,0.2901891469955444,210.2826385498047,258.80999755859375,157.77911376953125,210.9365234375,516.8512573242188,1.7029999494552612,13.154356956481934,20.054931640625,10.627586364746094,197.5347137451172,15.03843116760254,33.186683654785156,2.740000009536743,441.7307434082031,31.619792938232425,15.559979438781738,11.942709922790527,33.13746643066406,55.5,48.849464416503906,14.081665992736816,719.7571411132812,55.657325744628906,5.855999946594238,20.34848976135254,21.500598907470703,341.04998779296875,198.5814666748047,56.00368881225586,199.64407348632812
2025-02-11,51.51591110229492,18.53082275390625,0.3899999856948852,21.881610870361328,7.692329406738281,20.41482162475586,17.725801467895508,14.32789707183838,163.54376220703125,65.05316162109375,223.57489013671875,38.58780288696289,454.8999938964844,0.2959616184234619,212.67108154296875,260.1357116699219,159.50914001464844,216.6481475830078,553.2539672851562,1.7059999704360962,13.321084976196287,19.84345817565918,10.461671829223633,195.9615173339844,15.132645606994627,33.21552658081055,2.740000009536743,440.148193359375,30.91501235961914,15.462729454040527,11.951756477355955,33.212608337402344,56.0,49.00986862182617,14.20649528503418,727.7168579101562,55.18962097167969,5.260000228881836,20.09503936767578,21.925668716430664,316.1499938964844,200.06341552734375,56.23297500610352,198.94705200195312
2025-02-12,50.140621185302734,18.46169662475586,0.3980000019073486,21.881610870361328,7.670451164245605,20.23399543762207,17.693897247314453,14.35598087310791,166.14527893066406,65.38314056396484,226.51666259765625,38.49345779418945,451.9500122070313,0.2956680953502655,211.4768524169922,260.23394775390625,158.96542358398438,213.10299682617188,553.5894775390625,1.7359999418258667,13.286982536315918,19.587921142578125,10.497740745544434,194.43748474121097,15.24193286895752,33.33088684082031,2.740000009536743,435.4005432128906,30.89596176147461,15.851729393005373,11.825092315673828,33.25957489013672,55.0,48.462589263916016,14.18729019165039,724.333984375,55.657325744628906,5.730000019073486,20.149351119995117,22.064062118530273,324.70001220703125,195.61756896972656,56.376277923583984,181.671142578125
2025-02-13,50.1024169921875,18.48473739624023,0.3619999885559082,22.279457092285156,7.696704864501953,20.4565486907959,17.532590866088867,14.21087646484375,166.24307250976562,65.33600616455078,229.8573303222656,34.90827941894531,456.0499877929687,0.2936134934425354,201.8235626220703,258.4172058105469,162.03004455566406,214.0877685546875,544.5307006835938,1.715000033378601,13.254773139953612,19.825834274291992,10.553646087646484,189.3737640380859,15.245701789855955,32.542564392089844,2.740000009536743,435.20269775390625,30.89596176147461,15.657230377197266,11.75723648071289,32.66783142089844,54.5,48.32105255126953,14.18729019165039,753.1879272460938,55.18962097167969,6.193999767303467,20.330385208129883,22.681896209716797,340.25,190.677734375,56.080116271972656,188.19317626953125
2025-02-14,50.942867279052734,18.3492488861084,0.328000009059906,21.881610870361328,7.714206218719482,20.493642807006836,17.66376304626465,14.304491996765137,164.815185546875,64.72318267822266,231.85174560546875,35.19131851196289,459.6000061035156,0.2957659363746643,200.6293487548828,259.5465087890625,165.4901123046875,213.89080810546875,527.5875244140625,1.39900004863739,13.298349380493164,19.781776428222656,10.541022300720217,187.800537109375,15.451087951660156,32.244537353515625,2.740000009536743,433.2244873046875,31.295976638793945,15.657230377197266,11.806997299194336,33.0059700012207,55.0,48.066280364990234,14.115273475646973,812.8858032226562,55.657325744628906,6.099999904632568,20.076934814453125,23.062480926513672,337.8500061035156,192.65365600585935,56.25208282470703,185.40512084960935
2025-02-17,51.554107666015625,18.81194305419922,0.3499999940395355,21.881610870361328,7.806095600128174,20.507551193237305,17.84545135498047,14.35598087310791,166.75164794921875,65.28886413574219,231.9016265869141,34.81393814086914,460.1499938964844,0.3006578683853149,201.9230804443359,261.8051452636719,178.73724365234375,230.23789978027344,546.208251953125,1.378999948501587,13.33434772491455,20.134233474731445,10.55184268951416,189.521240234375,15.45485496520996,32.15801239013672,2.740000009536743,435.4005432128906,31.295976638793945,15.462729454040527,12.04223346710205,32.592689514160156,54.5,48.03797149658203,14.240102767944336,926.90869140625,57.06045150756836,6.228000164031982,20.149351119995117,22.94879913330078,333.29998779296875,193.83921813964844,56.27119445800781,182.31837463378903
2025-02-18,52.146244049072266,18.81194305419922,0.3100000023841858,22.677305221557617,7.989871025085449,20.660560607910156,18.182241439819336,14.571296691894531,169.19668579101562,65.90167999267578,232.5498046875,34.625244140625,460.5499877929687,0.3011470437049866,202.6197204589844,262.3943786621094,183.82847595214844,229.843994140625,543.6919555664062,1.315000057220459,13.351399421691896,19.887514114379883,10.733988761901855,185.39158630371097,15.741267204284668,31.965736389160156,2.740000009536743,437.5765380859375,31.50550079345703,15.559979438781738,11.915567398071287,32.780548095703125,54.5,47.66997528076172,14.288114547729492,924.122802734375,57.06045150756836,5.73199987411499,20.819185256958008,22.85983085632324,337.29998779296875,191.6656951904297,56.45270919799805,178.1362762451172
2025-02-19,52.22264862060547,19.2313175201416,0.4679999947547912,22.080535888671875,7.893607139587402,20.62346649169922,18.168947219848633,14.50108528137207,165.20639038085938,65.10030364990234,234.24505615234375,34.625244140625,465.0,0.2967443168163299,204.51055908203125,263.6709899902344,183.97677612304688,233.5861053466797,546.3760375976562,1.309000015258789,13.313506126403809,20.090177536010746,10.533808708190918,185.48989868164065,15.460509300231934,32.27337646484375,2.740000009536743,438.1699523925781,31.52455139160156,15.657230377197266,11.94723415374756,32.57390213012695,55.0,48.33049011230469,14.024052619934082,928.1026611328124,57.06045150756836,6.381999969482422,20.51142311096191,24.65896224975586,344.45001220703125,190.677734375,56.08966827392578,179.23159790039062
2025-02-20,50.904666900634766,19.323488235473633,0.5849999785423279,22.080535888671875,7.806095600128174,20.697650909423828,18.080318450927734,14.529170989990234,161.4508056640625,64.5817642211914,233.0982666015625,34.05916213989258,457.5,0.2955702543258667,207.59564208984375,250.2173767089844,179.82467651367188,231.41961669921875,560.8029174804688,1.25600004196167,13.315400123596191,20.336898803710938,10.03606414794922,182.343505859375,15.500080108642578,32.4322624206543,2.740000009536743,434.2135925292969,31.97476577758789,15.365480422973633,11.883901596069336,32.602081298828125,54.0,48.500335693359375,13.980843544006348,885.1201782226562,57.06045150756836,6.914000034332275,20.38469696044922,26.072566986083984,333.95001220703125,188.3065948486328,56.19475936889648,185.5544891357422
2025-02-21,50.541744232177734,19.314271926879883,0.4959999918937683,21.483762741088867,7.814846515655518,20.54464530944824,18.368362426757812,14.641510009765623,156.48248291015625,64.86460876464844,234.09548950195312,34.05916213989258,461.5499877929687,0.2911675274372101,213.4672393798828,248.5970458984375,181.15928649902344,231.02572631835935,562.3126831054688,1.22599995136261,13.226353645324709,19.81702041625977,10.25067138671875,186.32566833496097,15.603715896606444,31.396465301513672,2.740000009536743,434.2135925292969,31.59160423278809,15.462729454040527,10.309635162353516,32.433013916015625,53.5,49.670379638671875,14.350528717041016,889.697021484375,57.06045150756836,6.889999866485596,20.257970809936523,26.44326400756836,322.3999938964844,185.7378845214844,55.526004791259766,181.516357421875
2025-02-24,48.32600784301758,19.065410614013672,0.5600000023841858,21.483762741088867,7.989871025085449,20.59101104736328,18.230987548828125,14.632147789001465,160.72706604003906,64.72318267822266,235.6411590576172,34.153507232666016,474.3999938964844,0.2752198278903961,208.5908203125,245.4055023193359,186.29995727539065,238.7068634033203,575.5653076171875,1.4490000009536743,13.29645538330078,19.91394805908203,10.110004425048828,187.21060180664065,15.552839279174805,32.35409164428711,2.740000009536743,435.0048522949219,31.53413200378418,15.365480422973633,10.087970733642578,32.32030487060547,52.5,49.68925094604492,14.38893699645996,946.6090087890624,56.59274673461914,6.199999809265137,20.221763610839844,26.126934051513672,317.3500061035156,180.79803466796875,55.46868515014648,172.59259033203125
2025-02-25,47.30409240722656,18.70594787597656,0.4939999878406524,21.483762741088867,7.871729373931885,20.716197967529297,18.21326065063477,14.72108268737793,160.4923553466797,64.9117431640625,235.4417266845703,34.436546325683594,469.7999877929687,0.2760025560855865,208.5908203125,239.6116180419922,190.55088806152344,243.6306915283203,587.1403198242188,1.3930000066757202,13.39307975769043,19.887514114379883,9.917037010192873,189.27542114257812,15.65835952758789,32.26614761352539,2.740000009536743,439.7525329589844,31.725709915161133,15.365480422973633,10.318682670593262,32.21697998046875,53.0,50.29314804077149,14.379335403442385,948.0018920898438,54.72190856933594,5.670000076293945,19.91400146484375,25.50910186767578,286.5,177.04376220703125,54.90501403808594,172.34332275390625
2025-02-26,48.28780746459961,18.88994026184082,0.5099999904632568,21.682687759399418,7.876104831695557,20.493642807006836,18.2265567779541,14.922356605529783,163.83717346191406,65.61884307861328,228.3116455078125,35.09697723388672,472.6000061035156,0.2766874134540558,206.2023773193359,242.5576629638672,191.14405822753903,243.0398406982422,583.7852783203125,1.3420000076293943,13.521915435791016,19.543865203857425,9.7828950881958,190.99610900878903,15.971148490905762,32.54952621459961,2.740000009536743,437.180908203125,31.725709915161133,15.559979438781738,10.526775360107422,32.33908462524414,54.0,49.82135009765625,14.691408157348633,965.1152954101562,54.72190856933594,5.869999885559082,20.149351119995117,24.871496200561523,277.79998779296875,183.1691741943359,55.18206787109375,173.7392120361328
2025-02-27,48.47881317138672,18.6748104095459,0.4600000083446502,21.682687759399418,7.202259540557861,20.30817985534668,18.47471809387207,14.96916389465332,161.50949096679688,64.9588851928711,228.21194458007812,34.90827941894531,483.0,0.276883065700531,207.59564208984375,247.27133178710935,194.5546875,242.448974609375,577.4105834960938,1.2400000095367432,13.332452774047852,19.04161071777344,9.769670486450195,193.70004272460935,16.10493278503418,32.92084884643555,2.740000009536743,441.13726806640625,31.725709915161133,15.754481315612791,10.44534683227539,32.34847640991211,53.0,49.73643112182617,14.777828216552734,995.959228515625,54.25419998168945,5.461999893188477,20.076934814453125,23.88790702819824,271.0,171.9063262939453,55.2393913269043,172.89170837402344
2025-02-28,48.59342575073242,18.822004318237305,0.4399999976158142,22.080535888671875,7.416665077209473,20.771839141845703,18.736173629760746,14.98788833618164,162.0571746826172,64.86460876464844,231.35313415527344,35.3800163269043,488.0499877929687,0.2760025560855865,209.78504943847656,246.9767303466797,192.9235076904297,241.85812377929688,563.6547241210938,1.1779999732971191,13.12404441833496,19.253087997436523,9.343628883361816,196.45314025878903,16.14638900756836,33.03811264038086,2.740000009536743,444.10455322265625,31.93644905090332,15.754481315612791,10.748438835144045,33.024757385253906,52.0,50.2459716796875,14.90745735168457,1001.4315185546876,53.786495208740234,5.361999988555908,20.040727615356445,23.457895278930664,280.54998779296875,171.3135528564453,55.201175689697266,173.14097595214844
2025-03-03,48.55522155761719,18.480438232421875,0.4199999868869781,22.478384017944336,6.782201290130615,20.67910385131836,18.67413330078125,15.100225448608398,170.54635620117188,65.5245590209961,225.4696044921875,35.19131851196289,487.3500061035156,0.2740457952022552,217.9455718994141,245.6510009765625,233.40631103515625,297.3988342285156,574.894287109375,2.359999895095825,13.12025547027588,19.808210372924805,9.495718955993652,195.51907348632812,16.72486114501953,33.350807189941406,2.740000009536743,437.180908203125,32.472877502441406,16.046228408813477,10.309635162353516,35.01600646972656,52.5,51.16124725341797,15.094701766967772,1138.736572265625,55.18962097167969,4.619999885559082,20.257970809936523,23.4974365234375,265.0,162.22425842285156,55.573768615722656,176.58087158203125
2025-03-04,44.83048629760742,18.006772994995117,0.3919999897480011,22.87622833251953,6.755947589874268,20.029985427856445,18.315185546875,14.791295051574709,165.0303497314453,64.39320373535156,221.1815948486328,36.134788513183594,472.9500122070313,0.2721868455410003,206.6999664306641,233.9159240722656,245.17054748535156,298.38360595703125,558.7898559570312,4.420000076293945,12.565130233764648,19.314767837524418,9.205708503723145,195.27325439453125,16.25567626953125,33.52669906616211,2.740000009536743,430.2572326660156,32.472877502441406,15.754481315612791,10.273444175720217,34.37730407714844,51.5,50.83098602294922,14.979475021362305,1116.349853515625,55.657325744628906,5.01800012588501,19.823482513427734,21.550024032592773,255.25,168.54725646972656,54.083396911621094,171.09698486328125
2025-03-05,44.61082458496094,16.53671646118164,0.4199999868869781,21.483762741088867,6.594049453735352,19.65906143188477,17.849882125854492,15.24065113067627,168.9815216064453,66.5145034790039,217.9905242919922,34.71958541870117,458.8999938964844,0.2720890045166015,206.2023773193359,229.3986663818359,250.70664978027344,293.2628173828125,558.7898559570312,8.25,12.451454162597656,18.86538314819336,8.880744934082031,187.259765625,16.84357261657715,32.44203567504883,2.740000009536743,428.0811767578125,32.472877502441406,15.365480422973633,10.300588607788086,33.68224334716797,51.5,49.17028045654297,14.989076614379885,1196.4444580078125,55.18962097167969,5.130000114440918,19.008819580078125,22.7115535736084,257.79998779296875,168.3496551513672,53.48151016235352,163.1702880859375
2025-03-06,43.455204010009766,16.610315322875977,0.4180000126361847,20.688066482543945,6.6115522384643555,19.339136123657227,17.702760696411133,15.52149772644043,169.25537109375,68.11726379394531,217.1428680419922,35.002628326416016,460.1000061035156,0.2685668170452118,201.3259735107422,223.21197509765625,251.99180603027344,294.0506286621094,558.7898559570312,6.25,12.519659996032717,18.415996551513672,8.852405548095703,189.22625732421875,17.665117263793945,32.09025573730469,2.740000009536743,426.894287109375,32.0322380065918,15.170980453491213,10.246301651000977,32.83689880371094,51.5,48.972129821777344,15.353960990905762,1192.962158203125,55.657325744628906,4.849999904632568,18.75537109375,23.75939559936523,244.5500030517578,161.63148498535156,53.806339263916016,163.9180908203125
2025-03-07,43.493408203125,16.134763717651367,0.3959999978542328,20.091299057006836,6.6115522384643555,19.315954208374023,17.385465621948242,15.516818046569824,165.83230590820312,67.3630142211914,220.38381958007812,35.09697723388672,453.1000061035156,0.2657295167446136,199.13656616210935,218.9893035888672,233.60403442382812,285.5816650390625,567.3453369140625,5.585000038146973,12.822799682617188,18.010669708251953,8.739047050476074,193.1100921630859,17.78194236755371,32.26614761352539,2.740000009536743,427.0921325683594,31.4000244140625,14.781980514526367,10.105234146118164,32.61147689819336,51.0,50.53847885131836,15.507596969604492,1109.3851318359375,55.414283752441406,4.73799991607666,18.77347183227539,23.452951431274418,241.6499938964844,157.87721252441406,54.01652145385742,162.52220153808594
2025-03-10,41.27766799926758,16.438589096069336,0.3959999978542328,20.290220260620117,6.8303327560424805,19.557056427001953,17.898630142211914,15.25937271118164,159.5338897705078,66.37308502197266,208.5668487548828,35.663055419921875,459.4500122070313,0.2715998291969299,200.8283843994141,210.3475799560547,231.9234313964844,278.8852844238281,600.8961791992188,8.104999542236328,12.911847114562988,18.86538314819336,8.75227165222168,204.78375244140625,17.440885543823242,32.20751190185547,2.740000009536743,420.959716796875,31.649076461791992,14.879231452941896,10.862302780151367,32.58329391479492,52.5,51.55755233764648,15.401973724365234,1113.364990234375,55.90037536621094,4.199999809265137,19.135543823242188,23.07236671447754,203.1999969482422,155.11090087890625,53.88277053833008,162.9708709716797
2025-03-11,40.4945182800293,15.519566535949709,0.3759999871253967,19.892372131347656,6.589674472808838,18.58337783813477,17.73023223876953,15.08618450164795,159.41653442382812,65.5245590209961,201.3869171142578,35.3800163269043,451.4500122070313,0.2747306525707245,197.5442657470703,206.5668182373047,232.9120178222656,295.4292907714844,571.2036743164062,6.534999847412109,12.832271575927734,18.327880859375,8.53216552734375,193.95098876953125,17.128097534179688,31.982765197753903,2.740000009536743,412.4534606933594,31.649076461791992,15.07373046875,10.269813537597656,32.97779083251953,51.5,50.10443115234375,15.339558601379396,1148.188720703125,55.414283752441406,4.697999954223633,18.447607040405273,22.424875259399418,211.5,156.29644775390625,53.63437271118164,162.02366638183594
2025-03-12,40.65687942504883,15.757343292236328,0.3980000019073486,19.395063400268555,6.4759087562561035,18.55091857910156,17.043357849121094,15.170438766479492,160.4923553466797,65.90167999267578,198.92381286621097,35.663055419921875,455.6000061035156,0.2760025560855865,194.0113525390625,207.40151977539065,239.0412750244141,289.1268005371094,561.6416625976562,6.760000228881836,12.930792808532717,17.345401763916016,8.733378410339355,188.26255798339844,17.29579734802246,31.88504981994629,2.740000009536743,410.8709106445313,31.59160423278809,14.879231452941896,10.627188682556152,32.82750701904297,50.0,50.32145309448242,15.493193626403809,1258.6297607421875,54.92819595336914,5.368000030517578,18.411401748657227,22.46441650390625,228.8500061035156,160.6435089111328,54.10250473022461,160.4283447265625
2025-03-13,40.68553161621094,15.825278282165527,0.3799999952316284,19.395063400268555,6.445278644561768,18.34041976928711,17.357105255126953,15.123631477355955,158.6536865234375,65.28886413574219,192.94053649902344,35.663055419921875,464.25,0.2710127830505371,195.4046173095703,202.98245239257812,234.49375915527344,286.7633972167969,554.42822265625,6.21999979019165,12.93647575378418,17.182388305664062,8.691813468933105,191.8239898681641,17.252458572387695,32.20751190185547,2.740000009536743,414.9408874511719,31.24675941467285,14.908656120300291,10.363861083984377,33.46621322631836,50.0,50.727195739746094,15.666033744812012,1281.513916015625,53.95601272583008,6.414000034332275,18.393295288085938,21.856470108032227,221.3500061035156,156.691650390625,54.627960205078125,160.82717895507812
2025-03-14,40.69508361816406,16.13665199279785,0.4300000071525574,19.29560089111328,6.55904483795166,18.557106018066406,17.323427200317383,15.296819686889648,165.480224609375,68.02297973632812,195.4535217285156,35.94609069824219,471.0499877929687,0.2751220166683197,195.4046173095703,209.8565673828125,249.0260467529297,307.2464599609375,540.67236328125,5.920000076293945,12.995210647583008,16.970914840698242,8.996938705444336,191.77455139160156,17.476686477661133,32.17820358276367,2.740000009536743,416.1321105957031,31.24675941467285,15.104823112487791,10.59897518157959,33.362892150878906,49.599998474121094,50.99140548706055,15.723647117614746,1362.1060791015625,55.90037536621094,9.105999946594238,18.63629722595215,22.340850830078125,229.5500030517578,157.6796112060547,54.92412185668945,161.32571411132812
2025-03-17,42.643402099609375,16.348007202148438,0.5149999856948853,19.792911529541016,6.5180792808532715,18.71106719970703,17.598176956176758,15.48873233795166,167.4753875732422,68.58866119384766,194.9947967529297,35.94609069824219,475.3500061035156,0.284710168838501,198.7384796142578,210.54396057128903,247.04885864257812,310.9885559082031,549.8988647460938,5.934999942779541,13.28508758544922,17.14714241027832,9.40692138671875,191.972412109375,17.476686477661133,32.22705841064453,2.740000009536743,419.9043273925781,31.802343368530273,15.104823112487791,10.448500633239746,33.81309509277344,50.5,50.95365524291992,15.69003963470459,1362.1060791015625,55.90037536621094,10.404999732971191,18.47741317749023,22.662124633789062,216.8000030517578,160.0507354736328,54.981441497802734,166.7098846435547
2025-03-18,42.442840576171875,16.095136642456055,0.421999990940094,19.49452781677246,6.436148643493652,18.7642879486084,17.743528366088867,15.72745132446289,168.00350952148438,69.3900375366211,193.97764587402344,35.663055419921875,478.7000122070313,0.2735565900802612,202.8187561035156,210.64219665527344,250.50892639160156,320.6392822265625,565.5,5.46999979019165,13.404447555541992,17.08546257019043,9.09518337249756,191.52723693847656,17.650041580200195,31.94367790222168,2.740000009536743,416.7277221679687,31.70655059814453,15.104823112487791,10.429692268371582,34.483612060546875,50.5,50.349761962890625,15.920492172241213,1438.2208251953125,57.358646392822266,9.911999702453612,18.71106719970703,23.20581817626953,206.1999969482422,157.1514434814453,55.3827018737793,166.41075134277344
2025-03-19,42.0894660949707,16.629186630249023,0.4239999949932098,20.091299057006836,6.572700023651123,18.88783836364746,17.700984954833984,15.895960807800291,167.53407287597656,69.95571899414062,197.0889434814453,35.56871032714844,481.3500061035156,0.2740457952022552,203.1173095703125,215.55226135253903,244.0830841064453,314.5337219238281,1569.5,5.349999904632568,13.580648422241213,17.231727600097656,9.05267333984375,191.4282989501953,17.717876434326172,31.816648483276367,2.740000009536743,416.5292053222656,31.36170959472656,15.104823112487791,10.495523452758787,34.081302642822266,50.5,49.79304504394531,15.867680549621582,1373.0506591796875,55.90037536621094,9.645999908447266,18.729761123657227,23.2651309967041,216.1000061035156,158.7388458251953,56.18520736694336,169.20254516601562
2025-03-20,44.31475830078125,16.52728271484375,0.4259999990463257,20.688066482543945,6.495321273803711,18.977174758911133,17.969532012939453,15.77426052093506,163.68067932128906,70.23855590820312,195.99200439453125,35.851749420166016,487.8999938964844,0.281775027513504,207.29708862304688,216.92706298828125,241.31504821777344,301.53485107421875,1542.5,4.28000020980835,13.68485164642334,17.062610626220703,8.78627872467041,192.4175720214844,17.341020584106445,31.845962524414062,2.740000009536743,417.7203979492187,31.24675941467285,15.399072647094728,10.589570999145508,34.59855651855469,50.5,50.45355987548828,15.781259536743164,1329.272216796875,55.90037536621094,7.869999885559082,18.95406723022461,22.370506286621097,217.25,162.11204528808594,56.242530822753906,172.04420471191406
2025-03-21,43.741722106933594,16.787702560424805,0.449999988079071,19.892372131347656,6.449803352355957,18.971471786499023,17.681488037109375,15.732133865356444,162.9765167236328,70.14427947998047,200.73875427246097,35.663055419921875,483.7999877929687,0.2761003971099853,210.58119201660156,219.52940368652344,237.36068725585935,300.9440002441406,1555.0,4.340000152587891,13.61854076385498,17.199731826782227,8.739047050476074,190.2411346435547,17.28449249267578,31.611440658569336,2.740000009536743,417.1248168945313,30.813175201416016,15.399072647094728,10.584868431091309,35.240333557128906,49.79999923706055,49.915714263916016,15.714044570922852,1298.4283447265625,56.3864631652832,7.8979997634887695,19.066221237182617,21.856470108032227,229.3999938964844,162.31048583984375,55.79350662231445,169.40196228027344
2025-03-24,45.4130744934082,16.98396110534668,0.4359999895095825,19.792911529541016,6.636424541473389,19.29745101928711,17.92521858215332,15.77426052093506,163.54376220703125,70.6628189086914,203.6306610107422,35.56871032714844,483.7999877929687,0.2888194024562835,210.4816741943359,224.2430877685547,244.28082275390625,310.9885559082031,1601.5,3.746000051498413,13.556839942932127,17.437410354614258,8.93742561340332,192.56597900390625,17.28449249267578,32.021854400634766,2.740000009536743,420.89697265625,30.813175201416016,15.202905654907228,10.57546329498291,35.0583381652832,50.0,50.406375885009766,15.699642181396484,1298.4283447265625,55.414283752441406,8.12399959564209,19.197071075439453,22.268388748168945,259.95001220703125,166.4773712158203,55.373146057128906,169.8506622314453
2025-03-25,46.06251525878906,17.008493423461914,0.4320000112056732,20.290220260620117,6.6637349128723145,19.53504753112793,17.63717269897461,16.19085121154785,168.53164672851562,71.18135833740234,206.92144775390625,35.75740432739258,488.0499877929687,0.2867648005485534,214.2633819580078,227.09092712402344,247.3454437255859,309.4129638671875,1614.0,3.437999963760376,13.709163665771484,17.917339324951172,8.880744934082031,191.18096923828125,17.712221145629883,32.021854400634766,2.740000009536743,419.3086853027344,31.140771865844727,15.399072647094728,10.462608337402344,35.51811981201172,50.5,50.50257110595703,15.848475456237791,1312.8553466796875,55.90037536621094,8.027999877929688,19.159683227539062,22.2783145904541,266.79998779296875,166.0805206298828,56.70109939575195,172.9914093017578
2025-03-26,46.349029541015625,17.048124313354492,0.4300000071525574,20.290220260620117,6.677390098571777,19.62533187866211,17.653125762939453,16.041065216064453,166.790771484375,70.61567687988281,205.3259124755859,35.56871032714844,494.0,0.2818728685379028,214.2633819580078,229.3004608154297,249.7180633544922,311.38250732421875,1674.5,4.883999824523926,13.869199752807615,17.876203536987305,8.8448486328125,195.43492126464844,17.629314422607422,31.924135208129883,2.740000009536743,425.2648010253906,31.140771865844727,15.202905654907228,10.457905769348145,35.5276985168457,51.0,51.41643142700195,15.805265426635742,1346.68408203125,55.90037536621094,7.633999824523926,19.365299224853516,21.385000228881836,251.5500030517578,158.54043579101562,58.49238204956055,174.03834533691406
2025-03-27,44.98329544067383,17.334964752197266,0.4160000085830688,20.290220260620117,6.700148582458496,19.525543212890625,17.371286392211914,15.99893856048584,164.99122619628906,70.6628189086914,207.3701934814453,35.56871032714844,496.5499877929687,0.2818728685379028,214.2633819580078,225.8634033203125,247.54315185546875,306.6556091308594,1641.5,4.757999897003174,13.96560764312744,17.958477020263672,8.823121070861816,194.98974609375,17.540754318237305,32.363861083984375,2.740000009536743,425.8603820800781,31.140771865844727,15.202905654907228,10.453203201293944,35.556434631347656,50.0,51.83007049560547,15.891685485839844,1343.2017822265625,55.90037536621094,7.366000175476074,19.552223205566406,21.131893157958984,252.9499969482422,155.3656463623047,58.589202880859375,171.69522094726562
2025-03-28,43.8181266784668,16.73486328125,0.4120000004768371,20.489145278930664,6.864010810852051,19.273693084716797,16.87496566772461,15.863195419311523,162.6048583984375,69.81430053710938,200.8384552001953,35.95643997192383,486.6000061035156,0.2813836634159088,206.6004638671875,220.0204315185547,241.21617126464844,303.7013244628906,1633.5,4.185999870300293,13.78628921508789,17.7025146484375,8.767386436462402,192.12078857421875,17.235502243041992,32.77427673339844,2.740000009536743,422.2867431640625,31.140771865844727,15.104823112487791,10.161661148071287,35.27865219116211,49.400001525878906,52.00322341918945,15.992509841918944,1303.4031982421875,55.90037536621094,6.980000019073486,19.178377151489254,20.357685089111328,241.6499938964844,151.39718627929688,57.330467224121094,173.63949584960938
2025-03-31,42.1754264831543,16.627300262451172,0.3740000128746032,19.892372131347656,6.650079250335693,19.264190673828125,16.89888572692871,15.70404815673828,159.2013702392578,67.88156127929688,204.8771820068359,36.342037200927734,489.8500061035156,0.28128582239151,206.6004638671875,220.41322326660156,244.28082275390625,297.98968505859375,1605.0,4.349999904632568,13.784361839294434,17.82135581970215,8.508549690246582,191.4282989501953,16.956626892089844,33.51692199707031,2.740000009536743,427.647216796875,31.853775024414062,15.00674057006836,10.147554397583008,35.087074279785156,47.400001525878906,52.84973907470703,15.776459693908691,1312.3577880859375,53.95601272583008,6.927999973297119,19.122297286987305,19.851470947265625,239.8500061035156,151.39718627929688,57.76618576049805,162.3726348876953
2025-04-01,42.74845886230469,16.648056030273438,0.4000000059604645,20.489145278930664,6.622769355773926,19.56355857849121,17.108673095703125,15.92404556274414,164.36529541015625,68.77721405029297,206.0239715576172,36.72762298583984,494.1000061035156,0.2849058508872986,210.18312072753903,223.4574737548828,246.95001220703125,302.1257019042969,1616.5,4.138000011444092,13.886553764343262,17.551679611206055,8.615296363830566,190.48846435546875,17.12244415283203,33.624412536621094,2.740000009536743,426.85308837890625,31.834503173828125,15.202905654907228,10.321539878845217,35.6522216796875,52.5,52.3110466003418,15.958902359008787,1347.181640625,54.92819595336914,6.964000225067139,19.159683227539062,19.970582962036133,250.4499969482422,154.37353515625,57.601585388183594,169.50167846679688
2025-04-02,43.78947448730469,16.582008361816406,0.4000000059604645,20.489145278930664,6.7638726234436035,19.582565307617188,16.989059448242188,15.947449684143066,159.16226196289062,64.11035919189453,206.0239715576172,36.53483200073242,493.1499938964844,0.2879388630390167,211.37733459472656,222.0826416015625,243.98423767089844,297.98968505859375,1579.0,4.015999794006348,13.797858238220217,17.848777770996094,8.519885063171387,190.73577880859375,17.13563346862793,32.862220764160156,2.740000009536743,426.4560241699219,31.834503173828125,15.300989151000977,10.142851829528809,35.7767448425293,53.0,49.40594482421875,16.179752349853516,1290.4686279296875,52.98383331298828,6.78000020980835,19.402685165405273,19.768096923828125,260.20001220703125,154.7703857421875,57.52412414550781,169.05299377441406
2025-04-03,42.62430191040039,16.366878509521484,0.3740000128746032,19.5939884185791,6.495321273803711,18.617931365966797,16.42410659790039,15.418519973754885,154.5460205078125,62.696163177490234,183.40719604492188,34.89606475830078,482.3999938964844,0.2622072994709015,201.12693786621097,203.8171844482422,249.61920166015625,297.5957946777344,1429.5,3.9779999256134033,13.1808500289917,17.291149139404297,8.144855499267578,190.1422119140625,16.30655288696289,33.53646469116211,2.740000009536743,420.3013916015625,30.504852294921875,15.00674057006836,9.94065284729004,35.25949478149414,52.5,50.60839080810547,15.901288032531738,1346.1866455078125,52.49774169921875,6.420000076293945,18.45871925354004,18.106529235839844,242.9499969482422,142.66653442382812,54.803321838378906,161.02659606933594
2025-04-04,35.33720016479492,14.976079940795898,0.3499999940395355,19.5939884185791,6.021940231323242,17.483177185058594,16.38178253173828,14.730443954467772,143.67047119140625,59.01924514770508,172.2783203125,35.28165817260742,458.9500122070313,0.2641640901565552,197.29547119140625,191.389404296875,228.95765686035156,264.901611328125,1296.5,3.930000066757202,12.583122253417969,16.322147369384766,7.556332588195801,187.5700531005859,15.008282661437988,32.31500244140625,2.740000009536743,396.6755676269531,30.581933975219727,14.81057357788086,9.58798122406006,33.03721618652344,51.5,49.81958770751953,15.037087440490724,1269.5743408203125,49.09511184692383,5.751999855041504,16.897905349731445,16.895587921142578,219.1000061035156,133.5390625,51.3853759765625,147.96498107910156
2025-04-07,35.33720016479492,14.385416030883787,0.3300000131130218,18.30098342895508,5.516698360443115,16.909149169921875,14.922473907470703,14.206195831298828,133.7925262451172,55.15376663208008,165.73660278320312,35.088863372802734,444.2000122070313,0.24068284034729,170.8235321044922,194.51365661621097,227.6724853515625,271.9919128417969,1362.0,3.950000047683716,11.611332893371582,15.407998085021973,7.226646423339844,180.64500427246097,14.416619300842283,31.33783531188965,2.740000009536743,392.3077697753906,29.21374130249023,14.025907516479492,9.005837440490723,31.590816497802734,49.0,49.05002212524414,14.465754508972168,1237.7354736328125,48.51180648803711,5.854000091552734,15.981979370117188,16.75067138671875,212.5,131.55482482910156,48.693626403808594,142.9298095703125
2025-04-08,36.14899826049805,13.9834623336792,0.3580000102519989,18.40044593811035,5.525802135467529,17.448963165283203,15.675129890441896,14.201515197753906,137.1569061279297,56.19084548950195,156.92124938964844,34.89606475830078,464.1499938964844,0.231192484498024,187.49288940429688,199.0714874267578,232.1211395263672,272.77972412109375,1320.0,3.7200000286102295,11.46286678314209,15.933633804321287,7.954034328460693,184.6021728515625,14.780284881591797,31.982765197753903,2.740000009536743,376.42486572265625,29.19447326660156,14.025907516479492,8.667271614074707,31.84944725036621,53.0,48.48247146606445,14.744219779968262,1308.87548828125,48.6090202331543,5.552000045776367,15.74832534790039,17.137775421142578,201.6999969482422,128.38003540039062,48.84854507446289,149.66001892089844
2025-04-09,34.07652282714844,15.066661834716797,0.3549999892711639,17.803674697875977,5.261801719665527,16.20206642150879,15.708253860473633,14.018964767456056,130.54551696777344,55.05949020385742,181.17344665527344,34.703269958496094,444.75,0.2289422005414962,181.7705841064453,212.6164703369141,246.5545654296875,278.4913330078125,1223.5,4.074999809265137,10.830431938171388,14.557838439941406,7.225701808929443,180.8428497314453,14.23196029663086,31.611440658569336,2.740000009536743,404.219970703125,28.481473922729492,13.53549098968506,9.522149085998535,30.11568832397461,48.599998474121094,49.34822845458984,14.537772178649902,1299.9207763671875,46.47022247314453,6.573999881744385,15.075398445129396,16.56009864807129,248.0,143.85708618164062,46.72322082519531,143.72744750976562
2025-04-10,36.913047790527344,14.372206687927246,0.3849999904632568,19.5939884185791,5.471181392669678,16.971874237060547,14.493698120117188,14.30917263031006,136.39405822753906,57.79360580444336,168.6883544921875,34.51047134399414,456.1000061035156,0.2518364191055298,195.20556640625,200.1096038818359,241.90818786621097,288.53594970703125,1313.0,3.825000047683716,11.142791748046877,16.422704696655273,7.887908458709717,191.4282989501953,14.719987869262695,32.32477951049805,2.740000009536743,387.1458435058594,29.387176513671875,14.51632308959961,8.789530754089355,30.82451629638672,51.5,48.29008102416992,15.01308250427246,1372.55322265625,49.38676452636719,6.533999919891357,16.785751342773438,16.78045082092285,225.0,132.94378662109375,47.9432258605957,145.572021484375
2025-04-11,35.65237045288086,14.245769500732422,0.3849999904632568,18.79829216003418,5.412008762359619,16.445363998413086,14.110929489135742,14.426193237304688,131.89517211914062,58.40642547607422,174.45223999023438,34.51047134399414,453.2999877929687,0.2479228675365448,190.92628479003903,206.8820953369141,244.47853088378903,285.9755554199219,1338.0,3.744999885559082,11.084948539733888,15.21602725982666,7.840675354003906,189.84542846679688,14.891457557678224,32.23683166503906,2.740000009536743,393.697509765625,29.05958366394043,14.123990058898926,8.672914505004883,29.445171356201172,50.5,48.015926361083984,15.12830924987793,1353.6488037109375,47.831275939941406,6.271999835968018,15.383824348449709,17.453414916992188,220.75,136.91226196289062,47.12020492553711,147.2670440673828
2025-04-14,36.71248626708984,14.153302192687988,0.3799999952316284,19.0966796875,5.325525760650635,16.916751861572266,14.167976379394531,14.749167442321776,136.1984405517578,60.05632400512695,180.4953460693359,35.474449157714844,467.5499877929687,0.2620116174221039,192.56832885742188,205.00360107421875,252.09068298339844,298.58056640625,1404.5,3.660000085830689,11.354888916015623,15.005773544311523,8.001267433166504,192.86276245117188,15.24193286895752,32.87199020385742,2.740000009536743,390.1238708496094,29.05958366394043,14.222074508666992,8.855363845825195,30.575468063354492,50.5,48.57866668701172,15.656432151794434,1432.74853515625,49.97007369995117,6.21999979019165,15.61747932434082,17.832576751708984,223.3500061035156,136.3169708251953,48.62584686279297,151.6042938232422
2025-04-15,37.954063415527344,14.625078201293944,0.3519999980926513,19.792911529541016,5.3892502784729,16.964271545410156,14.631715774536133,15.072142601013184,137.8415069580078,61.5648078918457,179.17901611328125,35.57085418701172,473.1000061035156,0.2556520998477936,193.11569213867188,205.30018615722656,258.41766357421875,302.5196228027344,1437.5,4.289999961853027,11.530350685119627,15.481128692626951,8.124073028564453,193.75314331054688,15.517037391662598,33.85893249511719,2.740000009536743,398.2638854980469,29.84966278076172,14.320157051086426,9.019003868103027,30.99693489074707,50.5,49.16545867919922,15.838874816894531,1432.74853515625,48.997894287109375,6.026000022888184,15.729633331298828,18.16608238220215,224.3000030517578,137.9043731689453,49.00346374511719,152.15269470214844
2025-04-16,37.419227600097656,14.48165798187256,0.3510000109672546,19.395063400268555,5.2481465339660645,16.907249450683594,14.519460678100586,15.235969543457031,137.4111785888672,61.28196334838867,170.4235076904297,35.57085418701172,463.0499877929687,0.2465531378984451,194.70797729492188,197.7367706298828,252.98040771484375,305.2769470214844,1440.5,3.799999952316284,11.73666286468506,15.225168228149414,7.955923557281494,192.7638397216797,15.579218864440918,33.75144577026367,2.740000009536743,390.3224182128906,29.791851043701172,14.320157051086426,8.861006736755371,30.92988395690918,49.79999923706055,48.57866668701172,16.064525604248047,1477.0244140625,48.22014617919922,5.5879998207092285,16.140865325927734,17.927865982055664,210.5500030517578,132.3485107421875,50.03949737548828,150.90635681152344
2025-04-17,37.54338836669922,14.27973747253418,0.3659999966621399,19.29560089111328,5.311870574951172,17.089719772338867,14.510260581970217,15.245330810546877,133.4600067138672,61.0462646484375,173.19573974609375,35.57085418701172,458.8999938964844,0.2482163906097412,200.1317596435547,203.2733917236328,253.37583923339844,295.4292907714844,1443.0,3.809999942779541,11.831143379211426,15.385144233703612,8.020160675048828,188.0152282714844,15.505731582641602,33.9761962890625,2.740000009536743,396.0799560546875,29.830392837524418,14.41823959350586,9.09047794342041,31.466291427612305,49.599998474121094,49.49251937866211,16.261371612548828,1456.627685546875,50.55338287353515,5.757999897003174,16.010019302368164,17.796844482421875,211.8500061035156,132.94378662109375,50.01045227050781,146.070556640625
2025-04-22,37.37147521972656,14.308043479919434,0.3650000095367431,18.499906539916992,5.412008762359619,16.812210083007812,13.945307731628418,15.371712684631348,133.05999755859375,62.03620529174805,174.1730194091797,36.14923858642578,450.8500061035156,0.241074189543724,194.6084747314453,201.4937744140625,248.53173828125,300.1561584472656,1429.5,3.7049999237060542,11.95261573791504,15.34400749206543,7.863347053527832,182.87091064453125,15.718656539916992,34.0055046081543,2.740000009536743,394.4916687011719,30.014591217041016,13.829740524291992,9.171358108520508,31.217247009277344,47.599998474121094,49.12697982788086,16.410205841064453,1418.8189697265625,49.58120346069336,5.4019999504089355,15.74832534790039,18.011241912841797,206.3999938964844,131.15797424316406,50.22346878051758,148.86236572265625
2025-04-23,40.70463180541992,14.796805381774902,0.3680000007152557,19.395063400268555,5.448422908782959,17.58201789855957,15.19666862487793,15.624475479125977,138.83999633789062,63.07328414916992,180.0166778564453,36.14923858642578,463.8500061035156,0.2593699991703033,202.4206695556641,210.5402069091797,243.39108276367188,289.3237609863281,1467.0,3.684999942779541,11.98346710205078,15.659388542175291,8.142966270446777,188.70773315429688,16.41584014892578,34.230255126953125,2.740000009536743,391.712158203125,30.75138282775879,14.41823959350586,9.35944938659668,32.29964828491211,50.0,49.3289909362793,16.592649459838867,1376.5330810546875,51.33112716674805,6.199999809265137,16.46798324584961,19.08321952819824,225.8500061035156,138.102783203125,50.33966064453125,161.77439880371094
2025-04-24,39.93103790283203,14.421271324157717,0.3700000047683716,19.395063400268555,5.534905433654785,17.391939163208008,15.032886505126951,15.624475479125977,137.25999450683594,63.45040512084961,181.9313201904297,35.86004638671875,466.1499938964844,0.2491947710514068,201.22645568847656,210.93569946289065,237.756103515625,291.490234375,1483.5,3.5899999141693115,12.236055374145508,15.769085884094238,8.124073028564453,185.93771362304688,16.32744598388672,34.64067077636719,2.740000009536743,392.3077697753906,30.169708251953125,14.41823959350586,9.20145320892334,32.04102325439453,51.0,49.56947708129883,16.717477798461914,1375.5380859375,51.136688232421875,6.561999797821045,16.08478546142578,20.089691162109375,227.8500061035156,142.07127380371094,50.49458312988281,161.1761474609375
2025-04-25,40.78104019165039,15.05911350250244,0.3700000047683716,19.792911529541016,5.584974765777588,17.644742965698242,15.29236125946045,15.80234432220459,140.60000610351562,65.00601959228516,183.48696899414065,35.6672477722168,465.0499877929687,0.25614133477211,204.0129852294922,211.03456115722656,231.82456970214844,292.08111572265625,1472.0,3.5,12.299684524536133,16.057044982910156,8.162803649902344,186.0861053466797,16.571020126342773,34.728614807128906,2.740000009536743,388.53558349609375,30.18909454345703,14.61440658569336,9.314308166503906,32.26133346557617,52.0,49.71377182006836,16.755887985229492,1379.5179443359375,52.10886764526367,6.50600004196167,16.636213302612305,20.263391494750977,247.9499969482422,143.65866088867188,51.08521270751953,161.9738006591797
2025-04-28,41.47822952270508,14.777934074401855,0.3600000143051147,19.49452781677246,5.56676721572876,17.553504943847656,15.450620651245115,16.03170394897461,144.32000732421875,65.5245590209961,183.5069274902344,35.95643997192383,467.2000122070313,0.2556520998477936,204.0129852294922,211.13343811035156,231.42913818359375,293.45977783203125,1461.5,3.549999952316284,12.26112174987793,16.034191131591797,8.313005447387695,189.40023803710935,16.661380767822266,34.56249237060547,2.740000009536743,388.3370666503906,29.975812911987305,14.41823959350586,9.470423698425291,32.223018646240234,51.5,49.22317123413086,16.86151123046875,1332.754638671875,51.33112716674805,6.550000190734863,16.496021270751953,19.995397567749023,250.0500030517578,142.07127380371094,51.240135192871094,160.52806091308594
2025-04-29,41.44002532958984,14.881725311279297,0.3389999866485595,19.5939884185791,5.662353515625,17.270294189453125,15.713773727416992,16.148723602294922,143.97999572753906,64.77031707763672,185.18223571777344,35.95643997192383,466.2000122070313,0.2560434937477112,206.6999664306641,212.6164703369141,237.36068725585935,305.2769470214844,1494.0,3.434999942779541,12.230270385742188,16.121034622192383,8.738101959228516,189.1034393310547,16.899063110351562,34.87519073486328,2.740000009536743,392.3077697753906,30.46054458618164,14.51632308959961,9.522149085998535,32.4050178527832,52.0,49.56947708129883,16.909523010253906,1332.754638671875,51.52556228637695,6.050000190734863,16.67359733581543,19.995397567749023,257.3999938964844,143.26181030273438,50.688228607177734,159.38143920898438
2025-04-30,38.765865325927734,14.981741905212402,0.3499999940395355,19.892372131347656,5.689663887023926,17.125835418701172,15.767141342163086,15.437243461608888,147.13999938964844,65.38314056396484,187.4758148193359,36.14923858642578,469.5,0.2547715902328491,206.6999664306641,211.33116149902344,240.32644653320312,311.38250732421875,1496.0,3.5450000762939453,12.243767738342283,16.107324600219727,8.53972339630127,189.84542846679688,16.749774932861328,35.28560256958008,2.740000009536743,397.0726318359375,30.46054458618164,14.61440658569336,9.550362586975098,32.25175094604492,52.5,50.213985443115234,17.130373001098633,1491.451416015625,51.720001220703125,5.900000095367432,16.7390193939209,19.672807693481445,249.6000061035156,145.6428985595703,49.536006927490234,160.4781951904297
2025-05-02,40.78104019165039,14.719433784484863,0.3400000035762787,20.091299057006836,5.507595539093018,17.0364990234375,15.956685066223145,15.451285362243652,154.9600067138672,67.7401351928711,180.8742828369141,36.9204216003418,474.6499938964844,0.2691538333892822,205.00814819335935,219.53724670410156,247.83973693847656,317.4880065917969,1572.0,3.849999904632568,12.201348304748535,15.659388542175291,8.738101959228516,195.53384399414065,17.946046829223633,35.266056060791016,2.740000009536743,399.455078125,30.46054458618164,14.81057357788086,8.928719520568848,32.587013244628906,53.0,50.36790084838867,17.332019805908203,1568.0635986328125,52.10886764526367,6.800000190734863,16.60817527770996,20.486719131469727,254.1499938964844,156.75462341308594,49.24552917480469,163.07058715820312
2025-05-05,41.07710647583008,14.69301414489746,0.3600000143051147,20.688066482543945,5.3755950927734375,17.325414657592773,15.507667541503906,15.502774238586426,158.27999877929688,68.25868225097656,175.34971618652344,36.72762298583984,456.6499938964844,0.2700344026088714,205.00814819335935,222.3055725097656,247.9385986328125,326.1539611816406,1592.0,4.610000133514404,12.122294425964355,15.851360321044922,8.613407135009766,190.1916656494141,17.828187942504883,35.1781120300293,2.740000009536743,397.0726318359375,30.363597869873047,14.908656120300291,8.513035774230957,32.452911376953125,53.5,50.85849380493164,17.45204734802246,1618.8067626953125,50.942256927490234,6.460000038146973,16.767061233520508,20.283241271972656,248.8000030517578,155.3656463623047,48.906639099121094,168.95327758789062
2025-05-06,40.05519104003906,14.625078201293944,0.3499999940395355,20.290220260620117,5.252697944641113,17.331117630004883,15.535272598266602,15.51213550567627,156.63999938964844,67.83441925048828,175.38961791992188,37.78800582885742,453.0,0.2672949135303497,207.6951446533203,219.4383850097656,245.76370239257812,322.21490478515625,1556.0,4.235000133514404,12.25919246673584,15.590827941894531,8.63418960571289,186.58074951171875,17.557109832763672,35.86213302612305,2.740000009536743,389.9253234863281,29.781919479370117,14.908656120300291,8.496108055114746,32.8360595703125,53.0,51.21442031860352,17.524065017700195,1636.7161865234375,50.74781799316406,6.257999897003174,16.458635330200195,19.881250381469727,242.1999969482422,151.39718627929688,49.43918228149414,165.4635467529297
2025-05-07,41.058006286621094,14.54393196105957,0.3499999940395355,20.290220260620117,5.366491317749023,17.2893009185791,15.549992561340332,15.549583435058594,154.5800018310547,67.97583770751953,173.2156982421875,37.78800582885742,455.0499877929687,0.2699365615844726,207.29708862304688,219.3889312744141,245.76370239257812,305.4739074707031,1508.0,3.9549999237060542,12.195563316345217,15.682243347167969,8.615296363830566,188.41094970703125,17.449073791503906,36.3213996887207,2.740000009536743,393.4989929199219,30.324819564819336,15.00674057006836,8.633415222167969,32.749847412109375,53.5,51.93588638305664,17.629690170288086,1625.2740478515625,51.136688232421875,6.093999862670898,16.524059295654297,20.010284423828125,242.4499969482422,152.9845733642578,49.13901901245117,165.7128143310547
2025-05-08,41.650142669677734,14.66282081604004,0.414000004529953,20.489145278930664,5.703319549560547,17.296903610229492,15.595999717712402,15.699368476867676,158.3800048828125,68.25868225097656,176.62615966796875,37.40241241455078,460.8999938964844,0.2738501131534576,211.1782989501953,225.41990661621097,248.2351837158203,317.0941162109375,1460.0,3.9700000286102295,12.288114547729492,15.814794540405272,8.582233428955078,190.93365478515625,17.6671142578125,35.61783981323242,2.740000009536743,401.0433654785156,31.41061782836914,15.202905654907228,8.665390968322754,33.3437385559082,54.0,51.89740753173828,17.692102432250977,1692.4342041015625,51.52556228637695,9.38599967956543,16.645559310913086,20.37257194519043,255.8500061035156,155.16722106933594,49.42949676513672,167.1087188720703
2025-05-09,42.58939743041992,14.672256469726562,0.4189999997615814,20.688066482543945,5.730629920959473,17.55540657043457,15.757940292358398,15.764899253845217,158.44000244140625,68.87150573730469,176.38682556152344,37.20961380004883,456.3999938964844,0.2814815044403076,211.47756958007812,223.98631286621097,246.75228881835935,307.2464599609375,1547.0,4.019999980926514,12.53299045562744,16.230731964111328,8.549169540405273,190.58738708496097,17.881223678588867,34.82632827758789,2.740000009536743,397.2711791992187,31.08100318908691,15.104823112487791,8.627772331237793,33.477840423583984,54.5,50.78153991699219,17.65849494934082,1685.469482421875,50.942256927490234,9.87600040435791,16.59882926940918,21.0524845123291,264.6499938964844,157.34988403320312,50.24283218383789,168.95327758789062
2025-05-12,42.86334991455078,15.266695022583008,0.4050000011920929,21.284839630126953,6.135733604431152,18.735776901245117,16.286088943481445,15.914684295654297,158.5800018310547,69.95571899414062,189.52944946289065,35.76364517211914,461.25,0.3003643453121185,211.47756958007812,231.8463592529297,233.60403442382812,288.1420593261719,1678.5,3.924999952316284,12.791362762451172,16.8889217376709,8.879800796508789,191.9229431152344,18.350696563720703,34.171630859375,2.740000009536743,407.99212646484375,31.08100318908691,15.202905654907228,9.034050941467283,31.744077682495117,54.5,49.3289909362793,17.538467407226562,1585.9730224609375,53.85879898071289,9.59000015258789,16.972675323486328,22.48675537109375,286.25,167.0726318359375,51.3853759765625,180.4694366455078
2025-05-13,45.60284805297851,15.262807846069336,0.3840000033378601,21.139602661132812,6.044699192047119,18.19025993347168,16.260324478149414,15.9334077835083,161.10000610351562,70.9456558227539,190.1486358642578,34.992462158203125,460.7000122070313,0.3052562475204468,207.2879180908203,232.291259765625,237.16294860839844,297.792724609375,1685.5,3.930000066757202,12.989961624145508,16.7746524810791,9.013941764831545,193.90151977539065,18.299625396728516,33.59510040283203,2.740000009536743,402.0360412597656,31.08100318908691,14.61440658569336,9.321831703186035,32.13680648803711,56.0,48.92496871948242,17.423242568969727,1600.4000244140625,54.24766540527344,9.552000045776367,17.552141189575195,23.131927490234375,298.75,172.23165893554688,51.71458053588867,182.3140106201172
2025-05-14,45.3680305480957,15.237541198730469,0.3779999911785126,21.737892150878903,6.281389236450195,18.40884780883789,16.25296401977539,16.223615646362305,159.5,70.28570556640625,189.8490447998047,34.89606475830078,460.7000122070313,0.3078979253768921,207.2879180908203,231.64862060546875,237.2618103027344,298.1866149902344,1714.0,4.0,12.962968826293944,16.870637893676758,9.176424026489258,188.65826416015625,18.299625396728516,31.455093383789062,2.740000009536743,396.0799560546875,31.061613082885746,14.81057357788086,9.05474090576172,31.72492218017578,55.5,48.72296142578125,17.437644958496094,1608.5,53.66436004638672,9.71399974822998,17.617563247680664,23.117040634155273,311.1499938964844,172.82691955566406,51.42410659790039,180.4694366455078
2025-05-15,44.98645782470703,15.32500171661377,0.3689999878406524,20.94017219543457,6.299596309661865,18.180755615234375,15.886757850646973,16.2938289642334,159.22000122070312,69.90857696533203,188.6106719970703,34.703269958496094,454.25,0.306136816740036,206.7891540527344,235.5044860839844,245.862548828125,303.1104431152344,1701.5,3.8350000381469727,12.845351219177246,16.85692596435547,9.176424026489258,196.0779571533203,18.51569938659668,31.0446834564209,2.740000009536743,403.02874755859375,30.479934692382812,14.51632308959961,9.067907333374023,32.17512512207031,54.5,50.04083633422851,17.65849494934082,1682.0,53.66436004638672,9.770000457763672,17.337175369262695,22.992969512939453,303.8999938964844,171.63638305664062,51.18204498291016,181.3667907714844
2025-05-16,44.90818786621094,15.451333045959473,0.3650000095367431,21.538461685180664,6.213113307952881,18.598922729492188,16.286088943481445,16.23297691345215,160.24000549316406,68.96578216552734,189.3497009277344,35.474449157714844,461.0499877929687,0.3082892596721649,208.4849548339844,237.4818572998047,243.193359375,301.14093017578125,1734.5,3.690000057220459,12.910907745361328,17.282005310058594,9.224601745605469,203.79444885253903,18.61195182800293,31.650529861450195,2.740000009536743,408.3891906738281,30.479934692382812,14.908656120300291,9.17079734802246,32.002708435058594,56.5,50.637245178222656,17.711307525634766,1723.0,54.24766540527344,11.100000381469728,17.28110122680664,22.888748168945312,312.3500061035156,172.82691955566406,51.54029846191406,183.6101837158203
2025-05-19,44.55596923828125,15.216161727905272,0.4189999997615814,21.339031219482425,6.295044422149658,18.114229202270508,16.286088943481445,16.27978515625,161.89999389648438,68.494384765625,185.2551116943359,36.43843078613281,454.5,0.3144530951976776,208.4849548339844,235.45504760742188,246.95001220703125,305.0799865722656,1702.0,3.609999895095825,12.848033905029297,17.03061294555664,8.833512306213379,201.71693420410156,18.71802520751953,32.217288970947266,2.740000009536743,407.3965148925781,31.003442764282227,15.00674057006836,8.743706703186035,31.98354721069336,56.0,50.53142929077149,17.840938568115234,1752.5,54.05323028564453,11.55500030517578,17.67363929748535,22.63564109802246,304.79998779296875,169.6521453857422,51.20140838623047,179.62191772460938
2025-05-20,44.74185943603515,15.239484786987305,0.4239999949932098,21.538461685180664,6.372424125671387,18.608427047729492,16.194076538085938,16.51850700378418,161.83999633789062,70.05000305175781,182.59861755371097,37.980804443359375,453.1000061035156,0.3245304524898529,206.8889007568359,233.08221435546875,252.3000030517578,310.20001220703125,1711.0,3.5,12.897154808044434,17.195159912109375,8.781556129455566,201.1233673095703,18.826061248779297,32.61792755126953,2.740000009536743,404.4184875488281,31.003442764282227,15.300989151000977,8.567047119140625,31.897336959838867,56.0,51.28175735473633,18.032983779907227,1780.0,53.27548599243164,14.845000267028809,17.767101287841797,22.79445457458496,303.04998779296875,169.2552947998047,51.32727813720703,181.96502685546875
2025-05-21,43.46995162963867,14.965441703796388,0.402999997138977,21.339031219482425,6.208561897277832,18.165550231933594,15.814986228942873,16.47637939453125,162.10000610351562,69.86143493652344,178.6438446044922,37.49881362915039,448.25,0.323356419801712,206.5896453857422,227.39727783203125,252.8000030517578,312.20001220703125,1697.0,3.430000066757202,12.791053771972656,17.062610626220703,8.705039024353027,207.7516326904297,18.74748992919922,32.70587158203125,2.740000009536743,397.0726318359375,30.925886154174805,15.00674057006836,7.755574226379395,31.667449951171875,55.0,50.65648651123047,18.004175186157227,1795.0,54.24766540527344,13.65999984741211,17.477371215820312,22.76963996887207,296.0,167.8663330078125,50.659183502197266,178.27587890625
2025-05-22,42.7557258605957,14.88381290435791,0.5059999823570251,20.94017219543457,6.099319934844971,18.21116828918457,15.154342651367188,16.45297622680664,161.25999450683594,69.1072006225586,178.4840545654297,37.69160461425781,447.9500122070313,0.323356419801712,203.09828186035156,229.27577209472656,260.0,313.0,1665.5,3.299999952316284,12.59457015991211,16.925487518310547,8.41691780090332,204.38803100585935,18.66498756408691,32.479190826416016,2.740000009536743,400.6463012695313,30.096906661987305,14.71249008178711,7.629388809204102,31.475873947143555,54.5,50.72382354736328,18.028181076049805,1770.0,54.24766540527344,17.049999237060547,17.196983337402344,22.303129196166992,307.3999938964844,172.6284942626953,49.86521530151367,174.78614807128906
2025-05-23,43.20578384399414,14.671963691711426,0.5839999914169312,20.94017219543457,6.026492595672607,17.969772338867188,15.123059272766112,16.1299991607666,157.3000030517578,68.21154022216797,171.6730499267578,37.78800582885742,444.1499938964844,0.3202255666255951,202.0009765625,227.5455780029297,257.20001220703125,305.3999938964844,1715.0,3.434999942779541,12.531695365905762,16.664953231811523,8.310171127319336,204.8826904296875,18.24069595336914,32.973697662353516,2.740000009536743,401.0433654785156,30.096906661987305,14.51632308959961,8.064244270324707,31.360929489135746,53.0,50.38713836669922,17.95136260986328,1783.5,52.30330657958984,16.7450008392334,16.90725326538086,21.360185623168945,300.8999938964844,167.0726318359375,49.35203552246094,175.83306884765625
2025-05-26,43.107948303222656,15.20838737487793,0.9539999961853028,20.54131126403809,6.326906681060791,18.391740798950195,15.588638305664062,16.31999969482422,160.22000122070312,69.3900375366211,175.2882843017578,38.07719802856445,448.0,0.3202255666255951,202.0009765625,227.1995391845703,263.20001220703125,305.79998779296875,1702.0,3.4800000190734863,12.70263671875,16.78836441040039,8.408415794372559,212.69808959960935,18.501949310302734,33.082489013671875,2.740000009536743,400.8448181152344,30.096906661987305,14.61440658569336,8.184606552124023,31.504608154296875,54.0,50.983551025390625,18.28744125366211,1842.0,51.33112716674805,17.200000762939453,17.51475715637207,21.965654373168945,300.79998779296875,171.0410919189453,50.13632583618164,177.07940673828125
2025-05-27,43.70476531982422,15.181178092956545,1.190000057220459,20.94017219543457,6.240423679351807,18.27199363708496,15.424857139587402,16.290000915527344,162.1999969482422,69.48431396484375,176.6265106201172,38.46278762817383,448.5,0.3234542608261108,201.6019744873047,229.3746337890625,268.79998779296875,305.3999938964844,1671.5,3.369999885559082,12.76944065093994,16.83407211303711,8.338510513305664,217.74349975585935,18.484270095825195,33.2506217956543,2.740000009536743,408.7862548828125,30.33097267150879,14.71249008178711,8.398152351379395,31.715343475341797,54.0,50.22360610961914,18.321048736572266,1889.0,52.49774169921875,15.710000038146973,17.08483123779297,22.283279418945312,320.0,172.6284942626953,49.9039421081543,174.6331329345703
2025-05-28,44.97667694091797,15.258919715881348,1.0199999809265137,21.339031219482425,6.36787223815918,18.452564239501953,15.382532119750977,16.024999618530273,162.33999633789062,68.25868225097656,177.84490966796875,38.269996643066406,447.1499938964844,0.3295202255249023,202.99851989746097,231.30258178710935,275.5,321.79998779296875,1551.5,3.3350000381469727,12.736038208007812,17.204303741455078,8.313949584960938,214.1820373535156,18.24069595336914,33.00336837768555,2.740000009536743,406.40380859375,30.54552841186523,14.71249008178711,8.398152351379395,31.973970413208008,54.5,50.60839080810547,18.301843643188477,1898.0,51.136688232421875,15.5,17.08483123779297,22.18402099609375,317.6000061035156,172.23165893554688,50.000770568847656,179.52566528320312
2025-05-29,44.849483489990234,15.031523704528809,1.0399999618530271,21.538461685180664,6.363320350646973,18.50198554992676,15.469022750854492,16.094999313354492,162.55999755859375,68.21154022216797,175.9274444580078,38.07719802856445,442.25,0.3295202255249023,208.7842254638672,229.0286102294922,267.6000061035156,320.3999938964844,1593.5,3.375,12.70263671875,17.259151458740234,8.35645866394043,210.7195281982422,18.27998161315918,32.76600646972656,2.740000009536743,405.6097106933594,30.54552841186523,14.51632308959961,8.273907661437988,31.88776397705078,54.5,50.34865951538086,18.24903106689453,1878.5,51.720001220703125,14.800000190734863,17.346525192260742,22.36268424987793,317.0,172.43008422851562,49.77806854248047,176.53024291992188
2025-05-30,45.01580810546875,14.813844680786133,0.9120000004768372,21.737892150878903,6.267734527587891,18.41835021972656,15.548154830932615,16.104999542236328,162.0800018310547,67.7401351928711,176.76632690429688,37.8843994140625,443.2000122070313,0.9025951027870178,204.59457397460935,230.61050415039065,267.1000061035156,316.6000061035156,1610.0,3.319999933242798,12.743897438049316,17.05803871154785,8.23837661743164,213.2916717529297,18.352663040161133,33.18138885498047,2.740000009536743,407.99212646484375,30.54552841186523,14.61440658569336,8.163251876831055,31.2842960357666,54.0,51.16632080078125,18.349857330322266,1885.0,50.74781799316406,14.154999732971191,17.29044532775879,21.940837860107425,304.95001220703125,169.05686950683594,50.02013397216797,176.6300811767578
2025-06-02,43.96892929077149,15.070395469665527,0.9120000004768372,22.13675308227539,6.281389236450195,18.623632431030273,15.174586296081545,16.149999618530273,162.5800018310547,68.68293762207031,175.80758666992188,38.07719802856445,437.6499938964844,0.8709353804588318,209.1832275390625,228.5342559814453,272.6000061035156,313.0,1620.0,3.444999933242798,12.938416481018066,16.83407211303711,8.040943145751953,212.89596557617188,18.338911056518555,33.17150115966797,2.740000009536743,402.43310546875,30.506519317626953,14.61440658569336,7.967178821563721,31.667449951171875,53.5,50.91621017456055,18.364259719848633,1819.0,50.55338287353515,15.029999732971191,16.963329315185547,21.52892303466797,299.3999938964844,168.8584442138672,51.007755279541016,175.1822967529297
2025-06-03,43.69498062133789,15.103435516357422,0.9700000286102296,21.339031219482425,6.263182640075684,18.256786346435547,14.957437515258787,16.139999389648438,166.44000244140625,69.20148468017578,178.4840545654297,38.07719802856445,437.0499877929687,0.9028882384300232,209.88150024414065,229.0286102294922,271.8999938964844,319.0,1617.0,3.4549999237060547,13.068095207214355,16.701520919799805,8.016382217407227,210.1103973388672,18.22497940063477,33.31985092163086,2.740000009536743,409.38189697265625,29.97987174987793,14.51632308959961,8.287496566772461,31.552501678466797,53.5,50.72382354736328,18.095396041870117,1835.0,50.55338287353515,15.350000381469728,16.53340721130371,22.25846290588379,304.0,172.6284942626953,51.34664535522461,174.58322143554688
2025-06-04,45.025596618652344,14.87603759765625,0.9679999947547911,21.538461685180664,6.213113307952881,18.65404510498047,15.303401947021484,16.104999542236328,170.17999267578125,69.62574005126953,177.44541931152344,39.1375732421875,432.7000122070313,0.8923349976539612,213.67214965820312,229.32521057128903,267.29998779296875,315.79998779296875,1601.0,3.5399999618530273,12.94627571105957,16.934627532958984,8.15335750579834,212.8959503173828,18.19551467895508,33.42864227294922,2.740000009536743,412.8689575195313,29.97987174987793,14.71249008178711,8.188488960266113,31.84944725036621,55.0,49.92539978027344,18.095396041870117,1833.0,50.55338287353515,15.69499969482422,17.17828941345215,24.734935760498047,291.3999938964844,176.39854431152344,50.61077117919922,177.2790985107422
2025-06-05,44.75164794921875,15.019862174987791,0.8899999856948853,21.538461685180664,6.199458122253418,18.53239631652832,15.266596794128418,16.21500015258789,165.5,69.76715850830078,174.7689666748047,40.005157470703125,427.0499877929687,0.8445522785186768,211.57733154296875,226.95236206054688,273.29998779296875,323.20001220703125,1583.0,2.880000114440918,12.975748062133787,16.79750633239746,8.224206924438477,211.30419921875,18.17783546447754,34.03194046020508,2.740000009536743,410.4778137207031,29.862838745117188,14.320157051086426,8.398152351379395,31.61955451965332,55.0,49.79072570800781,18.205821990966797,1882.0,49.38676452636719,14.479999542236328,16.832483291625977,25.0029296875,249.3500061035156,175.60484313964844,50.22346878051758,177.07940673828125
2025-06-06,44.21352767944336,15.093717575073242,0.8999999761581421,21.538461685180664,6.299596309661865,18.133237838745117,15.211389541625977,16.280000686645508,165.33999633789062,69.90857696533203,179.60256958007812,40.29434967041016,433.5,0.8504152297973633,212.17584228515625,230.61050415039065,260.1000061035156,318.20001220703125,1639.5,2.555000066757202,13.115251541137695,16.728944778442383,8.341344833374023,212.59750366210935,18.26426696777344,34.11106491088867,2.740000009536743,414.2637634277344,29.862838745117188,14.320157051086426,8.718469619750977,31.542922973632812,55.5,50.31980514526367,18.325849533081055,1788.0,49.97007369995117,16.024999618530273,17.131559371948242,24.863967895507812,260.0,178.58119201660156,50.63982009887695,177.62855529785156
2025-06-09,45.27997589111328,15.264751434326172,0.949999988079071,21.737892150878903,6.422492980957031,18.17695426940918,15.507667541503906,16.489999771118164,165.5,70.05000305175781,176.42677307128906,40.48714828491211,431.1499938964844,0.851001501083374,210.48004150390625,229.91844177246097,258.6000061035156,309.6000061035156,1650.5,2.5999999046325684,13.115251541137695,16.875205993652344,8.384799003601074,211.1052398681641,18.26426696777344,33.61655807495117,2.740000009536743,411.8726501464844,29.862838745117188,14.222074508666992,8.883481979370117,31.322612762451172,56.0,49.92539978027344,18.2922420501709,1788.0,49.775638580322266,16.170000076293945,17.617563247680664,25.573659896850582,262.0,181.16070556640625,50.66886520385742,178.8267364501953
2025-06-10,44.89840316772461,15.531020164489746,0.8840000033378601,21.538461685180664,6.281389236450195,18.650243759155273,15.397253036499023,15.979999542236328,163.9199981689453,69.5999984741211,177.1058807373047,40.29434967041016,431.25,0.8671244978904724,202.0009765625,232.19239807128903,247.1999969482422,299.0,1596.5,2.4600000381469727,13.431589126586914,16.984907150268555,8.54633617401123,216.07943725585935,18.15426445007324,33.725345611572266,2.740000009536743,413.2674560546875,30.07740020751953,14.320157051086426,8.846596717834473,31.590816497802734,56.0,49.3289909362793,18.109800338745117,1671.5,49.97007369995117,14.94499969482422,17.40260124206543,25.980613708496097,285.04998779296875,184.7323303222656,51.88887023925781,178.12779235839844
2025-06-11,44.83970260620117,15.33471965789795,0.9120000004768372,21.737892150878903,6.240423679351807,18.5875186920166,15.651206970214844,15.895000457763672,163.6199951171875,69.19999694824219,172.69171142578125,40.19795608520508,427.6000061035156,0.8926281929016113,201.6019744873047,232.14295959472656,248.1999969482422,299.6000061035156,1601.0,2.5799999237060547,13.409975051879885,17.03975486755371,8.685200691223145,208.12071228027344,18.004976272583008,33.458316802978516,2.740000009536743,405.8948059082031,30.07740020751953,14.222074508666992,8.854361534118652,31.169353485107425,56.0,49.76186752319336,18.095396041870117,1720.0,50.16450881958008,14.494999885559082,17.51475715637207,26.27342414855957,284.75,184.53390502929688,51.850135803222656,177.07940673828125
2025-06-12,44.966888427734375,15.307509422302246,0.8500000238418579,21.737892150878903,6.290492534637451,18.30430603027344,15.279479026794434,15.979999542236328,162.8000030517578,68.1500015258789,171.17372131347656,40.19795608520508,421.1499938964844,0.8530535101890564,202.0009765625,228.58370971679688,249.5,300.20001220703125,1622.5,2.434999942779541,13.614317893981934,16.879779815673828,8.351736068725586,209.3145294189453,17.95193862915039,33.51765441894531,2.740000009536743,404.89849853515625,30.07740020751953,14.251764297485352,8.838830947875977,31.054405212402344,54.5,49.684913635253906,18.037784576416016,1748.0,48.997894287109375,13.885000228881836,17.430639266967773,25.648101806640625,276.20001220703125,185.7098388671875,53.00236892700195,175.1323699951172
2025-06-13,44.2037467956543,15.2608642578125,0.8460000157356262,21.339031219482425,6.035595893859863,17.98851203918457,15.268437385559082,15.845000267028809,161.5800018310547,66.9000015258789,169.47596740722656,40.87273788452149,424.1499938964844,0.8958527445793152,204.79408264160156,225.6670837402344,250.5,302.0,1650.0,2.309999942779541,13.755785942077637,17.012332916259766,8.428253173828125,218.8650054931641,17.680864334106445,33.90336990356445,2.740000009536743,405.2970275878906,29.47273063659668,14.053823471069336,8.67187786102295,31.69618797302246,54.5,49.781105041503906,17.927358627319336,1795.5,48.997894287109375,13.199999809265137,17.227394104003906,25.399959564208984,280.6000061035156,183.31874084472656,53.06045913696289,172.7360382080078
2025-06-16,43.66563034057617,15.091773986816406,0.9039999842643738,20.54131126403809,6.135554790496826,18.03139877319336,15.437738418579102,16.139999389648438,162.02000427246094,67.44999694824219,171.15374755859375,40.87273788452149,423.8999938964844,0.8876447081565857,204.99359130859375,231.20372009277344,249.8999938964844,305.0,1688.5,2.255000114440918,13.747926712036133,16.51869010925293,8.408415794372559,211.30419921875,17.84783172607422,34.2396354675293,2.740000009536743,402.1088562011719,29.66778564453125,13.954853057861328,8.699056625366211,32.33245849609375,53.0,49.75166702270508,18.013778686523438,1760.0,48.997894287109375,13.854999542236328,17.217716217041016,25.394996643066406,284.1499938964844,186.30763244628903,52.78934860229492,173.3351287841797
2025-06-17,44.2037467956543,14.77497386932373,0.944000005722046,20.740739822387695,6.011796474456787,17.85205841064453,15.213231086730955,15.885000228881836,160.74000549316406,67.0,169.93536376953125,40.87273788452149,421.7999877929687,0.8894035220146179,203.39752197265625,231.20372009277344,248.8000030517578,303.20001220703125,1648.5,2.424999952316284,13.903148651123049,16.46384048461914,8.313949584960938,216.1789398193359,17.600326538085938,33.844032287597656,2.740000009536743,398.9206848144531,29.492237091064453,13.756911277770996,8.516571998596191,31.65703010559082,54.0,50.3404426574707,17.917755126953125,1728.5,49.19232940673828,13.279999732971191,17.449995040893555,25.05752182006836,275.6499938964844,185.3113250732422,53.747920989990234,173.984130859375
2025-06-18,44.3896369934082,15.200613975524902,0.921999990940094,20.94017219543457,6.178393840789795,18.456356048583984,15.185626983642578,15.914999961853027,162.97999572753906,67.30000305175781,170.73431396484375,40.87273788452149,419.8999938964844,0.888817310333252,203.39752197265625,235.9988250732422,248.0,306.0,1618.5,3.299999952316284,13.924760818481444,16.948909759521484,8.108014106750488,216.5768585205078,17.77907943725586,34.081390380859375,2.740000009536743,398.721435546875,29.57025909423828,13.855881690979004,8.67187786102295,32.11710739135742,55.0,50.831092834472656,17.936960220336914,1741.0,49.19232940673828,13.300000190734863,17.595170974731445,25.191516876220703,282.04998779296875,185.1120758056641,52.8668098449707,172.93572998046875
2025-06-19,45.38759994506836,15.103435516357422,0.8880000114440918,19.94301986694336,6.230753421783447,18.358888626098633,15.28868007659912,15.510000228881836,161.75999450683594,66.69999694824219,168.85678100585938,41.16193008422851,417.0,0.8715217113494873,203.69679260253903,233.47767639160156,245.8999938964844,302.20001220703125,1603.0,2.8299999237060547,14.005319595336914,16.806243896484375,7.841619491577148,214.1892547607422,17.35675048828125,34.38798904418945,2.740000009536743,396.529541015625,29.88234519958496,13.855881690979004,8.460273742675781,31.431888580322266,54.5,50.742774963378906,17.888948440551758,1721.0,47.442405700683594,13.645000457763672,17.295143127441406,24.75478744506836,276.45001220703125,181.32614135742188,53.9979133605957,171.937255859375
2025-06-20,45.06473159790039,15.06650733947754,0.8840000033378601,19.94301986694336,6.154594421386719,18.374481201171875,15.207709312438965,15.585000038146973,167.5,67.05000305175781,174.56922912597656,41.45112991333008,421.3999938964844,0.8820749521255493,203.69679260253903,236.4931640625,248.6000061035156,300.79998779296875,1626.0,3.549999952316284,14.05444049835205,16.7729549407959,7.841619491577148,213.99029541015625,17.45103645324707,33.972599029541016,2.740000009536743,394.7362060546875,30.049177169799805,13.756911277770996,8.501042366027832,31.510196685791016,54.5,50.53670501708984,18.104999542236328,1757.5,48.02571487426758,13.609999656677246,18.02101707458496,24.715084075927734,279.95001220703125,180.92762756347656,53.76185607910156,171.3381805419922
2025-06-23,45.90614700317383,15.029579162597656,0.8700000047683716,19.544160842895508,6.216473579406738,17.889097213745117,15.491106033325195,15.479999542236328,167.0,65.94999694824219,173.7103729248047,40.969139099121094,418.75,0.8923349976539612,203.69679260253903,235.2078857421875,247.6000061035156,304.79998779296875,1612.5,3.990000009536743,13.973882675170898,17.048776626586914,7.72637128829956,216.9748077392578,17.500146865844727,34.041831970214844,2.740000009536743,392.74359130859375,30.029550552368164,13.657940864562988,8.716527938842773,31.833229064941406,54.0,51.24323654174805,17.674999237060547,1740.0,46.17856979370117,12.989999771118164,17.750024795532227,24.89439582824707,301.3500061035156,180.5290985107422,53.38809967041016,171.8873291015625
2025-06-24,46.092041015625,14.848828315734863,0.9300000071525574,19.94301986694336,6.130794525146484,17.902742385864258,15.32180404663086,15.80500030517578,170.60000610351562,67.5999984741211,173.4307403564453,40.48714828491211,424.3999938964844,0.879143476486206,201.10321044921875,239.55809020996097,237.8000030517578,290.79998779296875,1562.0,3.5899999141693115,13.618247985839844,16.62077522277832,8.026772499084473,211.40370178222656,18.0089054107666,33.49787521362305,2.740000009536743,397.5258483886719,29.852903366088867,13.954853057861328,8.768943786621094,30.56068229675293,55.0,50.65445709228515,17.899999618530273,1686.0,48.31736755371094,12.869999885559082,17.875839233398438,25.646507263183594,295.1000061035156,188.3002166748047,51.63734817504883,175.73146057128906
2025-06-25,46.44426345825195,15.375534057617188,1.0750000476837158,20.14245223999023,6.10699462890625,17.826719284057617,15.369651794433594,15.710000038146973,171.5399932861328,67.9000015258789,172.41207885742188,40.10155487060547,420.3500061035156,0.8595026731491089,205.2928466796875,240.5467834472656,244.8999938964844,297.6000061035156,1581.5,3.384999990463257,13.498393058776855,16.573219299316406,7.7726593017578125,210.5083465576172,17.983367919921875,32.91435623168945,2.740000009536743,393.5406494140625,30.00992202758789,13.954853057861328,8.652463912963867,31.030548095703125,55.5,49.869422912597656,17.895000457763672,1738.0,47.15074920654297,12.239999771118164,17.79841423034668,25.148420333862305,281.3500061035156,191.08985900878903,51.42096328735352,175.8812255859375
2025-06-26,46.7377815246582,14.804126739501951,1.1349999904632568,19.843305587768555,6.126034736633301,17.76433753967285,15.170906066894531,15.8100004196167,176.10000610351562,68.30000305175781,171.3135223388672,39.61956405639648,417.0499877929687,0.8504152297973633,202.99851989746097,244.05661010742188,249.1999969482422,299.3999938964844,1568.5,3.4000000953674316,13.468920707702637,16.530418395996094,7.836895942687988,209.91143798828125,18.03247833251953,33.13193893432617,2.740000009536743,395.333984375,29.244462966918945,13.55897045135498,8.858244895935059,30.64878273010254,54.5,49.31008529663086,17.989999771118164,1864.5,48.6090202331543,12.109999656677246,17.7790584564209,25.71623992919922,279.6499938964844,191.4883728027344,51.64718246459961,172.98565673828125
2025-06-27,47.021514892578125,14.971273422241213,1.0299999713897705,19.843305587768555,6.102234840393066,17.94367790222168,15.28868007659912,16.014999389648438,178.1999969482422,69.5,171.65309143066406,39.91193771362305,416.3999938964844,0.8515877723693848,205.891357421875,241.98036193847656,246.1000061035156,297.6000061035156,1575.5,3.569999933242798,13.586810111999512,16.872821807861328,8.069282531738281,208.22021484375,18.48034286499023,32.64732360839844,2.740000009536743,395.9317626953125,29.244462966918945,13.756911277770996,8.735940933227539,31.617874145507812,54.5,49.094200134277344,18.125,1751.0,48.997894287109375,11.699999809265137,17.982301712036133,25.641525268554688,275.1000061035156,193.87950134277344,51.657020568847656,175.3320770263672
2025-06-30,47.57919692993164,15.22199249267578,1.0950000286102295,19.94301986694336,6.2783522605896,17.95732307434082,15.490403175354004,16.065000534057617,177.25999450683594,68.69999694824219,174.82888793945312,39.91193771362305,413.3999938964844,0.8504152297973633,205.7916259765625,244.5509490966797,248.3999938964844,300.6000061035156,1618.5,3.7200000286102295,13.518041610717772,16.711132049560547,8.077784538269043,210.70730590820312,18.28587532043457,33.13193893432617,2.740000009536743,397.1273498535156,29.244462966918945,13.954853057861328,8.796122550964355,31.0697021484375,56.0,48.996070861816406,18.239999771118164,1797.0,48.31736755371094,12.595000267028809,18.001659393310547,25.835779190063477,269.29998779296875,191.88690185546875,51.243919372558594,176.87969970703125
2025-07-01,46.943241119384766,14.969329833984377,1.0399999618530271,20.14245223999023,6.159353733062744,18.354990005493164,15.246414184570312,15.949999809265137,172.32000732421875,68.0,176.24700927734375,39.22380447387695,414.75,0.8677108287811279,202.3002471923828,243.36453247070312,239.6999969482422,295.79998779296875,1588.0,3.5399999618530273,13.547513961791992,16.611265182495117,7.989931583404541,209.3145294189453,18.301589965820312,32.855018615722656,2.740000009536743,403.5036926269531,29.04819107055664,13.855881690979004,8.961134910583496,31.0207576751709,50.0,48.50542449951172,18.059999465942383,1702.5,47.24796676635742,12.524999618530272,18.292009353637695,25.38252067565918,256.95001220703125,189.69503784179688,51.48981094360352,175.48184204101562
2025-07-02,48.26407241821289,15.00236988067627,1.0850000381469729,20.341880798339844,6.2117133140563965,18.226333618164062,15.450057983398438,16.270000457763672,175.17999267578125,68.5999984741211,179.7823486328125,39.32210922241211,407.7999877929687,0.8823680877685547,200.8039398193359,244.45208740234375,238.1000061035156,287.3999938964844,1574.5,3.559999942779541,13.730242729187012,17.210468292236328,8.345123291015625,211.80162048339844,18.608022689819336,32.49897384643555,2.740000009536743,402.7066650390625,28.969682693481445,13.954853057861328,9.017433166503906,30.95223617553711,47.20000076293945,48.7703742980957,17.934999465942383,1729.5,48.997894287109375,13.5,18.069406509399418,26.722375869750977,267.0,197.0676422119141,52.502891540527344,176.33055114746094
2025-07-03,49.487064361572266,15.443559646606444,1.100000023841858,20.14245223999023,6.259312629699707,18.518733978271484,15.797789573669434,16.149999618530273,176.75999450683594,69.25,181.06065368652344,40.108551025390625,412.2000122070313,0.8706422448158264,202.2004852294922,249.9705047607422,243.1000061035156,294.20001220703125,1581.0,3.4800000190734863,13.736138343811035,17.05828857421875,8.497213363647461,215.383056640625,18.798561096191406,33.03303909301758,2.740000009536743,402.1088562011719,29.14632797241211,13.855881690979004,8.932014465332031,30.85434913635254,45.79999923706055,49.72222900390625,18.145000457763672,1698.5,48.997894287109375,14.229999542236328,18.40814781188965,27.34498405456543,266.54998779296875,200.75393676757812,52.4930534362793,179.9749755859375
2025-07-04,49.213111877441406,15.44161605834961,1.024999976158142,20.341880798339844,6.2783522605896,18.518733978271484,15.870794296264648,15.880000114440918,175.3800048828125,68.5999984741211,180.0419921875,40.403465270996094,409.0,0.8674176931381226,202.2004852294922,248.57847595214844,244.1999969482422,291.20001220703125,1584.0,3.450000047683716,13.67719268798828,17.167667388916016,8.41030502319336,214.0897674560547,18.676774978637695,32.57809066772461,2.740000009536743,400.5147705078125,29.3033447265625,13.954853057861328,9.011609077453612,30.824981689453125,46.0,49.58484649658203,18.03499984741211,1755.0,48.02571487426758,14.140000343322754,18.640426635742188,27.08597946166992,262.0,197.46615600585935,52.09962844848633,180.57406616210935
2025-07-07,49.33051681518555,15.548511505126951,1.065000057220459,20.341880798339844,6.32595157623291,18.58306121826172,15.801633834838867,15.9399995803833,177.27999877929688,69.05000305175781,179.0033721923828,40.50177383422851,408.9500122070313,0.8794366121292114,202.2004852294922,246.58984375,246.8999938964844,296.20001220703125,1572.5,3.424999952316284,13.612353324890137,17.476781845092773,8.517050743103027,218.8650054931641,18.826061248779297,32.40007019042969,2.740000009536743,399.7177429199219,29.3033447265625,13.954853057861328,8.838830947875977,30.34532928466797,46.0,50.53670501708984,18.204999923706055,1803.0,48.22014617919922,13.975000381469728,19.066274642944336,27.165672302246097,251.6000061035156,194.27801513671875,50.93901443481445,181.4227600097656
2025-07-08,49.858848571777344,15.426066398620604,1.0549999475479126,20.341880798339844,6.140314102172852,18.713668823242188,15.993749618530272,16.020000457763672,178.9199981689453,69.0999984741211,178.76368713378906,40.60007858276367,408.6000061035156,0.8518809080123901,202.2004852294922,241.817138671875,245.3999938964844,297.0,1664.5,3.5250000953674316,13.86778163909912,17.01073455810547,8.445257186889648,217.1737823486328,18.96552848815918,32.69677734375,2.740000009536743,400.5147705078125,29.3033447265625,13.657940864562988,8.945603370666504,30.1397647857666,44.20000076293945,50.3698844909668,18.270000457763672,1830.0,48.997894287109375,14.130000114440918,18.998525619506836,27.613950729370117,252.0,194.27801513671875,51.97176361083984,179.67543029785156
2025-07-09,49.369651794433594,15.451333045959473,1.0299999713897705,20.341880798339844,6.297391891479492,18.96708106994629,15.907297134399414,16.399999618530273,182.36000061035156,70.0,179.76235961914062,41.28821563720703,407.5,0.8533466458320618,202.2004852294922,241.3697052001953,247.6000061035156,292.6000061035156,1688.0,3.549999952316284,14.0033540725708,17.09633445739746,8.474541664123535,217.8701629638672,19.427146911621097,32.99348068237305,2.740000009536743,399.1199645996094,29.34259796142578,13.756911277770996,9.06208324432373,30.443218231201172,44.79999923706055,48.07365417480469,18.1299991607666,1860.5,48.51180648803711,14.015000343322754,18.679140090942383,26.98636054992676,252.8999938964844,198.06393432617188,52.4045295715332,179.02642822265625
2025-07-10,49.213111877441406,15.616536140441896,1.0399999618530271,20.341880798339844,6.2259931564331055,18.516782760620117,16.228132247924805,16.25,183.3000030517578,70.9000015258789,181.3602600097656,42.1729621887207,408.7999877929687,0.8677108287811279,201.20294189453125,245.0486602783203,245.8999938964844,292.79998779296875,1673.0,3.839999914169311,14.030861854553224,17.07255744934082,8.777777671813965,219.4619140625,19.38196563720703,33.03303909301758,2.740000009536743,400.9132995605469,29.597749710083008,13.855881690979004,9.335809707641602,30.27680778503418,43.0,49.12364196777344,18.0,1845.5,51.136688232421875,13.975000381469728,18.853351593017575,28.1568660736084,264.0,196.2705993652344,52.62091827392578,179.3259735107422
2025-07-11,49.42835998535156,15.672900199890137,0.9860000014305116,20.341880798339844,6.378310680389404,18.91444969177246,16.19547462463379,16.0,183.22000122070312,70.69999694824219,180.48141479492188,41.77973937988281,405.0499877929687,0.8726942539215088,200.9036865234375,243.01031494140625,252.0,306.6000061035156,1700.0,3.6050000190734863,14.03675651550293,17.386425018310547,8.868464469909668,219.56138610839844,19.1462459564209,33.349525451660156,2.740000009536743,399.3191833496094,29.519241333007812,13.954853057861328,9.293100357055664,30.668359756469727,43.20000076293945,48.53976821899414,17.985000610351562,1840.0,50.942256927490234,12.800000190734863,19.240482330322266,27.554180145263672,268.75,198.6617126464844,52.98483657836914,180.87359619140625
2025-07-14,49.31095123291016,15.882803916931152,1.0099999904632568,19.843305587768555,6.368791103363037,18.6707820892334,16.249265670776367,16.03499984741211,183.0,71.44999694824219,178.9434356689453,42.762794494628906,408.3500061035156,0.8691765069961548,200.9036865234375,245.9932556152344,254.6000061035156,311.0,1676.0,3.5799999237060547,13.948339462280272,17.486291885375977,9.020554542541504,223.83920288085935,19.00678062438965,33.685787200927734,2.740000009536743,399.1199645996094,29.53886985778809,13.855881690979004,9.335809707641602,30.72709274291992,42.20000076293945,48.52995681762695,18.010000228881836,1880.0,50.74781799316406,13.295000076293944,19.279197692871097,27.150728225708008,271.5,195.27430725097656,52.46354675292969,180.87359619140625
2025-07-15,48.75326919555664,15.637914657592772,0.9900000095367432,19.94301986694336,6.340231418609619,19.220495223999023,16.062911987304688,15.864999771118164,180.13999938964844,70.94999694824219,180.76104736328125,43.35262298583984,407.2999877929687,0.8976116180419922,204.79408264160156,245.69497680664065,248.1999969482422,299.20001220703125,1677.5,3.625,13.946374893188477,18.037940979003903,8.776833534240723,222.744873046875,19.046066284179688,33.48798370361328,2.740000009536743,396.529541015625,29.75476837158203,14.152793884277344,9.221271514892578,31.1186466217041,41.599998474121094,49.08438873291016,17.729999542236328,1828.0,49.58120346069336,13.789999961853027,19.497529983520508,27.31509780883789,268.0,203.24468994140625,52.60124588012695,180.3244476318359
2025-07-16,48.29342269897461,16.07716178894043,0.9639999866485596,19.94301986694336,6.378310680389404,18.83062744140625,16.15128517150879,15.84000015258789,181.0,70.55000305175781,180.56130981445312,44.33567810058594,401.6000061035156,0.8949733376502991,202.499755859375,243.95492553710935,249.8000030517578,296.20001220703125,1707.0,3.4049999713897705,13.95423412322998,17.705049514770508,8.927978515625,224.6350860595703,19.046066284179688,33.586883544921875,2.740000009536743,393.9391479492187,29.75476837158203,13.954853057861328,9.411520957946776,31.20674514770508,40.79999923706055,49.60447311401367,17.854999542236328,1828.0,48.41458511352539,14.154999732971191,19.28251838684082,26.77218437194824,277.29998779296875,203.74282836914065,52.217655181884766,179.72535705566406
2025-07-17,48.440181732177734,16.283178329467773,1.034999966621399,20.14245223999023,6.46875,19.395936965942383,16.23581886291504,15.979999542236328,185.27999877929688,71.25,181.65985107421875,43.94245910644531,405.5499877929687,0.873866856098175,199.70664978027344,248.47903442382812,250.0,295.79998779296875,1725.0,3.490000009536743,13.899218559265137,17.942829132080078,9.017720222473145,227.0226898193359,19.22678565979004,33.30996322631836,2.740000009536743,395.7325134277344,29.75476837158203,14.251764297485352,9.47364330291748,31.059911727905273,41.79999923706055,48.96663284301758,17.924999237060547,1841.0,50.358943939208984,16.3799991607666,19.243427276611328,27.5492000579834,274.8500061035156,212.21136474609375,52.09962844848633,180.7238311767578
2025-07-18,48.09774398803711,16.409509658813477,1.0099999904632568,19.94301986694336,6.383070945739746,19.30431747436523,16.245424270629883,16.094999313354492,186.22000122070312,71.75,181.3402862548828,43.64754104614258,408.25,0.8797297477722168,199.70664978027344,247.98187255859375,250.0,295.0,1735.0,3.555000066757202,13.914937019348145,18.294742584228516,8.91569709777832,228.1170196533203,19.29357147216797,33.40886306762695,2.740000009536743,395.7325134277344,29.578123092651367,14.35073471069336,9.298924446105955,31.196956634521484,42.0,48.78509140014648,17.899999618530273,1835.5,50.55338287353515,16.309999465942383,19.47798538208008,27.872955322265625,284.3500061035156,206.73171997070312,52.276668548583984,182.0218505859375
2025-07-21,48.49888610839844,16.06549835205078,1.0099999904632568,19.94301986694336,6.378310680389404,19.78093147277832,16.51630973815918,16.145000457763672,186.02000427246097,71.8499984741211,182.09927368164065,43.057708740234375,406.2000122070313,0.8908693194389343,194.51947021484375,249.0756378173828,245.6000061035156,288.0,1729.5,3.5250000953674316,13.909042358398438,18.18536376953125,9.029056549072266,223.83920288085935,19.29357147216797,33.40886306762695,2.740000009536743,404.89849853515625,29.637006759643555,14.35073471069336,9.341632843017578,31.23611068725586,40.79999923706055,49.38859176635742,17.854999542236328,1815.0,51.720001220703125,15.829999923706056,19.44866371154785,28.29633140563965,281.75,205.23727416992188,51.99143600463867,180.8236846923828
2025-07-22,47.52049255371094,15.754528999328612,0.9399999976158142,19.94301986694336,6.18791389465332,19.370595932006836,16.389511108398438,16.065000534057617,181.32000732421875,71.30000305175781,181.8995361328125,43.450931549072266,407.9500122070313,0.9257535934448242,194.51947021484375,246.8384246826172,244.8000030517578,276.3999938964844,1729.0,3.4200000762939453,13.918867111206056,17.84296226501465,9.277502059936523,224.0381774902344,19.199283599853516,33.201171875,2.740000009536743,400.5147705078125,29.61737823486328,14.449706077575684,9.75028133392334,30.609628677368164,40.79999923706055,49.51615524291992,18.350000381469727,1754.0,52.49774169921875,14.789999961853027,19.223880767822266,28.05226707458496,283.3999938964844,199.25949096679688,51.93241882324219,178.17771911621094
2025-07-23,48.36191177368164,15.830328941345217,0.8999999761581421,19.94301986694336,6.145074367523193,18.89690589904785,16.639265060424805,16.09000015258789,183.3800048828125,71.1500015258789,181.69981384277344,43.84415054321289,411.2999877929687,0.9242879152297974,190.37969970703125,250.11965942382812,239.1000061035156,266.20001220703125,1804.5,3.515000104904175,14.048545837402344,17.938074111938477,9.52405834197998,224.6350860595703,19.600006103515625,33.1517219543457,2.740000009536743,398.721435546875,29.80501937866211,14.35073471069336,9.895879745483398,30.883712768554688,41.79999923706055,49.69279098510742,18.5,1754.0,53.46992492675781,17.200000762939453,19.17501449584961,26.876781463623047,283.0,203.24468994140625,52.46354675292969,179.72535705566406
2025-07-24,48.82175827026367,15.906126976013184,0.8600000143051147,20.341880798339844,6.140314102172852,19.460264205932617,16.80448341369629,16.43000030517578,182.6000061035156,71.80000305175781,182.07931518554688,43.450931549072266,412.9500122070313,0.9377725124359132,190.37969970703125,251.56141662597656,238.1000061035156,272.79998779296875,1810.0,3.5,14.1467866897583,17.876251220703125,9.926484107971191,232.7927703857422,19.87893867492676,33.06270980834961,2.740000009536743,399.1199645996094,29.80501937866211,14.152793884277344,9.910440444946287,30.962024688720703,41.400001525878906,49.67316436767578,18.73500061035156,1745.5,52.88661575317383,17.065000534057617,19.565942764282227,22.4089412689209,261.04998779296875,204.2409820556641,50.61443710327149,174.6830596923828
2025-07-25,48.58694076538086,15.94499969482422,0.8840000033378601,20.341880798339844,6.126034736633301,18.94563865661621,16.894779205322266,16.31999969482422,180.1999969482422,70.25,181.7597198486328,43.84415054321289,410.7000122070313,0.9635693430900574,190.97821044921875,252.30714416503903,240.1999969482422,263.79998779296875,1809.0,3.4200000762939453,14.404180526733398,18.171096801757812,9.826350212097168,227.22166442871097,19.87893867492676,32.77589416503906,2.740000009536743,399.9169921875,29.80501937866211,14.152793884277344,9.925000190734863,30.89350318908691,42.599998474121094,49.849796295166016,18.670000076293945,1734.0,52.10886764526367,16.25,19.44866371154785,22.159896850585938,270.5,208.2261657714844,50.486576080322266,170.0401611328125
2025-07-28,49.800148010253906,16.131580352783203,0.9200000166893004,20.54131126403809,6.073675632476807,19.29457092285156,17.313594818115234,16.190000534057617,177.63999938964844,70.1500015258789,184.21649169921875,44.139068603515625,416.3500061035156,0.9383588433265686,200.40492248535156,255.68780517578125,229.6999969482422,270.79998779296875,1870.5,3.4000000953674316,14.486703872680664,17.9095401763916,9.43903923034668,232.7927703857422,19.795455932617188,32.67699432373047,2.740000009536743,403.9021911621094,29.627254486083984,14.251764297485352,9.842494010925291,30.570472717285156,43.400001525878906,50.04605484008789,18.684999465942383,1677.0,51.720001220703125,15.800000190734863,19.36070442199707,22.767562866210938,281.5,209.22247314453125,51.53899383544922,167.79359436035156
2025-07-29,50.23064041137695,16.193775177001953,0.8980000019073486,20.740739822387695,6.0022759437561035,18.91834831237793,17.0561580657959,16.21500015258789,179.44000244140625,64.3499984741211,183.1778564453125,44.139068603515625,418.5,0.9418766498565674,197.71157836914065,255.8369598388672,235.8999938964844,269.3999938964844,1820.0,3.3350000381469727,14.545647621154783,17.7954044342041,9.610966682434082,233.58865356445312,20.095014572143555,33.07259750366211,2.740000009536743,405.8948059082031,29.469242095947266,14.251764297485352,9.86676025390625,31.30463218688965,42.79999923706055,50.3698844909668,18.895000457763672,1735.0,53.27548599243164,15.65999984741211,19.546396255493164,22.852237701416016,278.54998779296875,208.7243194580078,51.66685485839844,170.38961791992188
2025-07-30,48.99786758422851,16.250137329101562,0.8399999737739563,20.341880798339844,6.111754894256592,19.214649200439453,17.227142333984375,16.405000686645508,178.86000061035156,65.1500015258789,182.31898498535156,45.6136474609375,415.5499877929687,0.9536024332046508,202.3002471923828,259.0187683105469,234.8999938964844,273.3999938964844,1771.0,3.200000047683716,14.63210105895996,17.638471603393555,9.446596145629885,235.37936401367188,20.198143005371097,33.12205123901367,2.740000009536743,406.89111328125,29.52849578857422,14.449706077575684,9.687188148498535,31.216533660888672,42.79999923706055,52.70536422729492,18.975000381469727,1732.5,50.55338287353515,14.850000381469728,19.380250930786133,22.872159957885746,277.8500061035156,211.2150726318359,51.43080139160156,166.29588317871094
2025-07-31,49.70230865478515,16.071331024169922,0.7620000243186951,20.54131126403809,5.9784770011901855,19.05480194091797,17.240591049194336,16.149999618530273,176.0399932861328,65.05000305175781,182.698486328125,46.2034797668457,415.1499938964844,0.9257535934448242,203.9960479736328,257.77587890625,236.3000030517578,274.0,1754.5,3.075000047683716,14.647819519042969,17.647981643676758,9.339850425720217,239.7566680908203,20.11465835571289,34.091285705566406,2.740000009536743,402.9059143066406,29.52849578857422,14.548675537109377,9.411520957946776,31.666818618774418,43.0,53.36283493041992,18.96500015258789,1735.5,49.58120346069336,15.380000114440918,19.52684783935547,22.36909294128418,271.0,211.7132110595703,51.16523742675781,165.84657287597656
2025-08-01,47.09000396728515,16.224870681762695,0.7440000176429749,19.94301986694336,5.8547186851501465,19.008018493652344,17.06960678100586,15.920000076293944,169.10000610351562,63.75,174.9687042236328,46.49839401245117,410.0,0.9242879152297974,204.49481201171875,250.268798828125,236.0,271.3999938964844,1740.0,3.0999999046325684,14.44151210784912,17.167667388916016,9.343628883361816,238.6623382568359,19.270000457763672,33.596778869628906,2.740000009536743,397.5258483886719,29.15321922302246,14.746617317199709,9.35522174835205,31.69618797302246,41.79999923706055,53.127323150634766,18.80500030517578,1707.5,50.358943939208984,14.270000457763672,19.380250930786133,21.612001419067383,262.0,201.25209045410156,50.2308464050293,166.09619140625
2025-08-04,48.0,16.29483985900879,0.7620000243186951,19.44444465637207,5.88803768157959,18.77409553527832,17.22330093383789,16.05500030517578,172.32000732421875,64.5999984741211,175.1284942626953,46.596702575683594,397.75,0.9184249639511108,205.0933532714844,251.6111297607422,235.3000030517578,272.79998779296875,1726.5,3.059999942779541,14.412039756774902,16.7729549407959,9.626081466674805,237.76698303222656,19.513999938964844,33.824249267578125,2.740000009536743,400.5147705078125,29.350732803344727,14.548675537109377,9.500822067260742,31.37315368652344,39.79999923706055,52.54835891723633,19.219999313354492,1765.0,49.38676452636719,14.765000343322754,18.93068504333496,21.681732177734375,268.45001220703125,204.2409820556641,50.73246765136719,160.8542022705078
2025-08-05,48.27000045776367,16.388132095336914,0.8399999737739563,19.643875122070312,5.873758316040039,18.664934158325195,17.328964233398438,16.079999923706055,175.1999969482422,64.69999694824219,175.50799560546875,46.98992156982422,401.25,0.9333754181861876,208.68446350097656,248.57847595214844,238.1000061035156,269.3999938964844,1751.0,3.2799999713897705,14.486703872680664,16.511398315429688,9.527837753295898,242.34326171875,19.663999557495117,34.03194046020508,2.740000009536743,403.3044128417969,29.587749481201172,14.845587730407717,9.852200508117676,31.45146751403809,39.20000076293945,53.02919387817383,19.420000076293945,1769.0,50.358943939208984,15.875,19.145694732666016,21.5223445892334,267.70001220703125,201.750244140625,51.047210693359375,160.7044219970703
2025-08-06,47.970001220703125,16.277347564697266,0.8059999942779541,19.344728469848633,5.983236312866211,18.78189468383789,17.200244903564453,16.280000686645508,177.89999389648438,64.9000015258789,183.6172790527344,47.38314056396485,400.9500122070313,0.9269261956214904,207.38766479492188,250.3682403564453,235.8000030517578,269.79998779296875,1745.0,3.319999933242798,14.63210105895996,16.47810935974121,9.65820026397705,236.17523193359375,19.75,34.041831970214844,2.740000009536743,402.9059143066406,29.80501937866211,15.04352855682373,9.7066011428833,31.431888580322266,38.400001525878906,53.08806991577149,19.56999969482422,1783.5,50.16450881958008,15.095000267028809,19.233652114868164,21.2185115814209,272.79998779296875,197.86468505859375,51.63734817504883,162.40182495117188
2025-08-07,47.959999084472656,16.421173095703125,0.7519999742507935,19.344728469848633,5.726200103759766,18.7331600189209,16.8582763671875,16.395000457763672,177.39999389648438,65.25,188.17124938964844,47.38314056396485,400.9500122070313,0.9272193908691406,202.3999938964844,247.3852996826172,231.1999969482422,268.3999938964844,1854.5,3.109999895095825,14.545647621154783,15.63161277770996,9.673315048217772,231.6984405517578,20.204999923706055,34.071502685546875,2.740000009536743,402.1088562011719,29.80501937866211,14.845587730407717,9.755134582519531,30.83477020263672,38.0,53.4805908203125,19.770000457763672,1641.0,49.97007369995117,14.800000190734863,18.86227035522461,21.278284072875977,273.54998779296875,207.22987365722656,51.51932144165039,161.10382080078125
2025-08-08,47.560001373291016,16.248193740844727,0.765999972820282,18.846153259277344,5.678600788116455,18.505088806152344,17.12339973449707,16.920000076293945,176.22000122070312,65.80000305175781,196.6800079345703,48.07128143310547,397.3999938964844,0.9313234090805054,202.6000061035156,246.5401306152344,228.6000061035156,264.6000061035156,1839.0,3.0999999046325684,14.539753913879396,15.137032508850098,9.873581886291504,232.3948516845703,20.510000228881836,34.338539123535156,2.740000009536743,402.50738525390625,29.80501937866211,13.756911277770996,9.83278751373291,30.873926162719727,37.400001525878906,53.85348129272461,19.709999084472656,1620.5,51.136688232421875,14.550000190734863,18.87204360961914,21.681732177734375,283.20001220703125,205.7354278564453,51.84389877319336,160.1053466796875
2025-08-11,48.0099983215332,16.18600082397461,0.7239999771118164,19.145299911499023,5.759520053863525,18.664934158325195,17.067684173583984,17.045000076293945,175.8000030517578,65.5999984741211,196.0800018310547,47.97297286987305,399.5499877929687,0.9266330599784852,199.1999969482422,248.1807556152344,226.8999938964844,265.20001220703125,1869.5,3.1600000858306885,14.51421070098877,14.908764839172363,10.083296775817873,232.49432373046875,20.725000381469727,34.58578872680664,2.740000009536743,401.112548828125,30.140792846679688,13.855881690979004,9.83278751373291,29.83631134033203,37.599998474121094,55.62962341308594,19.665000915527344,1545.5,51.33112716674805,15.005000114440918,19.35093116760254,21.432689666748047,292.8500061035156,209.7206268310547,51.657020568847656,165.2474822998047
2025-08-12,48.5,16.148000717163086,0.7099999785423279,19.299999237060547,5.954677104949951,18.66688346862793,16.986995697021484,17.0,180.86000061035156,65.4000015258789,196.67999267578125,48.956024169921875,404.0,0.9330822825431824,199.0,249.4733428955078,230.8000030517578,265.6000061035156,1980.0,3.200000047683716,14.65764331817627,14.552095413208008,10.304347038269045,230.8031005859375,20.895000457763672,34.85282516479492,2.740000009536743,404.69927978515625,30.279054641723633,13.855881690979004,9.963827133178713,29.83631134033203,37.20000076293945,55.403926849365234,19.8700008392334,1563.0,51.720001220703125,15.5,19.087055206298828,22.329246520996097,291.0,208.7243194580078,52.29633712768555,165.74671936035156
2025-08-13,48.849998474121094,16.5939998626709,0.7300000190734863,19.100000381469727,5.711920261383057,18.427114486694336,16.84290885925293,17.030000686645508,179.55999755859375,65.19999694824219,200.1499938964844,48.661109924316406,407.3500061035156,0.9339616894721984,197.6000061035156,247.5344390869141,231.6999969482422,271.79998779296875,1967.0,3.1549999713897705,14.677291870117188,14.323827743530272,10.396924018859863,229.6092834472656,21.145000457763672,34.98139190673828,2.740000009536743,402.50738525390625,30.279054641723633,13.855881690979004,9.988093376159668,29.738422393798828,37.79999923706055,54.56001281738281,19.96500015258789,1597.0,51.91443634033203,15.949999809265137,18.979551315307617,22.1051082611084,291.8500061035156,205.23727416992188,51.64718246459961,163.60000610351562
2025-08-14,48.880001068115234,16.507999420166016,0.7300000190734863,19.399999618530273,5.8547186851501465,18.59670639038086,17.006208419799805,17.135000228881836,183.77999877929688,65.0999984741211,199.66000366210935,48.07128143310547,409.0,0.9269261956214904,197.6000061035156,249.0756378173828,237.6000061035156,274.79998779296875,1937.5,3.1449999809265137,14.70872974395752,14.361871719360352,10.221217155456545,234.08607482910156,21.145000457763672,35.01106643676758,2.740000009536743,408.6844787597656,30.279054641723633,14.152793884277344,9.925000190734863,30.374696731567383,39.20000076293945,55.32542419433594,20.190000534057617,1641.0,51.720001220703125,15.239999771118164,19.34115982055664,22.025413513183594,286.20001220703125,205.7354278564453,51.706199645996094,164.5
2025-08-15,49.630001068115234,16.374000549316406,0.7099999785423279,19.700000762939453,5.8118791580200195,18.838424682617188,17.19063949584961,17.110000610351562,186.8800048828125,65.25,197.94000244140625,48.464500427246094,408.0,0.9219427108764648,198.0,247.68359375,237.3000030517578,274.79998779296875,1904.0,3.109999895095825,14.70872974395752,14.64720630645752,10.240110397338867,228.0175323486328,21.329999923706055,34.714359283447266,2.740000009536743,410.278564453125,30.140792846679688,14.053823471069336,9.913999557495115,30.638992309570312,38.79999923706055,55.23711013793945,20.190000534057617,1621.0,53.599998474121094,14.664999961853027,19.23594856262207,21.950700759887695,281.54998779296875,204.2409820556641,52.59141159057617,163.14999389648438
2025-08-18,48.47999954223633,16.531999588012695,0.6660000085830688,19.600000381469727,5.711920261383057,19.00606918334961,17.046552658081055,16.790000915527344,184.22000122070312,65.1500015258789,198.4199981689453,48.661109924316406,409.25,0.9137346744537354,197.6499938964844,248.0813140869141,238.8000030517578,276.20001220703125,1850.5,3.140000104904175,14.685151100158691,14.071781158447266,10.230664253234863,231.30050659179688,21.165000915527344,35.446231842041016,2.740000009536743,409.6807861328125,30.239551544189453,13.855881690979004,9.772000312805176,30.53131675720215,39.0,55.26654815673828,20.18000030517578,1648.0,51.400001525878906,14.199999809265137,18.85103225708008,22.13997459411621,288.0,205.7354278564453,52.1488037109375,160.5500030517578
2025-08-19,49.66999816894531,16.233999252319336,0.6100000143051147,19.399999618530273,5.726200103759766,18.501190185546875,17.10418701171875,16.950000762939453,183.83999633789065,65.6500015258789,197.2400054931641,48.36619567871094,414.5,0.9061128497123718,197.5,248.92648315429688,230.0,270.0,1818.5,3.109999895095825,14.738202095031738,14.095558166503906,10.20799160003662,229.90774536132812,21.344999313354492,35.1396369934082,2.740000009536743,410.8763427734375,30.318557739257812,13.55897045135498,9.805999755859377,30.64878273010254,39.0,55.82588577270508,20.280000686645508,1568.0,51.20000076293945,13.19499969482422,18.98920631408691,22.239591598510746,283.20001220703125,199.7576446533203,52.817630767822266,161.25
2025-08-20,49.34000015258789,16.58799934387207,0.6100000143051147,19.399999618530273,5.816638946533203,18.69807243347168,17.246355056762695,17.100000381469727,179.13999938964844,65.5,193.97999572753903,49.0543327331543,419.8999938964844,0.9152003526687622,197.5,247.23614501953125,228.3999938964844,263.3999938964844,1835.5,3.1050000190734863,14.820725440979004,14.204937934875488,9.99827766418457,231.89743041992188,21.290000915527344,36.07919692993164,2.740000009536743,412.2711791992187,30.318557739257812,13.756911277770996,9.935999870300291,30.922870635986328,38.599998474121094,56.816993713378906,20.290000915527344,1557.5,52.0,12.69499969482422,19.14712142944336,22.050317764282227,278.0,194.27801513671875,53.122535705566406,164.25
2025-08-21,49.529998779296875,16.56999969482422,0.671999990940094,19.5,5.802359104156494,18.74680519104004,17.159900665283203,16.969999313354492,180.9199981689453,65.6500015258789,193.8999938964844,49.349246978759766,420.5499877929687,0.9266330599784852,201.6999969482422,250.0699462890625,230.8000030517578,269.6000061035156,1829.5,3.0950000286102295,14.89145851135254,14.361871719360352,10.158869743347168,234.68296813964844,21.440000534057617,35.9900016784668,2.740000009536743,413.0682373046875,30.586864471435547,13.855881690979004,9.746000289916992,31.48083114624023,38.20000076293945,56.954376220703125,20.36000061035156,1608.5,51.599998474121094,12.68000030517578,18.880640029907227,22.289400100708008,276.95001220703125,194.676513671875,53.3979377746582,164.3000030517578
2025-08-22,49.150001525878906,16.694000244140625,0.6499999761581421,19.600000381469727,5.82615852355957,18.49144172668457,17.00428581237793,17.05500030517578,180.72000122070312,66.4000015258789,194.86000061035156,49.545860290527344,416.4500122070313,0.9351342916488647,206.6000061035156,250.02023315429688,231.0,275.20001220703125,1852.5,3.2249999046325684,14.960227012634276,14.485516548156738,10.232553482055664,234.58349609375,21.325000762939453,36.11000061035156,2.740000009536743,410.6770935058594,31.620336532592773,13.855881690979004,10.06999969482422,31.833229064941406,38.599998474121094,57.30764389038086,20.329999923706055,1622.5,51.79999923706055,13.279999732971191,19.364253997802734,23.34534454345703,287.5,199.06024169921875,53.73234939575195,166.0
2025-08-25,51.220001220703125,16.23200035095215,0.6700000166893005,19.700000762939453,5.711920261383057,18.838424682617188,17.08881950378418,16.549999237060547,180.5399932861328,65.69999694824219,195.7599945068359,48.26788711547851,412.7000122070313,0.9272193908691406,203.5,251.46197509765625,233.8000030517578,271.3999938964844,1848.0,3.1700000762939453,14.977911949157717,14.566361427307127,10.38180923461914,233.88710021972656,21.145000457763672,36.150001525878906,2.740000009536743,407.6881713867187,31.02410125732422,13.954853057861328,10.104999542236328,31.67660903930664,39.79999923706055,56.846431732177734,20.43000030517578,1650.0,53.599998474121094,13.0,19.12738037109375,23.43998146057129,299.6000061035156,202.24838256835935,53.211055755615234,168.0
2025-08-26,51.540000915527344,16.243999481201172,0.6660000085830688,19.799999237060547,5.735720157623291,18.51288414001465,17.275171279907227,15.649999618530272,179.8800048828125,63.900001525878906,196.5800018310547,48.464500427246094,418.3999938964844,0.9538955688476562,204.6000061035156,252.7545928955078,224.6000061035156,275.79998779296875,1804.0,3.0299999713897705,14.922895431518556,14.471250534057615,10.028507232666016,236.7721405029297,20.864999771118164,36.13999938964844,2.740000009536743,411.07562255859375,30.527238845825195,13.756911277770996,10.109999656677246,31.627666473388672,39.400001525878906,55.97307968139648,20.5,1635.5,53.0,13.210000038146973,18.969467163085938,23.270631790161133,302.25,204.2409820556641,52.04061126708984,166.0
2025-08-27,52.880001068115234,16.464000701904297,0.8360000252723694,20.0,5.821398735046387,18.368635177612305,17.54413604736328,15.5600004196167,178.25999450683594,63.75,198.0,48.26788711547851,425.5,0.9278056025505066,206.8999938964844,256.1849670410156,224.6000061035156,272.6000061035156,1825.0,3.1050000190734863,14.956297874450684,14.580628395080566,10.064404487609863,237.07058715820312,20.7450008392334,36.290000915527344,2.740000009536743,415.2600708007813,30.626611709594727,13.855881690979004,10.130000114440918,31.37315368652344,39.0,56.58148193359375,20.200000762939453,1635.5,52.599998474121094,13.364999771118164,19.41360092163086,23.161052703857425,300.0,203.24468994140625,52.3356819152832,169.60000610351562
2025-08-28,52.7400016784668,16.79400062561035,0.75,19.899999618530273,5.883277893066406,18.518733978271484,17.24443244934082,15.6899995803833,178.6199951171875,63.599998474121094,199.1999969482422,47.77635955810547,426.5,0.9225290417671204,206.8999938964844,256.03582763671875,225.8999938964844,272.3999938964844,1812.0,3.0899999141693115,14.913071632385254,14.64720630645752,10.20610237121582,233.58865356445312,20.579999923706055,35.75,2.740000009536743,408.88372802734375,30.9644775390625,13.855881690979004,10.085000038146973,31.529775619506836,40.20000076293945,55.82588577270508,20.1200008392334,1637.5,53.0,13.9350004196167,19.0977725982666,23.69400405883789,296.8999938964844,202.7465362548828,52.22748947143555,166.9499969482422
2025-08-29,52.34000015258789,16.489999771118164,0.7200000286102295,20.0,5.897557735443115,18.559669494628903,17.33088493347168,15.630000114440918,179.05999755859375,63.150001525878906,199.0800018310547,46.98992156982422,432.25,0.8911623954772949,206.8999938964844,257.2787170410156,224.8999938964844,269.0,1753.5,3.0799999237060547,14.973980903625488,14.62342929840088,10.241999626159668,237.07058715820312,20.354999542236328,36.13999938964844,2.740000009536743,412.2711791992187,30.9644775390625,13.855881690979004,10.154999732971191,31.32421112060547,39.599998474121094,56.03195571899414,20.010000228881836,1637.5,53.599998474121094,13.470000267028809,19.226078033447266,23.161052703857425,284.6000061035156,196.07135009765625,52.62091827392578,165.0
2025-09-01,52.2599983215332,16.761999130249023,0.734000027179718,19.899999618530273,5.88803768157959,18.52068328857422,17.261722564697266,15.619999885559082,182.0,62.900001525878906,198.0,47.57975387573242,433.5499877929687,0.8609684705734253,206.8999938964844,255.8369598388672,223.3000030517578,269.6000061035156,1766.5,3.065000057220459,15.04864501953125,14.8041410446167,10.236000061035156,232.7927703857422,20.510000228881836,35.720001220703125,2.740000009536743,405.2970275878906,31.361968994140625,13.55897045135498,10.074999809265137,31.471044540405273,39.400001525878906,56.453914642333984,20.030000686645508,1748.5,53.0,13.399999618530272,19.453079223632812,22.971778869628903,285.1499938964844,195.87208557128903,52.571739196777344,164.14999389648438
2025-09-02,51.68000030517578,16.700000762939453,0.6819999814033508,20.0,5.783318996429443,18.573314666748047,17.240591049194336,15.404999732971191,179.16000366210938,61.79999923706055,196.67999267578125,46.10517501831055,429.75,0.8776777386665344,207.1000061035156,253.25173950195312,219.3999938964844,267.0,1799.5,2.950000047683716,14.895387649536133,14.632940292358398,10.041999816894531,237.07058715820312,20.405000686645508,35.400001525878906,2.740000009536743,405.8948059082031,31.34209442138672,13.657940864562988,9.97599983215332,31.980060577392575,39.400001525878906,56.70905303955078,19.584999084472656,1749.0,52.599998474121094,12.69499969482422,19.34451484680176,22.100126266479492,282.5,194.47726440429688,52.65042495727539,163.35000610351562
2025-09-03,52.41999816894531,16.469999313354492,0.6959999799728394,19.899999618530273,5.802359104156494,18.37643241882324,17.25019645690918,15.515000343322754,184.6999969482422,62.20000076293945,202.9499969482422,45.90856170654297,427.8500061035156,0.8803160786628723,207.1000061035156,253.5003204345703,224.0,264.20001220703125,1806.0,2.8399999141693115,14.626205444335938,14.846940994262695,10.154000282287598,232.29534912109375,20.594999313354492,35.400001525878906,2.740000009536743,404.5,30.86510467529297,13.756911277770996,10.119999885559082,31.471044540405273,38.20000076293945,56.10064697265625,19.454999923706055,1754.0,52.599998474121094,13.130000114440918,19.58138656616211,21.71161842346191,287.6000061035156,196.07135009765625,51.91274642944336,164.5500030517578
2025-09-04,53.29999923706055,16.72599983215332,0.6980000138282776,20.0,5.792839527130127,18.436861038208008,18.02442741394043,15.880000114440918,186.86000061035156,62.79999923706055,205.5,46.400089263916016,434.1499938964844,0.8603821396827698,205.8999938964844,258.6707458496094,222.1000061035156,268.6000061035156,1784.0,2.819999933242798,14.66550350189209,15.094231605529783,10.402000427246094,231.40000915527344,20.905000686645508,35.68000030517578,2.740000009536743,402.3999938964844,30.86510467529297,13.657940864562988,10.029999732971191,31.510196685791016,38.400001525878906,56.149715423583984,19.729999542236328,1725.0,53.20000076293945,12.800000190734863,19.43334197998047,21.885948181152344,289.79998779296875,200.25579833984375,51.89307403564453,162.89999389648438
2025-09-05,53.20000076293945,16.781999588012695,0.7099999785423279,19.899999618530273,5.892797946929932,18.518733978271484,17.907236099243164,15.6899995803833,183.83999633789065,62.5,204.5500030517578,46.79330825805664,425.0499877929687,0.8680039048194885,201.5,249.57278442382812,224.1000061035156,269.6000061035156,1814.5,2.880000114440918,14.368813514709473,14.594895362854004,10.43000030517578,228.6000061035156,20.55500030517578,36.029998779296875,2.740000009536743,398.3999938964844,30.86510467529297,13.657940864562988,10.354999542236328,31.519989013671875,37.79999923706055,55.7866325378418,19.725000381469727,1744.5,54.79999923706055,13.460000038146973,19.571516036987305,22.71277236938477,298.0,206.73171997070312,50.96852111816406,162.85000610351562
2025-09-08,51.5,16.56999969482422,0.699999988079071,19.299999237060547,5.8404388427734375,18.479745864868164,18.028270721435547,15.9399995803833,187.82000732421875,62.849998474121094,201.8999938964844,46.596702575683594,423.2999877929687,0.8864721059799194,201.5,247.68359375,223.6999969482422,270.20001220703125,1804.0,2.865000009536743,14.429722785949709,14.54733943939209,10.404000282287598,233.0,20.920000076293945,35.86000061035156,2.7899999618530273,402.3999938964844,30.92473030090332,13.55897045135498,10.15999984741211,31.559144973754883,37.0,55.82588577270508,19.7450008392334,1791.0,53.599998474121094,13.104999542236328,19.43334197998047,22.558366775512695,295.1000061035156,209.22247314453125,51.047210693359375,167.25
2025-09-09,51.70000076293945,16.360000610351562,0.6800000071525574,19.200000762939453,5.8404388427734375,18.395925521850582,17.99753189086914,16.065000534057617,187.5399932861328,63.0,200.0,46.79330825805664,422.1000061035156,0.8996636271476746,199.1999969482422,252.456298828125,228.1999969482422,269.3999938964844,1804.0,2.9000000953674316,14.681221961975098,14.490272521972656,10.553999900817873,229.1999969482422,21.229999542236328,35.939998626708984,2.7699999809265137,403.6000061035156,30.92473030090332,13.460000038146973,10.05500030517578,31.519989013671875,36.599998474121094,55.4824333190918,19.850000381469727,1779.0,53.599998474121094,13.710000038146973,19.403732299804688,22.17483901977539,296.1000061035156,216.6947021484375,51.87340545654297,161.5500030517578
2025-09-10,52.20000076293945,16.54199981689453,0.7260000109672546,19.399999618530273,5.878518104553223,18.664934158325195,18.408662796020508,16.299999237060547,188.55999755859375,63.650001525878906,193.52000427246097,47.18653106689453,416.5,0.9028882384300232,200.5,253.8483428955078,236.8999938964844,278.0,1772.5,2.950000047683716,14.694975852966309,14.404672622680664,10.479999542236328,230.0,21.184999465942383,36.0,2.759999990463257,401.2000122070313,30.9644775390625,13.460000038146973,9.991999626159668,31.89196395874023,36.599998474121094,55.34505081176758,19.790000915527344,1779.0,52.79999923706055,13.68000030517578,19.34451484680176,22.110088348388672,299.1499938964844,221.17803955078125,51.89307403564453,161.0
2025-09-11,52.52000045776367,16.38599967956543,0.7300000190734863,19.100000381469727,5.759520053863525,18.64543914794922,18.241519927978516,16.489999771118164,194.0,63.95000076293945,196.27999877929688,46.89161682128906,422.5499877929687,0.8914555311203003,201.6000061035156,257.77587890625,245.3999938964844,283.3999938964844,1761.5,2.9800000190734863,14.659608840942385,14.371382713317873,10.435999870300291,237.5,21.274999618530273,36.0099983215332,2.7699999809265137,404.2000122070313,30.9644775390625,13.800000190734863,10.114999771118164,32.26393508911133,36.20000076293945,55.61981201171875,19.975000381469727,1880.5,52.599998474121094,14.039999961853027,19.295164108276367,22.18480110168457,313.1499938964844,220.6798858642578,51.33243942260742,163.0500030517578
2025-09-12,52.220001220703125,16.507999420166016,0.7799999713897705,19.299999237060547,5.902317523956299,18.470001220703125,18.22999382019043,16.454999923706055,193.22000122070312,63.70000076293945,199.0800018310547,47.57975387573242,422.5,0.8759188652038574,201.6000061035156,259.86395263671875,250.6999969482422,281.79998779296875,1781.0,3.0950000286102295,14.620311737060549,14.338093757629396,10.503999710083008,237.5,21.559999465942383,36.959999084472656,2.809999942779541,409.3999938964844,30.785608291625977,13.800000190734863,9.944000244140623,32.90999984741211,36.599998474121094,55.61000061035156,20.059999465942383,1896.5,53.0,15.114999771118164,19.186599731445312,22.100126266479492,337.70001220703125,220.6798858642578,51.26359176635742,162.75
2025-09-15,51.86000061035156,16.92799949645996,0.8180000185966492,19.100000381469727,5.75,18.49799919128418,18.27033805847168,16.7450008392334,196.3000030517578,64.25,200.4499969482422,47.38314056396485,416.8500061035156,0.8797297477722168,201.6000061035156,260.8582458496094,264.8999938964844,302.3999938964844,1801.0,3.240000009536743,14.598698616027832,13.938624382019045,10.592000007629396,237.8999938964844,21.895000457763672,36.45000076293945,2.8499999046325684,407.0,31.18309783935547,13.699999809265137,9.87600040435791,32.779998779296875,35.599998474121094,55.27000045776367,20.219999313354492,1950.0,53.79999923706055,15.5649995803833,19.350000381469727,22.99668312072754,348.0,221.17803955078125,51.71603775024414,161.25
2025-09-16,51.63999938964844,16.100000381469727,0.7739999890327454,19.200000762939453,5.65500020980835,18.0,17.99753189086914,16.450000762939453,192.9199981689453,63.0,201.25,46.2034797668457,411.6499938964844,0.8653656244277954,198.9499969482422,259.7148132324219,261.70001220703125,300.6000061035156,1864.5,3.2100000381469727,14.696940422058104,13.619999885559082,10.654000282287598,238.5,21.48500061035156,35.790000915527344,2.7899999618530273,398.7999877929687,30.745859146118164,13.699999809265137,9.706000328063965,32.63999938964844,35.20000076293945,54.61000061035156,20.0,1901.0,53.400001525878906,16.049999237060547,19.1299991607666,22.772544860839844,356.20001220703125,221.5,51.56850051879883,158.85000610351562
2025-09-17,51.29999923706055,16.472000122070312,0.7360000014305115,18.899999618530273,5.614999771118164,17.610000610351562,17.661327362060547,16.270000457763672,191.6999969482422,63.70000076293945,201.8500061035156,46.69500350952149,416.8999938964844,0.8644861578941345,198.8500061035156,262.2005920410156,252.8999938964844,299.20001220703125,1876.0,3.1050000190734863,14.598698616027832,13.675000190734863,10.51200008392334,238.8999938964844,21.424999237060547,35.70000076293945,2.7899999618530273,400.3999938964844,29.911130905151367,13.300000190734863,9.935999870300291,33.04999923706055,35.400001525878906,55.0,19.940000534057617,1888.5,53.20000076293945,19.219999313354492,19.469999313354492,23.03154945373535,360.5,220.0,50.880001068115234,157.5
2025-09-18,52.040000915527344,16.145999908447266,0.8379999995231628,19.5,5.579999923706055,17.68400001525879,17.83615493774414,16.299999237060547,191.6999969482422,65.0,201.8000030517578,46.69500350952149,417.3500061035156,0.8680039048194885,198.8500061035156,262.7474365234375,252.5,290.20001220703125,1855.5,3.200000047683716,14.634065628051758,13.350000381469728,10.399999618530272,237.6000061035156,21.44499969482422,35.220001220703125,2.7799999713897705,406.0,29.911130905151367,13.399999618530272,9.894000053405762,33.36000061035156,35.599998474121094,54.65999984741211,19.920000076293945,1919.5,52.79999923706055,20.299999237060547,19.100000381469727,24.097455978393555,356.6000061035156,227.0,51.175071716308594,155.85000610351562
2025-09-19,51.599998474121094,16.3799991607666,0.8880000114440918,19.100000381469727,5.614999771118164,18.45199966430664,17.53068733215332,16.530000686645508,193.86000061035156,65.9000015258789,209.1499938964844,46.10517501831055,417.6499938964844,0.8797297477722168,198.8500061035156,263.34405517578125,246.3999938964844,281.20001220703125,1749.0,3.1600000858306885,14.526000022888184,13.414999961853027,10.489999771118164,238.5,21.63999938964844,35.45000076293945,2.7699999809265137,408.0,30.09000015258789,13.600000381469728,10.0600004196167,33.65999984741211,36.79999923706055,55.09000015258789,20.100000381469727,1928.0,52.400001525878906,22.90999984741211,19.420000076293945,23.434999465942383,362.0499877929687,225.0,50.72262954711914,160.4499969482422
2025-09-22,51.41999816894531,16.742000579833984,0.8980000019073486,19.299999237060547,5.5,18.131999969482425,17.39044189453125,16.610000610351562,195.13999938964844,66.25,216.75,45.51533889770508,419.2999877929687,0.8700559139251709,198.3500061035156,263.7914733886719,249.8999938964844,283.0,1725.0,3.134999990463257,14.59000015258789,13.05500030517578,10.687999725341797,239.3000030517578,21.63999938964844,35.599998474121094,2.7899999618530273,405.0,30.280000686645508,14.100000381469728,9.907999992370604,33.91999816894531,35.599998474121094,53.959999084472656,20.209999084472656,1928.0,53.599998474121094,21.780000686645508,19.56999969482422,23.969999313354492,367.7000122070313,232.5,50.880001068115234,158.60000610351562
2025-09-23,50.900001525878906,16.368000030517578,0.8999999761581421,19.299999237060547,5.380000114440918,17.694000244140625,16.99852180480957,16.764999389648438,194.2599945068359,66.3499984741211,215.1499938964844,44.33567810058594,421.1499938964844,1.3700000047683716,196.6999969482422,262.7971496582031,249.6000061035156,282.3999938964844,1736.5,3.375,14.84000015258789,12.845000267028809,10.656000137329102,239.1999969482422,21.895000457763672,35.369998931884766,2.7799999713897705,405.3999938964844,30.0,14.0,10.020000457763672,33.47999954223633,35.79999923706055,54.72999954223633,19.975000381469727,1912.0,53.400001525878906,23.170000076293945,19.18000030517578,24.600000381469727,361.0499877929687,239.5,51.52915573120117,166.60000610351562
2025-09-24,50.939998626708984,16.100000381469727,0.9580000042915344,19.0,5.25,17.420000076293945,17.221378326416016,16.614999771118164,193.82000732421875,66.0,214.5500030517578,43.25431823730469,421.3500061035156,1.3589999675750732,198.0,267.7190246582031,255.1999969482422,288.0,1752.5,3.0999999046325684,15.109999656677246,12.734999656677246,10.652000427246094,243.0,21.979999542236328,35.79999923706055,2.7300000190734863,404.7999877929687,30.0,14.399999618530272,10.130000114440918,33.880001068115234,35.20000076293945,55.68000030517578,19.924999237060547,1978.5,54.599998474121094,23.350000381469727,19.239999771118164,24.700000762939453,377.3500061035156,239.0,52.62091827392578,163.9499969482422
2025-09-25,50.880001068115234,16.0,0.8799999952316284,19.0,5.264999866485596,17.25200080871582,17.186798095703125,16.479999542236328,193.86000061035156,65.44999694824219,220.3999938964844,44.139068603515625,424.7999877929687,1.3315000534057615,200.8999938964844,267.22186279296875,257.20001220703125,287.3999938964844,1752.5,3.075000047683716,15.156000137329102,12.664999961853027,10.552000045776367,249.8999938964844,21.899999618530273,36.06999969482422,2.7300000190734863,405.3999938964844,30.459999084472656,14.5,10.225000381469728,34.31999969482422,35.0,56.0,19.905000686645508,1978.5,55.0,22.950000762939453,19.11000061035156,24.31999969482422,363.5,237.5,52.502891540527344,163.1999969482422
2025-09-26,49.97999954223633,16.20800018310547,0.8820000290870667,19.0,5.375,17.67799949645996,17.061920166015625,16.895000457763672,195.72000122070312,67.05000305175781,219.0500030517578,44.433982849121094,426.1499938964844,1.3315000534057615,202.3999938964844,267.22186279296875,258.8999938964844,287.79998779296875,1715.5,3.309999942779541,15.345999717712402,12.90999984741211,10.553999900817873,245.6000061035156,22.225000381469727,36.130001068115234,2.759999990463257,403.3999938964844,30.940000534057617,14.399999618530272,10.265000343322754,34.59000015258789,35.20000076293945,55.810001373291016,20.100000381469727,1960.5,55.599998474121094,22.940000534057617,19.200000762939453,23.815000534057617,374.25,234.0,53.35859298706055,168.5500030517578
2025-09-29,48.9900016784668,16.149999618530273,0.9679999947547911,18.799999237060547,5.369999885559082,17.941999435424805,17.059999465942383,16.940000534057617,195.77999877929688,67.1500015258789,216.75,43.94245910644531,424.8500061035156,1.2925000190734863,202.6999969482422,266.2275390625,261.3999938964844,282.79998779296875,1703.5,3.490000009536743,15.08199977874756,12.600000381469728,10.423999786376951,253.8999938964844,22.19499969482422,36.040000915527344,2.7799999713897705,405.0,31.059999465942383,14.800000190734863,10.1899995803833,34.040000915527344,36.0,55.880001068115234,20.13999938964844,1988.5,56.599998474121094,21.5,18.75,23.969999313354492,376.6000061035156,235.5,52.17831039428711,169.0
2025-09-30,48.54999923706055,16.0,0.9679999947547911,18.899999618530273,5.204999923706055,17.06599998474121,17.25200080871582,16.719999313354492,197.3999938964844,67.4000015258789,216.5,44.23737335205078,424.8500061035156,1.3014999628067017,201.6000061035156,267.61956787109375,268.3999938964844,282.0,1666.0,3.424999952316284,14.866000175476074,12.835000038146973,10.505999565124512,254.0,22.19499969482422,36.36000061035156,2.7699999809265137,406.0,31.059999465942383,14.899999618530272,10.359999656677246,34.34000015258789,36.599998474121094,56.13999938964844,20.190000534057617,1988.5,55.599998474121094,20.729999542236328,18.780000686645508,23.850000381469727,378.0,236.0,50.880001068115234,166.6999969482422
2025-10-01,48.2400016784668,15.935999870300291,0.9100000262260436,18.899999618530273,5.224999904632568,17.020000457763672,17.392000198364258,17.020000457763672,199.0800018310547,68.25,217.6999969482422,44.433982849121094,424.2000122070313,1.3005000352859497,200.8999938964844,263.2943115234375,265.29998779296875,282.20001220703125,1703.0,3.2799999713897705,14.986000061035156,12.510000228881836,10.65999984741211,259.1000061035156,22.2450008392334,35.540000915527344,2.75,398.2000122070313,31.5,14.899999618530272,10.449999809265137,34.2400016784668,37.0,56.41999816894531,20.11000061035156,1951.0,57.20000076293945,21.700000762939453,18.459999084472656,24.09000015258789,393.4500122070313,245.0,51.59000015258789,168.5
2025-10-02,48.119998931884766,15.998000144958496,0.8659999966621399,19.5,5.204999923706055,17.243999481201172,17.47599983215332,16.950000762939453,202.0500030517578,68.75,219.6000061035156,43.450931549072266,425.0,1.3300000429153442,198.6499938964844,262.001708984375,272.0,287.20001220703125,1705.0,3.6050000190734863,14.87600040435791,12.81999969482422,10.739999771118164,253.3999938964844,21.98500061035156,35.08000183105469,2.740000009536743,398.7999877929687,31.5,14.800000190734863,10.46500015258789,34.150001525878906,38.400001525878906,56.02000045776367,20.1299991607666,1986.0,55.79999923706055,24.940000534057617,18.56999969482422,24.594999313354492,374.0,246.0,50.97999954223633,168.75
2025-10-03,47.869998931884766,16.118000030517578,0.9660000205039978,19.299999237060547,5.195000171661377,17.086000442504883,17.582000732421875,16.915000915527344,203.5500030517578,69.6500015258789,219.1999969482422,44.0,425.2000122070313,1.3070000410079956,198.6499938964844,262.29998779296875,271.3999938964844,291.3999938964844,1694.5,3.509999990463257,14.906000137329102,13.265000343322754,10.791999816894531,256.8999938964844,21.954999923706055,35.119998931884766,2.75,397.2000122070313,31.260000228881836,15.0,10.489999771118164,33.77000045776367,39.400001525878906,55.709999084472656,20.290000915527344,1962.5,56.400001525878906,28.010000228881836,18.809999465942383,24.809999465942383,356.8500061035156,249.5,51.060001373291016,167.5
2025-10-06,47.5099983215332,15.630000114440918,1.034999966621399,19.600000381469727,5.144999980926514,17.29400062561035,17.645999908447266,16.334999084472656,201.1000061035156,68.0999984741211,219.0,43.5,431.0499877929687,1.2855000495910645,198.6499938964844,264.1000061035156,263.20001220703125,282.0,1697.0,3.625,15.107999801635742,12.68000030517578,10.751999855041504,255.3000030517578,21.75,34.81999969482422,2.759999990463257,399.3999938964844,30.760000228881836,15.0,10.470000267028809,35.68000030517578,39.400001525878906,55.439998626708984,20.209999084472656,1962.5,57.599998474121094,30.170000076293945,18.86000061035156,24.86000061035156,385.75,260.0,51.310001373291016,170.25
2025-10-07,46.959999084472656,15.263999938964844,1.274999976158142,19.5,5.050000190734863,17.030000686645508,17.615999221801758,16.299999237060547,202.4499969482422,68.05000305175781,220.25,44.400001525878906,430.0,1.315999984741211,198.6499938964844,263.8999938964844,260.0,280.3999938964844,1703.0,3.549999952316284,15.173999786376951,12.40999984741211,10.723999977111816,261.29998779296875,21.020000457763672,35.31999969482422,2.819999933242798,402.0,30.18000030517578,15.100000381469728,10.369999885559082,35.45000076293945,39.79999923706055,56.650001525878906,20.15999984741211,1884.5,57.400001525878906,30.93000030517578,18.700000762939453,24.399999618530273,373.2000122070313,254.0,50.869998931884766,170.75
2025-10-08,47.5099983215332,15.29599952697754,1.434999942779541,19.799999237060547,4.986000061035156,17.374000549316406,17.65999984741211,16.479999542236328,205.3000030517578,68.30000305175781,221.8999938964844,44.599998474121094,432.9500122070313,1.287999987602234,201.6999969482422,262.3500061035156,264.29998779296875,287.0,1685.5,3.6449999809265137,15.28600025177002,12.359999656677246,10.814000129699709,259.79998779296875,21.1200008392334,35.79999923706055,2.7699999809265137,402.7999877929687,30.18000030517578,15.5,10.40999984741211,35.099998474121094,40.20000076293945,56.54999923706055,20.3799991607666,1884.5,58.400001525878906,28.959999084472656,18.100000381469727,24.69499969482422,376.0,262.0,51.119998931884766,171.64999389648438
2025-10-09,46.959999084472656,14.8100004196167,1.2000000476837158,19.799999237060547,4.808000087738037,16.70599937438965,17.917999267578125,16.6299991607666,204.6499938964844,68.5,219.8500061035156,44.29999923706055,430.5,1.3040000200271606,201.6999969482422,263.6000061035156,262.6000061035156,284.6000061035156,1610.0,3.900000095367432,15.378000259399414,12.395000457763672,10.932000160217283,262.5,20.924999237060547,35.810001373291016,2.7699999809265137,397.3999938964844,29.899999618530273,15.699999809265137,9.95199966430664,34.880001068115234,39.400001525878906,56.84000015258789,20.540000915527344,1884.5,58.0,29.700000762939453,17.1200008392334,24.700000762939453,377.5,260.0,51.13999938964844,170.3000030517578
2025-10-10,47.459999084472656,14.5,1.1299999952316284,19.600000381469727,4.73799991607666,16.20400047302246,18.143999099731445,16.530000686645508,202.0,67.0999984741211,210.6999969482422,44.400001525878906,423.2999877929687,1.3394999504089355,201.1000061035156,259.45001220703125,257.1000061035156,278.0,1622.0,3.684999942779541,14.95400047302246,12.3149995803833,10.696000099182127,255.6999969482422,20.864999771118164,35.93000030517578,2.759999990463257,390.0,29.559999465942383,16.0,9.765999794006348,34.20000076293945,40.20000076293945,57.5,20.440000534057617,1882.0,58.599998474121094,28.3799991607666,17.299999237060547,23.975000381469727,356.75,243.5,50.0,165.0
2025-10-13,,,,,,,,,,,,,,,,,,,,,,,,,,,,,,,,,,,,,,,,,,,,
2025-10-14,,,,,,,,,,,,,,,,,,,,,,,,,,,,,,,,,,,,,,,,,,,,
2025-10-15,,,,,,,,,,,,,,,,,,,,,,,,,,,,,,,,,,,,,,,,,,,,
2025-10-16,,,,,,,,,,,,,,,,,,,,,,,,,,,,,,,,,,,,,,,,,,,,
2025-10-17,,,,,,,,,,,,,,,,,,,,,,,,,,,,,,,,,,,,,,,,,,,,
2025-10-20,,,,,,,,,,,,,,,,,,,,,,,,,,,,,,,,,,,,,,,,,,,,
2025-10-21,,,,,,,,,,,,,,,,,,,,,,,,,,,,,,,,,,,,,,,,,,,,
2025-10-22,,,,,,,,,,,,,,,,,,,,,,,,,,,,,,,,,,,,,,,,,,,,
2025-10-23,,,,,,,,,,,,,,,,,,,,,,,,,,,,,,,,,,,,,,,,,,,,
2025-10-24,,,,,,,,,,,,,,,,,,,,,,,,,,,,,,,,,,,,,,,,,,,,
2025-10-27,,,,,,,,,,,,,,,,,,,,,,,,,,,,,,,,,,,,,,,,,,,,
2025-10-28,,,,,,,,,,,,,,,,,,,,,,,,,,,,,,,,,,,,,,,,,,,,
2025-10-29,,,,,,,,,,,,,,,,,,,,,,,,,,,,,,,,,,,,,,,,,,,,
2025-10-30,,,,,,,,,,,,,,,,,,,,,,,,,,,,,,,,,,,,,,,,,,,,
2025-10-31,,,,,,,,,,,,,,,,,,,,,,,,,,,,,,,,,,,,,,,,,,,,
2025-11-03,,,,,,,,,,,,,,,,,,,,,,,,,,,,,,,,,,,,,,,,,,,,
2025-11-04,,,,,,,,,,,,,,,,,,,,,,,,,,,,,,,,,,,,,,,,,,,,
2025-11-05,,,,,,,,,,,,,,,,,,,,,,,,,,,,,,,,,,,,,,,,,,,,
2025-11-06,,,,,,,,,,,,,,,,,,,,,,,,,,,,,,,,,,,,,,,,,,,,
2025-11-07,,,,,,,,,,,,,,,,,,,,,,,,,,,,,,,,,,,,,,,,,,,,
2025-11-10,,,,,,,,,,,,,,,,,,,,,,,,,,,,,,,,,,,,,,,,,,,,
2025-11-11,,,,,,,,,,,,,,,,,,,,,,,,,,,,,,,,,,,,,,,,,,,,
2025-11-12,,,,,,,,,,,,,,,,,,,,,,,,,,,,,,,,,,,,,,,,,,,,
2025-11-13,,,,,,,,,,,,,,,,,,,,,,,,,,,,,,,,,,,,,,,,,,,,
2025-11-14,,,,,,,,,,,,,,,,,,,,,,,,,,,,,,,,,,,,,,,,,,,,
2025-11-17,,,,,,,,,,,,,,,,,,,,,,,,,,,,,,,,,,,,,,,,,,,,
2025-11-18,,,,,,,,,,,,,,,,,,,,,,,,,,,,,,,,,,,,,,,,,,,,
