Date,0S1.F,19H.F,3V6.F,8TC.F,9A2.F,AAYA.F,AIR.PA,APC.F,BMTA.F,BRYN.DE,C6G.SG,CHQ1.MU,CMC.F,CSF.F,DAU0.F,DP4B.F,E3B.F,EL.PA,ENI.MI,FS5A.F,FVJ.MU,HRS.F,INN1.DE,ITB.F,LGI.DE,LIN.F,LTP.MU,MRE.F,OWQ.F,P5P.F,PGR.F,PHM7.F,PST.MI,RHM.DE,RIOA.F,SFW.F,STMPA.PA,TL0.F,TSFA.F,TTE.PA,WB2.F
2025-01-02,50.880001068115234,19.81999969482422,19.799999237060547,8.385000228881836,21.459999084472656,17.18199920654297,160.13999938964844,237.39999389648438,35.599998474121094,443.45001220703125,1.5440000295639038,210.3000030517578,235.25,137.1999969482422,195.8000030517578,1658.0,2.246000051498413,234.1999969482422,13.461999893188477,21.299999237060547,11.234000205993652,203.0,15.180000305175781,31.040000915527344,2.740000009536743,406.20001220703125,33.400001525878906,17.5,13.345000267028809,36.040000915527344,62.5,51.349998474121094,13.744999885559082,604.0,56.0,21.559999465942383,23.790000915527344,369.6499938964844,194.60000610351562,53.72999954223633,184.85000610351562
2025-01-03,49.880001068115234,20.100000381469727,19.799999237060547,8.595000267028809,21.7450008392334,17.881999969482422,158.5800018310547,235.85000610351562,35.599998474121094,440.54998779296875,1.56850004196167,214.0,234.75,136.85000610351562,195.0,1662.5,2.2119998931884766,230.1999969482422,13.470000267028809,21.799999237060547,11.137999534606934,202.60000610351562,15.157999992370605,31.40999984741211,2.740000009536743,403.0,33.02000045776367,17.399999618530273,13.5,36.20000076293945,63.0,51.400001525878906,13.654999732971191,615.5999755859375,56.5,21.559999465942383,23.479999542236328,399.0,202.0,54.0,186.0
2025-01-06,52.040000915527344,19.70599937438965,19.700000762939453,8.449999809265137,21.790000915527344,18.1299991607666,159.63999938964844,235.75,35.599998474121094,438.20001220703125,1.559000015258789,214.89999389648438,233.14999389648438,135.0,193.39999389648438,1644.5,2.2119998931884766,233.0,13.640000343322754,20.979999542236328,11.003999710083008,203.10000610351562,15.369999885559082,31.299999237060547,2.740000009536743,396.3999938964844,33.02000045776367,17.600000381469727,13.335000038146973,35.77000045776367,63.0,50.95000076293945,13.8149995803833,606.4000244140625,56.0,21.700000762939453,25.325000762939453,394.95001220703125,211.5,54.709999084472656,186.5
2025-01-07,50.68000030517578,19.323999404907227,19.799999237060547,8.600000381469727,21.405000686645508,18.027999877929688,158.39999389648438,233.75,35.599998474121094,439.5,1.5010000467300415,214.89999389648438,236.10000610351562,138.39999389648438,195.1999969482422,1571.5,2.2279999256134033,234.8000030517578,13.661999702453613,20.889999389648438,10.553999900817871,198.0,15.312000274658203,31.31999969482422,2.740000009536743,399.79998779296875,32.400001525878906,17.200000762939453,13.3100004196167,35.439998626708984,62.0,49.904998779296875,13.854999542236328,617.0,57.0,21.399999618530273,25.815000534057617,378.8999938964844,204.5,54.97999954223633,184.0
2025-01-08,51.18000030517578,19.389999389648438,19.799999237060547,8.300000190734863,21.459999084472656,18.020000457763672,158.5800018310547,234.6999969482422,35.599998474121094,437.5,1.500499963760376,215.1999969482422,235.0500030517578,146.35000610351562,201.0,1569.5,2.186000108718872,233.8000030517578,13.67199993133545,20.700000762939453,10.552000045776367,199.0,15.064000129699707,31.40999984741211,2.740000009536743,407.20001220703125,32.81999969482422,17.399999618530273,13.045000076293945,35.72999954223633,62.0,49.724998474121094,13.960000038146973,648.7999877929688,56.0,21.360000610351562,24.700000762939453,383.45001220703125,202.0,55.15999984741211,184.64999389648438
2025-01-09,51.5,19.45800018310547,19.799999237060547,8.390000343322754,21.520000457763672,18.04800033569336,156.5800018310547,235.35000610351562,35.5,438.54998779296875,1.440500020980835,217.3000030517578,238.6999969482422,144.5500030517578,206.60000610351562,1536.0,2.0940001010894775,235.60000610351562,13.73799991607666,20.59000015258789,10.711999893188477,203.5,15.215999603271484,31.469999313354492,2.740000009536743,410.79998779296875,33.0,17.399999618530273,13.104999542236328,35.72999954223633,61.0,50.04999923706055,14.0649995803833,649.2000122070312,56.0,21.18000030517578,24.475000381469727,378.04998779296875,204.5,55.29999923706055,184.4499969482422
2025-01-10,49.880001068115234,19.197999954223633,19.799999237060547,8.345000267028809,21.344999313354492,17.714000701904297,157.55999755859375,230.39999389648438,35.400001525878906,431.6000061035156,1.440500020980835,220.3000030517578,234.60000610351562,144.35000610351562,203.8000030517578,1465.5,2.0859999656677246,235.10000610351562,13.744000434875488,20.610000610351562,10.722000122070312,203.10000610351562,15.057999610900879,31.219999313354492,2.740000009536743,406.0,32.97999954223633,17.399999618530273,12.635000228881836,35.75,61.0,49.7599983215332,13.9350004196167,650.0,59.0,21.360000610351562,24.045000076293945,385.54998779296875,202.5,55.25,184.39999389648438
2025-01-13,50.400001525878906,19.493999481201172,19.5,8.255000114440918,21.46500015258789,17.45800018310547,155.44000244140625,229.10000610351562,34.5,435.04998779296875,1.5115000009536743,220.60000610351562,236.89999389648438,144.35000610351562,203.8000030517578,1428.0,2.059999942779541,233.39999389648438,13.871999740600586,20.760000228881836,10.772000312805176,205.0,15.562000274658203,30.610000610351562,2.740000009536743,412.6000061035156,32.779998779296875,17.200000762939453,12.800000190734863,35.7599983215332,60.5,49.939998626708984,13.850000381469727,644.7999877929688,57.5,21.200000762939453,23.420000076293945,393.75,197.1999969482422,55.91999816894531,186.0500030517578
2025-01-14,51.0,19.51799964904785,19.399999618530273,8.404999732971191,21.5049991607666,17.618000030517578,155.97999572753906,226.1999969482422,34.20000076293945,433.1499938964844,1.5184999704360962,222.10000610351562,240.0,146.0,208.0,1429.0,2.003999948501587,233.5,13.744000434875488,21.15999984741211,11.142000198364258,208.3000030517578,15.62600040435791,30.780000686645508,2.740000009536743,414.20001220703125,32.97999954223633,17.299999237060547,12.845000267028809,35.279998779296875,60.5,49.755001068115234,13.994999885559082,655.0,58.5,21.299999237060547,23.510000228881836,384.0,193.60000610351562,55.599998474121094,190.0
2025-01-15,52.459999084472656,19.77199935913086,19.5,8.484999656677246,21.850000381469727,17.788000106811523,154.3800048828125,231.0,34.599998474121094,444.70001220703125,1.4674999713897705,235.10000610351562,245.85000610351562,144.75,204.60000610351562,1444.5,2.114000082015991,236.6999969482422,13.984000205993652,20.969999313354492,11.378000259399414,207.39999389648438,15.838000297546387,30.350000381469727,2.740000009536743,415.20001220703125,33.5,17.600000381469727,13.204999923706055,35.52000045776367,60.5,49.505001068115234,14.199999809265137,656.4000244140625,58.0,21.6200008392334,24.059999465942383,416.45001220703125,199.60000610351562,55.93000030517578,191.35000610351562
2025-01-16,52.68000030517578,19.552000045776367,19.899999618530273,8.475000381469727,21.700000762939453,18.076000213623047,157.1999969482422,221.5500030517578,34.5,445.79998779296875,1.4579999446868896,243.0,245.4499969482422,146.35000610351562,203.0,1429.5,2.0859999656677246,240.1999969482422,13.944000244140625,21.1299991607666,11.501999855041504,207.89999389648438,15.956000328063965,30.600000381469727,2.740000009536743,418.79998779296875,33.5,17.5,13.170000076293945,36.0099983215332,61.5,49.7400016784668,14.295000076293945,686.0,58.0,21.81999969482422,24.18000030517578,401.0,211.0,57.380001068115234,194.64999389648438
2025-01-17,53.52000045776367,20.155000686645508,20.0,8.694999694824219,22.524999618530273,18.690000534057617,160.77999877929688,223.4499969482422,34.400001525878906,454.70001220703125,1.4505000114440918,249.0,249.3000030517578,148.25,203.8000030517578,1375.0,2.1640000343322754,244.10000610351562,14.092000007629395,21.530000686645508,11.652000427246094,211.0,15.881999969482422,30.579999923706055,2.740000009536743,424.6000061035156,33.70000076293945,17.899999618530273,13.414999961853027,35.86000061035156,62.0,50.290000915527344,14.430000305175781,686.0,59.5,21.780000686645508,24.670000076293945,414.6000061035156,205.5,57.470001220703125,196.25
2025-01-20,52.7599983215332,20.21500015258789,20.200000762939453,8.555000305175781,22.290000915527344,18.624000549316406,163.4199981689453,222.1999969482422,35.29999923706055,456.29998779296875,1.4220000505447388,246.5,253.75,150.14999389648438,204.1999969482422,1395.0,2.140000104904175,245.10000610351562,13.892000198364258,21.790000915527344,11.496000289916992,215.0,16.055999755859375,30.8700008392334,2.740000009536743,423.0,33.84000015258789,17.799999237060547,13.399999618530273,36.209999084472656,61.0,50.27000045776367,14.399999618530273,686.0,59.0,22.100000381469727,24.75,412.20001220703125,212.0,57.16999816894531,195.85000610351562
2025-01-21,52.86000061035156,20.235000610351562,20.200000762939453,8.609999656677246,22.5,18.56399917602539,163.3000030517578,213.0,35.20000076293945,452.95001220703125,1.4190000295639038,246.39999389648438,253.0500030517578,151.1999969482422,209.39999389648438,1397.5,2.119999885559082,250.0,13.72599983215332,21.540000915527344,11.607999801635742,211.6999969482422,16.055999755859375,30.799999237060547,2.740000009536743,424.79998779296875,34.18000030517578,17.700000762939453,13.015000343322754,36.70000076293945,60.5,49.20000076293945,14.460000038146973,686.0,59.5,22.0,24.674999237060547,402.5,211.0,56.63999938964844,196.10000610351562
2025-01-22,53.880001068115234,19.93199920654297,20.200000762939453,8.6850004196167,22.385000228881836,18.621999740600586,165.13999938964844,214.89999389648438,35.20000076293945,439.45001220703125,1.402500033378601,232.60000610351562,252.64999389648438,152.35000610351562,209.0,1391.0,2.119999885559082,253.5,13.675999641418457,21.450000762939453,11.473999977111816,208.89999389648438,15.758000373840332,30.889999389648438,2.740000009536743,427.6000061035156,33.41999816894531,17.799999237060547,12.774999618530273,35.709999084472656,59.0,48.72999954223633,14.390000343322754,717.7999877929688,59.0,21.739999771118164,24.540000915527344,398.29998779296875,214.5,56.380001068115234,198.64999389648438
2025-01-23,54.779998779296875,19.940000534057617,20.200000762939453,8.604999542236328,22.389999389648438,18.510000228881836,166.66000366210938,213.85000610351562,35.5,442.8999938964844,1.43149995803833,224.1999969482422,254.1999969482422,154.6999969482422,207.8000030517578,1390.0,2.0239999294281006,254.5,13.593999862670898,21.34000015258789,11.222000122070312,211.10000610351562,16.07200050354004,31.100000381469727,2.740000009536743,423.0,33.040000915527344,17.399999618530273,12.65999984741211,35.63999938964844,54.5,49.08000183105469,14.395000457763672,733.5999755859375,58.5,21.440000534057617,24.575000762939453,393.20001220703125,215.5,56.13999938964844,199.35000610351562
2025-01-24,54.97999954223633,20.014999389648438,20.399999618530273,8.949999809265137,22.270000457763672,18.402000427246094,167.0399932861328,212.3000030517578,35.099998474121094,439.45001220703125,1.4155000448226929,224.1999969482422,251.9499969482422,152.35000610351562,208.1999969482422,1397.0,1.99399995803833,256.1000061035156,13.407999992370605,21.399999618530273,11.326000213623047,207.3000030517578,16.07200050354004,31.5,2.740000009536743,421.0,32.29999923706055,17.200000762939453,12.765000343322754,35.5099983215332,51.5,49.45500183105469,14.329999923706055,733.5999755859375,59.5,21.5,24.295000076293945,387.3999938964844,212.5,55.84000015258789,198.9499969482422
2025-01-27,54.720001220703125,20.100000381469727,20.200000762939453,8.8149995803833,22.299999237060547,18.41200065612793,165.83999633789062,219.5,37.5,447.20001220703125,1.440500020980835,217.1999969482422,252.5,153.0,206.0,1366.0,2.0339999198913574,257.6000061035156,13.40999984741211,22.299999237060547,11.20199966430664,204.5,15.986000061035156,31.68000030517578,2.740000009536743,419.6000061035156,32.560001373291016,17.100000381469727,12.925000190734863,35.22999954223633,50.0,51.18000030517578,14.479999542236328,723.2000122070312,58.5,21.139999389648438,24.385000228881836,378.45001220703125,182.39999389648438,55.689998626708984,196.5
2025-01-28,54.86000061035156,20.170000076293945,20.799999237060547,8.795000076293945,22.135000228881836,18.784000396728516,166.8000030517578,229.0,37.79999923706055,451.54998779296875,1.4160000085830688,216.10000610351562,254.14999389648438,153.9499969482422,211.39999389648438,1392.0,2.00600004196167,259.5,13.432000160217285,21.959999084472656,11.25,208.60000610351562,15.991999626159668,31.889999389648438,2.740000009536743,419.3999938964844,33.20000076293945,16.899999618530273,12.774999618530273,35.0099983215332,52.0,50.72999954223633,14.46500015258789,732.2000122070312,57.0,21.31999969482422,23.594999313354492,383.20001220703125,193.8000030517578,55.75,196.1999969482422
2025-01-29,56.18000030517578,20.31999969482422,20.799999237060547,8.914999961853027,22.399999618530273,18.93600082397461,166.6199951171875,230.0,37.900001525878906,452.5,1.4244999885559082,216.10000610351562,257.3999938964844,153.5,210.1999969482422,1389.0,1.9559999704360962,263.29998779296875,13.449999809265137,22.1299991607666,11.347999572753906,208.0,16.143999099731445,31.90999984741211,2.740000009536743,421.3999938964844,33.20000076293945,17.0,12.779999732971191,34.709999084472656,53.5,50.5,14.520000457763672,742.4000244140625,57.0,21.459999084472656,23.780000686645508,374.54998779296875,194.0,55.79999923706055,197.39999389648438
2025-01-30,54.5,19.857999801635742,21.0,8.640000343322754,22.239999771118164,19.163999557495117,166.32000732421875,228.75,38.0,452.0,1.4194999933242798,217.3000030517578,258.75,155.0,215.0,1382.5,1.8029999732971191,265.1000061035156,13.63599967956543,21.670000076293945,11.482000350952148,201.10000610351562,16.142000198364258,32.099998474121094,2.740000009536743,426.0,33.02000045776367,16.799999237060547,12.845000267028809,35.02000045776367,54.0,49.165000915527344,14.654999732971191,747.0,57.0,21.040000915527344,21.239999771118164,384.6000061035156,199.60000610351562,56.15999984741211,202.10000610351562
2025-01-31,54.959999084472656,20.200000762939453,21.600000381469727,8.789999961853027,22.790000915527344,19.582000732421875,167.1199951171875,227.39999389648438,38.20000076293945,452.79998779296875,1.440500020980835,220.89999389648438,259.75,156.9499969482422,217.60000610351562,1421.5,1.7829999923706055,265.70001220703125,13.699999809265137,22.1299991607666,11.494000434875488,203.39999389648438,16.030000686645508,32.380001068115234,2.740000009536743,430.20001220703125,33.02000045776367,17.200000762939453,12.864999771118164,35.380001068115234,55.0,50.400001525878906,14.6899995803833,755.4000244140625,58.0,21.3799991607666,21.825000762939453,392.04998779296875,202.5,56.38999938964844,203.89999389648438
2025-02-03,52.439998626708984,20.6200008392334,21.200000762939453,8.819999694824219,22.94499969482422,19.420000076293945,166.5800018310547,222.0,38.599998474121094,450.0,1.399999976158142,223.39999389648438,258.8999938964844,155.9499969482422,210.0,1396.5,1.7009999752044678,264.0,13.630000114440918,22.350000381469727,11.069999694824219,204.1999969482422,15.814000129699707,32.939998626708984,2.740000009536743,440.20001220703125,33.2400016784668,16.899999618530273,13.09000015258789,34.08000183105469,55.0,51.47999954223633,14.515000343322754,764.0,57.5,21.639999389648438,21.165000915527344,372.75,194.8000030517578,55.970001220703125,198.0
2025-02-04,53.02000045776367,20.395000457763672,21.799999237060547,8.78499984741211,23.0,19.610000610351562,166.02000427246094,224.14999389648438,38.70000076293945,450.04998779296875,1.4045000076293945,223.1999969482422,257.6000061035156,157.3000030517578,217.60000610351562,1447.0,1.6799999475479126,268.70001220703125,13.784000396728516,22.540000915527344,11.185999870300293,204.1999969482422,16.054000854492188,33.060001373291016,2.740000009536743,441.20001220703125,33.34000015258789,17.100000381469727,13.154999732971191,33.880001068115234,54.5,50.65999984741211,14.5600004196167,758.2000122070312,57.5,21.579999923706055,21.639999389648438,376.3500061035156,197.0,57.02000045776367,198.9499969482422
2025-02-05,52.380001068115234,20.065000534057617,21.600000381469727,8.720000267028809,22.079999923706055,19.658000946044922,166.89999389648438,223.5,39.400001525878906,451.8500061035156,1.440000057220459,220.10000610351562,258.5,158.9499969482422,217.8000030517578,1513.0,1.6660000085830688,271.1000061035156,13.744000434875488,22.170000076293945,11.520000457763672,202.0,15.960000038146973,33.43000030517578,2.740000009536743,435.6000061035156,33.15999984741211,16.899999618530273,13.109999656677246,34.75,55.0,50.619998931884766,14.494999885559082,748.7999877929688,58.5,21.739999771118164,21.200000762939453,363.04998779296875,200.0,58.0099983215332,197.9499969482422
2025-02-06,54.7599983215332,20.0,22.799999237060547,8.78499984741211,22.184999465942383,19.715999603271484,167.89999389648438,223.60000610351562,39.900001525878906,459.1499938964844,1.4444999694824219,221.10000610351562,263.8500061035156,157.0,210.0,1543.0,1.7309999465942383,270.70001220703125,13.812000274658203,22.15999984741211,11.60200023651123,197.0,15.904000282287598,34.02000045776367,2.740000009536743,441.20001220703125,33.15999984741211,17.299999237060547,13.25,35.0,55.5,50.619998931884766,14.604999542236328,706.4000244140625,60.5,22.100000381469727,21.594999313354492,359.70001220703125,201.5,58.61000061035156,199.14999389648438
2025-02-07,54.599998474121094,20.19499969482422,21.799999237060547,8.699999809265137,21.875,19.986000061035156,166.9199981689453,220.5,40.0,460.45001220703125,1.4874999523162842,211.3000030517578,268.25,159.4499969482422,210.60000610351562,1532.0,1.7369999885559082,269.8999938964844,13.862000465393066,22.149999618530273,11.784000396728516,200.10000610351562,15.961999893188477,34.060001373291016,2.740000009536743,440.79998779296875,33.15999984741211,16.299999237060547,13.229999542236328,34.79999923706055,55.0,50.790000915527344,14.579999923706055,723.4000244140625,61.0,22.139999389648438,21.735000610351562,350.0,200.5,58.880001068115234,199.35000610351562
2025-02-10,54.619998931884766,19.799999237060547,22.0,8.800000190734863,22.06999969482422,19.847999572753906,167.44000244140625,221.1999969482422,40.70000076293945,457.20001220703125,1.4830000400543213,211.3000030517578,263.54998779296875,159.60000610351562,214.1999969482422,1540.5,1.7029999494552612,272.29998779296875,13.88599967956543,22.760000228881836,11.78600025177002,200.89999389648438,15.961999893188477,34.52000045776367,2.740000009536743,446.6000061035156,33.20000076293945,16.0,13.199999809265137,35.279998779296875,55.5,51.77000045776367,14.664999961853027,723.4000244140625,59.5,22.479999542236328,21.75,341.04998779296875,201.0,58.619998931884766,200.5
2025-02-11,54.97999954223633,20.104999542236328,22.0,8.789999961853027,22.014999389648438,20.0,167.22000122070312,224.1999969482422,40.900001525878906,454.8999938964844,1.5125000476837158,213.6999969482422,264.8999938964844,161.35000610351562,220.0,1649.0,1.7059999704360962,277.0,14.062000274658203,22.520000457763672,11.60200023651123,199.3000030517578,16.062000274658203,34.54999923706055,2.740000009536743,445.0,32.459999084472656,15.899999618530273,13.210000038146973,35.36000061035156,56.0,51.939998626708984,14.795000076293945,731.4000244140625,59.0,22.200000762939453,22.18000030517578,316.1499938964844,202.5,58.86000061035156,199.8000030517578
2025-02-12,52.5,20.030000686645508,22.0,8.765000343322754,21.81999969482422,19.964000701904297,169.8800048828125,227.14999389648438,40.79999923706055,451.95001220703125,1.5110000371932983,212.5,265.0,160.8000030517578,216.39999389648438,1650.0,1.7359999418258667,276.0,14.026000022888184,22.229999542236328,11.642000198364258,197.75,16.17799949645996,34.66999816894531,2.740000009536743,440.20001220703125,32.439998626708984,16.299999237060547,13.069999694824219,35.40999984741211,55.0,51.36000061035156,14.774999618530273,728.0,59.5,22.260000228881836,22.31999969482422,324.70001220703125,198.0,59.0099983215332,182.4499969482422
2025-02-13,52.459999084472656,20.05500030517578,22.399999618530273,8.795000076293945,22.059999465942383,19.781999588012695,169.97999572753906,230.5,37.0,456.04998779296875,1.500499963760376,202.8000030517578,263.1499938964844,163.89999389648438,217.39999389648438,1623.0,1.715000033378601,295.79998779296875,13.991999626159668,22.5,11.704000473022461,192.60000610351562,16.18199920654297,33.849998474121094,2.740000009536743,440.0,32.439998626708984,16.100000381469727,12.994999885559082,34.779998779296875,54.5,51.209999084472656,14.774999618530273,757.0,59.0,22.459999084472656,22.94499969482422,340.25,193.0,58.70000076293945,189.0
2025-02-14,53.34000015258789,19.908000946044922,22.0,8.8149995803833,22.100000381469727,19.93000030517578,168.52000427246094,232.5,37.29999923706055,459.6000061035156,1.5115000009536743,201.60000610351562,264.29998779296875,167.39999389648438,217.1999969482422,1572.5,1.3990000486373901,294.5,14.038000106811523,22.450000762939453,11.6899995803833,191.0,16.399999618530273,33.540000915527344,2.740000009536743,438.0,32.86000061035156,16.100000381469727,13.050000190734863,35.13999938964844,55.0,50.939998626708984,14.699999809265137,817.0,59.5,22.18000030517578,23.329999923706055,337.8500061035156,195.0,58.880001068115234,186.1999969482422
2025-02-17,53.97999954223633,20.40999984741211,22.0,8.920000076293945,22.114999771118164,20.135000228881836,170.5,232.5500030517578,36.900001525878906,460.1499938964844,1.5364999771118164,202.89999389648438,266.6000061035156,180.8000030517578,233.8000030517578,1628.0,1.378999948501587,294.1000061035156,14.076000213623047,22.850000381469727,11.70199966430664,192.75,16.40399932861328,33.45000076293945,2.740000009536743,440.20001220703125,32.86000061035156,15.899999618530273,13.3100004196167,34.70000076293945,54.5,50.90999984741211,14.829999923706055,931.5999755859375,61.0,22.260000228881836,23.21500015258789,333.29998779296875,196.1999969482422,58.900001525878906,183.10000610351562
2025-02-18,54.599998474121094,20.40999984741211,22.799999237060547,9.130000114440918,22.280000686645508,20.514999389648438,173.0,233.1999969482422,36.70000076293945,460.54998779296875,1.5390000343322754,203.60000610351562,267.20001220703125,185.9499969482422,233.39999389648438,1620.5,1.315000057220459,294.6000061035156,14.093999862670898,22.56999969482422,11.904000282287598,188.5500030517578,16.70800018310547,33.25,2.740000009536743,442.3999938964844,33.08000183105469,16.0,13.170000076293945,34.900001525878906,54.5,50.52000045776367,14.880000114440918,928.7999877929688,61.0,23.0,23.125,337.29998779296875,194.0,59.09000015258789,178.89999389648438
2025-02-19,54.68000030517578,20.864999771118164,22.200000762939453,9.020000457763672,22.239999771118164,20.5,168.9199981689453,234.89999389648438,36.70000076293945,465.0,1.5164999961853027,205.5,268.5,186.10000610351562,237.1999969482422,1628.5,1.309000015258789,293.8999938964844,14.053999900817871,22.799999237060547,11.682000160217285,188.64999389648438,16.40999984741211,33.56999969482422,2.740000009536743,443.0,33.099998474121094,16.100000381469727,13.204999923706055,34.68000030517578,55.0,51.220001220703125,14.604999542236328,932.7999877929688,61.0,22.65999984741211,24.94499969482422,344.45001220703125,193.0,58.709999084472656,180.0
2025-02-20,53.29999923706055,20.96500015258789,22.200000762939453,8.920000076293945,22.31999969482422,20.399999618530273,165.0800018310547,233.75,36.099998474121094,457.5,1.5104999542236328,208.60000610351562,254.8000030517578,181.89999389648438,235.0,1671.5,1.25600004196167,292.5,14.055999755859375,23.079999923706055,11.130000114440918,185.4499969482422,16.45199966430664,33.189998626708984,2.740000009536743,439.0,33.380001068115234,15.800000190734863,13.135000228881836,34.709999084472656,54.0,51.400001525878906,14.5600004196167,889.5999755859375,61.0,22.520000457763672,26.375,333.95001220703125,190.60000610351562,58.81999969482422,186.35000610351562
2025-02-21,52.91999816894531,20.954999923706055,21.600000381469727,8.930000305175781,22.155000686645508,20.725000381469727,160.0,234.75,36.099998474121094,461.54998779296875,1.4880000352859497,214.5,253.14999389648438,183.25,234.60000610351562,1676.0,1.2259999513626099,290.8999938964844,13.961999893188477,22.489999771118164,11.368000030517578,189.5,16.562000274658203,32.130001068115234,2.740000009536743,439.0,32.97999954223633,15.899999618530273,11.395000457763672,34.529998779296875,53.5,52.63999938964844,14.944999694824219,894.2000122070312,61.0,22.3799991607666,26.75,322.3999938964844,188.0,58.119998931884766,182.0500030517578
2025-02-24,50.599998474121094,20.684999465942383,21.600000381469727,9.130000114440918,22.204999923706055,20.56999969482422,164.33999633789062,236.3000030517578,36.20000076293945,474.3999938964844,1.406499981880188,209.60000610351562,249.89999389648438,188.4499969482422,242.39999389648438,1715.5,1.4490000009536743,287.3999938964844,14.03600025177002,22.600000381469727,11.211999893188477,190.39999389648438,16.507999420166016,33.11000061035156,2.740000009536743,439.79998779296875,32.91999816894531,15.800000190734863,11.149999618530273,34.40999984741211,52.5,52.65999984741211,14.984999656677246,951.4000244140625,60.5,22.34000015258789,26.43000030517578,317.3500061035156,183.0,58.060001373291016,173.10000610351562
2025-02-25,49.529998779296875,20.295000076293945,21.600000381469727,8.994999885559082,22.34000015258789,20.549999237060547,164.10000610351562,236.10000610351562,36.5,469.79998779296875,1.4105000495910645,209.60000610351562,244.0,192.75,247.39999389648438,1750.0,1.3930000066757202,279.3999938964844,14.137999534606934,22.56999969482422,10.998000144958496,192.5,16.6200008392334,33.02000045776367,2.740000009536743,444.6000061035156,33.119998931884766,15.800000190734863,11.404999732971191,34.29999923706055,53.0,53.29999923706055,14.975000381469727,952.7999877929688,58.5,22.0,25.80500030517578,286.5,179.1999969482422,57.470001220703125,172.85000610351562
2025-02-26,50.560001373291016,20.020000457763672,21.799999237060547,9.0,22.100000381469727,20.565000534057617,167.52000427246094,228.9499969482422,37.20000076293945,472.6000061035156,1.4140000343322754,207.1999969482422,247.0,193.35000610351562,246.8000030517578,1740.0,1.3420000076293945,282.3999938964844,14.27400016784668,22.18000030517578,10.355999946594238,194.25,16.95199966430664,33.310001373291016,2.740000009536743,442.0,33.119998931884766,16.0,11.635000228881836,34.43000030517578,54.0,52.79999923706055,15.300000190734863,970.0,58.5,22.260000228881836,25.15999984741211,277.79998779296875,185.39999389648438,57.7599983215332,174.25
2025-02-27,50.7599983215332,19.79199981689453,21.799999237060547,8.229999542236328,21.899999618530273,20.844999313354492,165.13999938964844,228.85000610351562,37.0,483.0,1.4149999618530273,208.60000610351562,251.8000030517578,196.8000030517578,246.1999969482422,1721.0,1.2400000095367432,288.3999938964844,14.074000358581543,21.610000610351562,10.342000007629395,197.0,17.0939998626709,33.689998626708984,2.740000009536743,446.0,33.119998931884766,16.200000762939453,11.545000076293945,34.439998626708984,53.0,52.709999084472656,15.390000343322754,1001.0,58.0,22.18000030517578,24.165000915527344,271.0,174.0,57.81999969482422,173.39999389648438
2025-02-28,50.880001068115234,19.947999954223633,22.200000762939453,8.475000381469727,22.399999618530273,21.139999389648438,165.6999969482422,232.0,37.5,488.04998779296875,1.4105000495910645,210.8000030517578,251.5,195.14999389648438,245.60000610351562,1680.0,1.1779999732971191,286.8999938964844,13.854000091552734,21.850000381469727,9.890999794006348,199.8000030517578,17.13800048828125,33.810001373291016,2.740000009536743,449.0,33.34000015258789,16.200000762939453,11.880000114440918,35.15999984741211,52.0,53.25,15.524999618530273,1006.5,57.5,22.139999389648438,23.729999542236328,280.54998779296875,173.39999389648438,57.779998779296875,173.64999389648438
2025-03-03,50.84000015258789,19.586000442504883,22.600000381469727,7.75,22.299999237060547,21.06999969482422,174.3800048828125,226.10000610351562,37.29999923706055,487.3500061035156,1.4005000591278076,219.0,250.14999389648438,236.10000610351562,302.0,1713.5,2.359999895095825,287.20001220703125,13.850000381469727,22.479999542236328,10.052000045776367,198.85000610351562,17.75200080871582,34.130001068115234,2.740000009536743,442.0,33.900001525878906,16.5,11.395000457763672,37.279998779296875,52.5,54.220001220703125,15.720000267028809,1144.5,59.0,22.3799991607666,23.770000457763672,265.0,164.1999969482422,58.16999816894531,177.10000610351562
2025-03-04,46.939998626708984,19.083999633789062,23.0,7.71999979019165,21.600000381469727,20.665000915527344,168.74000549316406,221.8000030517578,38.29999923706055,472.95001220703125,1.3910000324249268,207.6999969482422,238.1999969482422,248.0,303.0,1665.5,4.420000076293945,285.3999938964844,13.263999938964844,21.920000076293945,9.744999885559082,198.60000610351562,17.253999710083008,34.310001373291016,2.740000009536743,435.0,33.900001525878906,16.200000762939453,11.354999542236328,36.599998474121094,51.5,53.869998931884766,15.600000381469727,1122.0,59.5,21.899999618530273,21.799999237060547,255.25,170.60000610351562,56.61000061035156,171.60000610351562
2025-03-05,46.709999084472656,17.525999069213867,21.600000381469727,7.534999847412109,21.200000762939453,20.139999389648438,172.77999877929688,218.60000610351562,36.79999923706055,458.8999938964844,1.3904999494552612,207.1999969482422,233.60000610351562,253.60000610351562,297.79998779296875,1665.5,8.25,280.20001220703125,13.144000053405762,21.40999984741211,9.401000022888184,190.4499969482422,17.878000259399414,33.20000076293945,2.740000009536743,432.79998779296875,33.900001525878906,15.800000190734863,11.385000228881836,35.86000061035156,51.5,52.11000061035156,15.609999656677246,1202.5,59.0,21.0,22.975000381469727,257.79998779296875,170.39999389648438,55.97999954223633,163.64999389648438
2025-03-06,45.5,17.604000091552734,20.799999237060547,7.554999828338623,20.854999542236328,19.974000930786133,173.05999755859375,217.75,37.099998474121094,460.1000061035156,1.372499942779541,202.3000030517578,227.3000030517578,254.89999389648438,298.6000061035156,1665.5,6.25,271.5,13.215999603271484,20.899999618530273,9.371000289916992,192.4499969482422,18.75,32.84000015258789,2.740000009536743,431.6000061035156,33.439998626708984,15.600000381469727,11.324999809265137,34.959999084472656,51.5,51.900001525878906,15.989999771118164,1199.0,59.5,20.719999313354492,24.03499984741211,244.5500030517578,163.60000610351562,56.31999969482422,164.39999389648438
2025-03-07,45.540000915527344,17.100000381469727,20.200000762939453,7.554999828338623,20.829999923706055,19.615999221801758,169.55999755859375,221.0,37.20000076293945,453.1000061035156,1.3580000400543213,200.10000610351562,223.0,236.3000030517578,290.0,1691.0,5.585000038146973,272.0,13.53600025177002,20.440000534057617,9.25100040435791,196.39999389648438,18.874000549316406,33.02000045776367,2.740000009536743,431.79998779296875,32.779998779296875,15.199999809265137,10.744999885559082,34.720001220703125,51.0,53.560001373291016,16.149999618530273,1115.0,57.0,20.739999771118164,23.725000381469727,241.64999389648438,159.8000030517578,56.540000915527344,163.0
2025-03-10,43.220001220703125,17.422000885009766,20.399999618530273,7.804999828338623,21.09000015258789,20.19499969482422,163.1199951171875,209.14999389648438,37.79999923706055,459.45001220703125,1.3880000114440918,201.8000030517578,214.1999969482422,234.60000610351562,283.20001220703125,1791.0,8.104999542236328,273.29998779296875,13.630000114440918,21.40999984741211,9.265000343322754,207.0,18.511999130249023,32.959999084472656,2.740000009536743,425.6000061035156,33.040000915527344,15.300000190734863,11.550000190734863,34.689998626708984,52.5,54.63999938964844,16.040000915527344,1119.0,57.5,21.139999389648438,23.34000015258789,203.1999969482422,157.0,56.400001525878906,163.4499969482422
2025-03-11,42.400001525878906,16.447999954223633,20.0,7.53000020980835,20.040000915527344,20.0049991607666,163.0,201.9499969482422,37.5,451.45001220703125,1.4040000438690186,198.5,210.35000610351562,235.60000610351562,300.0,1702.5,6.534999847412109,265.5,13.545999526977539,20.799999237060547,9.031999588012695,196.0500030517578,18.18000030517578,32.72999954223633,2.740000009536743,417.0,33.040000915527344,15.5,10.920000076293945,35.11000061035156,51.5,53.099998474121094,15.975000381469727,1154.0,57.0,20.3799991607666,22.684999465942383,211.5,158.1999969482422,56.13999938964844,162.5
2025-03-12,42.56999969482422,16.700000762939453,19.5,7.400000095367432,20.0049991607666,19.229999542236328,164.10000610351562,199.47999572753906,37.79999923706055,455.6000061035156,1.4105000495910645,194.9499969482422,211.1999969482422,241.8000030517578,293.6000061035156,1674.0,6.760000228881836,270.0,13.649999618530273,19.684999465942383,9.244999885559082,190.3000030517578,18.357999801635742,32.630001068115234,2.740000009536743,415.3999938964844,32.97999954223633,15.300000190734863,11.300000190734863,34.95000076293945,50.0,53.33000183105469,16.135000228881836,1265.0,56.5,20.34000015258789,22.725000381469727,228.85000610351562,162.60000610351562,56.630001068115234,160.89999389648438
2025-03-13,42.599998474121094,16.77199935913086,19.5,7.364999771118164,19.777999877929688,19.583999633789062,162.22000122070312,193.47999572753906,37.79999923706055,464.25,1.3849999904632568,196.35000610351562,206.6999969482422,237.1999969482422,291.20001220703125,1652.5,6.21999979019165,262.6000061035156,13.656000137329102,19.5,9.201000213623047,193.89999389648438,18.312000274658203,32.959999084472656,2.740000009536743,418.0,32.619998931884766,15.199999809265137,11.020000457763672,35.630001068115234,50.0,53.7599983215332,16.315000534057617,1288.0,55.5,20.31999969482422,22.110000610351562,221.35000610351562,158.60000610351562,57.18000030517578,161.3000030517578
2025-03-14,42.61000061035156,17.101999282836914,19.399999618530273,7.494999885559082,19.525999069213867,19.54599952697754,169.1999969482422,196.0,38.099998474121094,471.04998779296875,1.406000018119812,196.35000610351562,213.6999969482422,251.89999389648438,312.0,1611.5,5.920000076293945,261.3999938964844,13.718000411987305,19.260000228881836,9.52400016784668,193.85000610351562,18.549999237060547,32.93000030517578,2.740000009536743,419.20001220703125,32.619998931884766,15.399999618530273,11.270000457763672,35.52000045776367,49.599998474121094,54.040000915527344,16.375,1369.0,57.5,19.940000534057617,22.600000381469727,229.5500030517578,159.60000610351562,57.4900016784668,161.8000030517578
2025-03-17,44.650001525878906,17.326000213623047,19.899999618530273,7.159999847412109,19.687999725341797,19.856000900268555,171.24000549316406,195.5399932861328,38.099998474121094,475.3500061035156,1.4550000429153442,199.6999969482422,214.39999389648438,249.89999389648438,315.79998779296875,1639.0,5.934999942779541,263.6000061035156,14.02400016784668,19.459999084472656,9.958000183105469,194.0500030517578,18.549999237060547,32.97999954223633,2.740000009536743,423.0,33.20000076293945,15.399999618530273,11.109999656677246,35.29999923706055,50.5,54.0,16.34000015258789,1369.0,57.5,19.770000457763672,22.924999237060547,216.8000030517578,162.0,57.54999923706055,167.1999969482422
2025-03-18,44.439998626708984,17.058000564575195,19.600000381469727,7.070000171661377,19.743999481201172,20.020000457763672,171.77999877929688,194.52000427246094,37.79999923706055,478.70001220703125,1.3980000019073486,203.8000030517578,214.5,253.39999389648438,325.6000061035156,1685.5,5.46999979019165,263.5,14.149999618530273,19.389999389648438,9.628000259399414,193.60000610351562,18.733999252319336,32.689998626708984,2.740000009536743,419.79998779296875,33.099998474121094,15.399999618530273,11.09000015258789,36.0,50.5,53.36000061035156,16.579999923706055,1445.5,59.0,20.020000457763672,23.475000381469727,206.1999969482422,158.39999389648438,57.970001220703125,166.89999389648438
2025-03-19,44.06999969482422,17.624000549316406,20.200000762939453,7.21999979019165,19.874000549316406,19.972000122070312,171.3000030517578,197.63999938964844,37.70000076293945,481.3500061035156,1.4005000591278076,204.10000610351562,219.5,246.89999389648438,319.3999938964844,1569.5,5.349999904632568,265.20001220703125,14.336000442504883,18.850000381469727,9.583000183105469,193.5,18.805999755859375,32.560001373291016,2.740000009536743,419.6000061035156,32.7400016784668,15.399999618530273,11.15999984741211,35.58000183105469,50.5,52.77000045776367,16.524999618530273,1380.0,57.5,20.040000915527344,23.53499984741211,216.10000610351562,160.0,58.810001373291016,169.6999969482422
2025-03-20,46.400001525878906,17.516000747680664,20.799999237060547,7.135000228881836,19.968000411987305,20.274999618530273,167.36000061035156,196.5399932861328,38.0,487.8999938964844,1.440000057220459,208.3000030517578,220.89999389648438,244.10000610351562,306.20001220703125,1542.5,4.28000020980835,266.1000061035156,14.446000099182129,18.665000915527344,9.300999641418457,194.5,18.4060001373291,32.59000015258789,2.740000009536743,420.79998779296875,32.619998931884766,15.699999809265137,11.260000228881836,36.119998931884766,50.5,53.470001220703125,16.434999465942383,1336.0,57.5,20.280000686645508,22.6299991607666,217.25,163.39999389648438,58.869998931884766,172.5500030517578
2025-03-21,45.79999923706055,17.79199981689453,20.0,7.085000038146973,19.961999893188477,19.950000762939453,166.63999938964844,201.3000030517578,37.79999923706055,483.79998779296875,1.4110000133514404,211.60000610351562,223.5500030517578,240.10000610351562,305.6000061035156,1555.0,4.340000152587891,267.3999938964844,14.37600040435791,18.815000534057617,9.25100040435791,192.3000030517578,18.34600067138672,32.349998474121094,2.740000009536743,420.20001220703125,31.979999542236328,15.699999809265137,11.255000114440918,36.790000915527344,49.79999923706055,52.900001525878906,16.364999771118164,1305.0,58.0,20.399999618530273,22.110000610351562,229.39999389648438,163.60000610351562,58.400001525878906,169.89999389648438
2025-03-24,47.54999923706055,18.0,19.899999618530273,7.289999961853027,20.30500030517578,20.225000381469727,167.22000122070312,204.1999969482422,37.70000076293945,483.79998779296875,1.4759999513626099,211.5,228.35000610351562,247.10000610351562,315.79998779296875,1601.5,3.746000051498413,270.5,14.062000274658203,19.075000762939453,9.461000442504883,194.64999389648438,18.34600067138672,32.77000045776367,2.740000009536743,424.0,31.979999542236328,15.5,11.244999885559082,36.599998474121094,50.0,53.41999816894531,16.350000381469727,1305.0,57.0,20.540000915527344,22.434999465942383,259.95001220703125,167.8000030517578,57.959999084472656,170.35000610351562
2025-03-25,48.22999954223633,18.025999069213867,20.399999618530273,7.320000171661377,20.55500030517578,19.899999618530273,172.32000732421875,207.5,37.900001525878906,488.04998779296875,1.465499997138977,215.3000030517578,231.25,250.1999969482422,314.20001220703125,1614.0,3.437999963760376,277.20001220703125,14.220000267028809,19.600000381469727,9.401000022888184,193.25,18.799999237060547,32.77000045776367,2.740000009536743,422.3999938964844,32.31999969482422,15.699999809265137,11.125,37.08000183105469,50.5,52.5,16.5049991607666,1319.5,57.5,20.5,22.44499969482422,266.79998779296875,167.39999389648438,59.349998474121094,173.5
2025-03-26,48.529998779296875,18.06800079345703,20.399999618530273,7.335000038146973,20.649999618530273,19.917999267578125,170.5399932861328,205.89999389648438,37.70000076293945,494.0,1.440500020980835,215.3000030517578,233.5,252.60000610351562,316.20001220703125,1674.5,4.883999824523926,273.20001220703125,14.38599967956543,19.55500030517578,9.36299991607666,197.5500030517578,18.711999893188477,32.66999816894531,2.740000009536743,428.3999938964844,32.31999969482422,15.5,11.119999885559082,37.09000015258789,51.0,53.45000076293945,16.459999084472656,1353.5,57.5,20.719999313354492,21.545000076293945,251.5500030517578,159.8000030517578,60.40999984741211,174.5500030517578
2025-03-27,47.099998474121094,18.371999740600586,20.399999618530273,7.360000133514404,20.545000076293945,19.600000381469727,168.6999969482422,207.9499969482422,37.70000076293945,496.54998779296875,1.440500020980835,215.3000030517578,230.0,250.39999389648438,311.3999938964844,1641.5,4.757999897003174,269.29998779296875,14.486000061035156,19.645000457763672,9.34000015258789,197.10000610351562,18.618000030517578,33.119998931884766,2.740000009536743,429.0,32.31999969482422,15.5,11.114999771118164,37.119998931884766,50.0,53.880001068115234,16.549999237060547,1350.0,57.5,20.920000076293945,21.290000915527344,252.9499969482422,156.60000610351562,60.5099983215332,172.1999969482422
2025-03-28,45.880001068115234,17.736000061035156,20.600000381469727,7.539999961853027,20.280000686645508,19.040000915527344,166.25999450683594,201.39999389648438,37.29999923706055,486.6000061035156,1.437999963760376,207.60000610351562,224.0500030517578,244.0,308.3999938964844,1633.5,4.185999870300293,266.6000061035156,14.300000190734863,19.364999771118164,9.281000137329102,194.1999969482422,18.29400062561035,33.540000915527344,2.740000009536743,425.3999938964844,32.31999969482422,15.399999618530273,10.805000305175781,36.83000183105469,49.400001525878906,54.060001373291016,16.655000686645508,1310.0,57.5,20.520000457763672,20.510000228881836,241.64999389648438,152.60000610351562,59.209999084472656,174.14999389648438
2025-03-31,44.15999984741211,17.621999740600586,20.0,7.304999828338623,20.270000457763672,18.365999221801758,162.77999877929688,205.4499969482422,37.70000076293945,489.8500061035156,1.4375,207.60000610351562,224.4499969482422,247.10000610351562,302.6000061035156,1605.0,4.349999904632568,265.3999938964844,14.29800033569336,19.4950008392334,9.006999969482422,193.5,17.99799919128418,34.29999923706055,2.740000009536743,430.79998779296875,33.060001373291016,15.300000190734863,10.789999961853027,36.630001068115234,47.400001525878906,54.939998626708984,16.43000030517578,1319.0,55.5,20.459999084472656,20.0,239.85000610351562,152.60000610351562,59.65999984741211,162.85000610351562
2025-04-01,44.7599983215332,17.643999099731445,20.600000381469727,7.275000095367432,20.584999084472656,18.5939998626709,168.05999755859375,206.60000610351562,38.099998474121094,494.1000061035156,1.4559999704360962,211.1999969482422,227.5500030517578,249.8000030517578,306.79998779296875,1616.5,4.138000011444092,267.3999938964844,14.404000282287598,19.200000762939453,9.119999885559082,192.5500030517578,18.173999786376953,34.40999984741211,2.740000009536743,430.0,33.040000915527344,15.5,10.975000381469727,37.220001220703125,52.5,54.380001068115234,16.6200008392334,1354.0,56.5,20.5,20.1200008392334,250.4499969482422,155.60000610351562,59.4900016784668,170.0
2025-04-02,45.849998474121094,17.573999404907227,20.600000381469727,7.429999828338623,20.604999542236328,18.464000701904297,162.74000549316406,206.60000610351562,37.900001525878906,493.1499938964844,1.471500039100647,212.39999389648438,226.14999389648438,246.8000030517578,302.6000061035156,1579.0,4.015999794006348,267.6000061035156,14.312000274658203,19.524999618530273,9.019000053405762,192.8000030517578,18.187999725341797,33.630001068115234,2.740000009536743,429.6000061035156,33.040000915527344,15.600000381469727,10.78499984741211,37.349998474121094,53.0,51.36000061035156,16.850000381469727,1297.0,54.5,20.760000228881836,19.916000366210938,260.20001220703125,156.0,59.40999984741211,169.5500030517578
2025-04-03,44.630001068115234,17.34600067138672,19.700000762939453,7.135000228881836,19.59000015258789,17.850000381469727,158.02000427246094,183.9199981689453,36.20000076293945,482.3999938964844,1.340000033378601,202.10000610351562,207.5500030517578,252.5,302.20001220703125,1429.5,3.9779999256134033,248.3000030517578,13.67199993133545,18.915000915527344,8.621999740600586,192.1999969482422,17.308000564575195,34.31999969482422,2.740000009536743,423.3999938964844,31.65999984741211,15.300000190734863,10.569999694824219,36.810001373291016,52.5,52.61000061035156,16.559999465942383,1353.0,54.0,19.75,18.242000579833984,242.9499969482422,143.8000030517578,56.599998474121094,161.5
2025-04-04,37.0,15.871999740600586,19.700000762939453,6.614999771118164,18.395999908447266,17.804000854492188,146.89999389648438,172.75999450683594,36.599998474121094,458.95001220703125,1.350000023841858,198.25,193.5800018310547,231.60000610351562,269.0,1296.5,3.930000066757202,243.39999389648438,13.052000045776367,17.854999542236328,7.999000072479248,189.60000610351562,15.930000305175781,33.06999969482422,2.740000009536743,399.6000061035156,31.739999771118164,15.100000381469727,10.194999694824219,34.4900016784668,51.5,51.790000915527344,15.65999984741211,1276.0,50.5,18.079999923706055,17.02199935913086,219.10000610351562,134.60000610351562,53.06999969482422,148.39999389648438
2025-04-07,37.0,15.246000289916992,18.399999618530273,6.059999942779541,17.79199981689453,16.218000411987305,136.8000030517578,166.1999969482422,36.400001525878906,444.20001220703125,1.2300000190734863,171.64999389648438,196.74000549316406,230.3000030517578,276.20001220703125,1362.0,3.950000047683716,232.89999389648438,12.043999671936035,16.854999542236328,7.650000095367432,182.60000610351562,15.302000045776367,32.06999969482422,2.740000009536743,395.20001220703125,30.31999969482422,14.300000190734863,9.576000213623047,32.97999954223633,49.0,50.9900016784668,15.0649995803833,1244.0,49.900001525878906,17.100000381469727,16.875999450683594,212.5,132.60000610351562,50.290000915527344,143.35000610351562
2025-04-08,37.849998474121094,14.819999694824219,18.5,6.070000171661377,18.360000610351562,17.035999298095703,140.24000549316406,157.36000061035156,36.20000076293945,464.1499938964844,1.18149995803833,188.39999389648438,201.35000610351562,234.8000030517578,277.0,1320.0,3.7200000286102295,241.8000030517578,11.890000343322754,17.43000030517578,8.420000076293945,186.60000610351562,15.687999725341797,32.72999954223633,2.740000009536743,379.20001220703125,30.299999237060547,14.300000190734863,9.215999603271484,33.25,53.0,50.400001525878906,15.354999542236328,1315.5,50.0,16.850000381469727,17.266000747680664,201.6999969482422,129.39999389648438,50.45000076293945,150.10000610351562
2025-04-09,35.68000030517578,15.968000411987305,17.899999618530273,5.78000020980835,17.04800033569336,17.07200050354004,133.47999572753906,181.67999267578125,36.0,444.75,1.1699999570846558,182.64999389648438,215.0500030517578,249.39999389648438,282.79998779296875,1223.5,4.074999809265137,233.89999389648438,11.234000205993652,15.925000190734863,7.64900016784668,182.8000030517578,15.105999946594238,32.349998474121094,2.740000009536743,407.20001220703125,29.559999465942383,13.800000190734863,10.125,31.440000534057617,48.599998474121094,51.29999923706055,15.140000343322754,1306.5,47.79999923706055,16.1299991607666,16.68400001525879,248.0,145.0,48.255001068115234,144.14999389648438
2025-04-10,38.650001525878906,15.232000350952148,19.700000762939453,6.010000228881836,17.857999801635742,15.751999855041504,139.4600067138672,169.16000366210938,35.79999923706055,456.1000061035156,1.2869999408721924,196.14999389648438,202.39999389648438,244.6999969482422,293.0,1313.0,3.825000047683716,242.0,11.557999610900879,17.96500015258789,8.350000381469727,193.5,15.62399959564209,33.08000183105469,2.740000009536743,390.0,30.5,14.800000190734863,9.345999717712402,32.18000030517578,51.5,50.20000076293945,15.635000228881836,1379.5,50.79999923706055,17.959999084472656,16.9060001373291,225.0,134.0,49.51499938964844,146.0
2025-04-11,37.33000183105469,15.097999572753906,18.899999618530273,5.945000171661377,17.304000854492188,15.336000442504883,134.86000061035156,174.94000244140625,35.79999923706055,453.29998779296875,1.2669999599456787,191.85000610351562,209.25,247.3000030517578,290.3999938964844,1338.0,3.744999885559082,241.1999969482422,11.498000144958496,16.645000457763672,8.300000190734863,191.89999389648438,15.805999755859375,32.9900016784668,2.740000009536743,396.6000061035156,30.15999984741211,14.399999618530273,9.222000122070312,30.739999771118164,50.5,49.915000915527344,15.755000114440918,1360.5,49.20000076293945,16.459999084472656,17.583999633789062,220.75,138.0,48.665000915527344,147.6999969482422
2025-04-14,38.439998626708984,15.0,19.200000762939453,5.849999904632568,17.799999237060547,15.39799976348877,139.25999450683594,181.0,36.79999923706055,467.54998779296875,1.3389999866485596,193.5,207.35000610351562,255.0,303.20001220703125,1404.5,3.6600000858306885,247.10000610351562,11.777999877929688,16.415000915527344,8.470000267028809,194.9499969482422,16.17799949645996,33.63999938964844,2.740000009536743,393.0,30.15999984741211,14.5,9.416000366210938,31.920000076293945,50.5,50.5,16.30500030517578,1440.0,51.400001525878906,16.709999084472656,17.965999603271484,223.35000610351562,137.39999389648438,50.220001220703125,152.0500030517578
2025-04-15,39.7400016784668,15.5,19.899999618530273,5.920000076293945,17.850000381469727,15.902000427246094,140.94000244140625,179.67999267578125,36.900001525878906,473.1000061035156,1.30649995803833,194.0500030517578,207.64999389648438,261.3999938964844,307.20001220703125,1437.5,4.289999961853027,251.1999969482422,11.960000038146973,16.934999465942383,8.600000381469727,195.85000610351562,16.469999313354492,34.650001525878906,2.740000009536743,401.20001220703125,30.979999542236328,14.600000381469727,9.59000015258789,32.36000061035156,50.5,51.11000061035156,16.4950008392334,1440.0,50.400001525878906,16.829999923706055,18.302000045776367,224.3000030517578,139.0,50.61000061035156,152.60000610351562
2025-04-16,39.18000030517578,15.347999572753906,19.5,5.764999866485596,17.790000915527344,15.779999732971191,140.5,170.89999389648438,36.900001525878906,463.04998779296875,1.2599999904632568,195.64999389648438,200.0,255.89999389648438,310.0,1440.5,3.799999952316284,249.8000030517578,12.173999786376953,16.655000686645508,8.42199993133545,194.85000610351562,16.535999298095703,34.540000915527344,2.740000009536743,393.20001220703125,30.920000076293945,14.600000381469727,9.42199993133545,32.290000915527344,49.79999923706055,50.5,16.729999542236328,1484.5,49.599998474121094,17.270000457763672,18.062000274658203,210.5500030517578,133.39999389648438,51.68000030517578,151.35000610351562
2025-04-17,39.310001373291016,15.133999824523926,19.399999618530273,5.835000038146973,17.98200035095215,15.770000457763672,136.4600067138672,173.67999267578125,36.900001525878906,458.8999938964844,1.2684999704360962,201.10000610351562,205.60000610351562,256.29998779296875,300.0,1443.0,3.809999942779541,247.3000030517578,12.272000312805176,16.829999923706055,8.489999771118164,190.0500030517578,16.45800018310547,34.77000045776367,2.740000009536743,399.0,30.959999084472656,14.699999809265137,9.666000366210938,32.849998474121094,49.599998474121094,51.45000076293945,16.934999465942383,1464.0,52.0,17.1299991607666,17.93000030517578,211.85000610351562,134.0,51.650001525878906,146.5
2025-04-22,39.130001068115234,15.163999557495117,18.600000381469727,5.945000171661377,17.690000534057617,15.156000137329102,133.05999755859375,174.66000366210938,37.5,450.8500061035156,1.2319999933242798,195.5500030517578,203.8000030517578,251.39999389648438,304.79998779296875,1429.5,3.7049999237060547,253.1999969482422,12.39799976348877,16.78499984741211,8.324000358581543,184.85000610351562,16.68400001525879,34.79999923706055,2.740000009536743,397.3999938964844,30.959999084472656,14.100000381469727,9.751999855041504,32.59000015258789,47.599998474121094,51.06999969482422,17.09000015258789,1426.0,51.0,16.850000381469727,18.145999908447266,206.39999389648438,132.1999969482422,51.869998931884766,149.3000030517578
2025-04-23,42.619998931884766,15.682000160217285,19.5,5.985000133514404,18.5,16.516000747680664,138.83999633789062,180.52000427246094,37.5,463.8500061035156,1.3255000114440918,203.39999389648438,212.9499969482422,246.1999969482422,293.79998779296875,1467.0,3.684999942779541,257.29998779296875,12.430000305175781,17.1299991607666,8.619999885559082,190.75,17.423999786376953,35.029998779296875,2.740000009536743,394.6000061035156,31.719999313354492,14.699999809265137,9.95199966430664,33.720001220703125,50.0,51.279998779296875,17.280000686645508,1383.5,52.79999923706055,17.6200008392334,19.22599983215332,225.85000610351562,139.1999969482422,51.9900016784668,162.25
2025-04-24,41.810001373291016,15.284000396728516,19.5,6.079999923706055,18.299999237060547,16.33799934387207,137.25999450683594,182.44000244140625,37.20000076293945,466.1499938964844,1.2734999656677246,202.1999969482422,213.35000610351562,240.5,296.0,1483.5,3.5899999141693115,252.0,12.692000389099121,17.25,8.600000381469727,187.9499969482422,16.624000549316406,35.45000076293945,2.740000009536743,395.20001220703125,31.1200008392334,14.699999809265137,9.784000396728516,33.45000076293945,51.0,51.529998779296875,17.40999984741211,1382.5,52.599998474121094,17.209999084472656,20.239999771118164,227.85000610351562,143.1999969482422,52.150001525878906,161.64999389648438
2025-04-25,42.70000076293945,15.960000038146973,19.899999618530273,6.135000228881836,18.56599998474121,16.6200008392334,140.60000610351562,184.0,37.0,465.04998779296875,1.309000015258789,205.0,213.4499969482422,234.5,296.6000061035156,1472.0,3.5,253.3000030517578,12.758000373840332,17.565000534057617,8.640999794006348,188.10000610351562,16.871999740600586,35.540000915527344,2.740000009536743,391.3999938964844,31.139999389648438,14.899999618530273,9.904000282287598,33.68000030517578,52.0,51.68000030517578,17.450000762939453,1386.5,53.599998474121094,17.799999237060547,20.415000915527344,247.9499969482422,144.8000030517578,52.7599983215332,162.4499969482422
2025-04-28,43.43000030517578,15.661999702453613,19.600000381469727,6.114999771118164,18.469999313354492,16.79199981689453,144.32000732421875,184.02000427246094,37.29999923706055,467.20001220703125,1.30649995803833,205.0,213.5500030517578,234.10000610351562,298.0,1461.5,3.549999952316284,250.10000610351562,12.718000411987305,17.540000915527344,8.800000190734863,191.4499969482422,16.964000701904297,35.369998931884766,2.740000009536743,391.20001220703125,30.920000076293945,14.699999809265137,10.069999694824219,33.63999938964844,51.5,51.16999816894531,17.559999465942383,1339.5,52.79999923706055,17.649999618530273,20.145000457763672,250.0500030517578,143.1999969482422,52.91999816894531,161.0
2025-04-29,43.38999938964844,15.772000312805176,19.700000762939453,6.21999979019165,18.172000885009766,17.077999114990234,143.97999572753906,185.6999969482422,37.29999923706055,466.20001220703125,1.308500051498413,207.6999969482422,215.0500030517578,240.10000610351562,310.0,1494.0,3.434999942779541,250.39999389648438,12.685999870300293,17.635000228881836,9.25,191.14999389648438,17.20599937438965,35.689998626708984,2.740000009536743,395.20001220703125,31.420000076293945,14.800000190734863,10.125,33.83000183105469,52.0,51.529998779296875,17.610000610351562,1339.5,53.0,17.84000015258789,20.145000457763672,257.3999938964844,144.39999389648438,52.349998474121094,159.85000610351562
2025-04-30,40.59000015258789,15.878000259399414,20.0,6.25,18.020000457763672,17.13599967956543,147.13999938964844,188.0,37.5,469.5,1.3020000457763672,207.6999969482422,213.75,243.10000610351562,316.20001220703125,1496.0,3.5450000762939453,252.6999969482422,12.699999809265137,17.6200008392334,9.039999961853027,191.89999389648438,17.054000854492188,36.11000061035156,2.740000009536743,400.0,31.420000076293945,14.899999618530273,10.154999732971191,33.66999816894531,52.5,52.20000076293945,17.84000015258789,1499.0,53.20000076293945,17.90999984741211,19.81999969482422,249.60000610351562,146.8000030517578,51.15999984741211,160.9499969482422
2025-05-02,42.70000076293945,15.600000381469727,20.200000762939453,6.050000190734863,17.926000595092773,17.341999053955078,154.9600067138672,181.3800048828125,38.29999923706055,474.6499938964844,1.375499963760376,206.0,222.0500030517578,250.6999969482422,322.3999938964844,1572.0,3.8499999046325684,257.5,12.656000137329102,17.1299991607666,9.25,197.64999389648438,18.27199935913086,36.09000015258789,2.740000009536743,402.3999938964844,31.420000076293945,15.100000381469727,9.494000434875488,34.02000045776367,53.0,52.36000061035156,18.049999237060547,1576.0,53.599998474121094,17.770000457763672,20.639999389648438,254.14999389648438,158.0,50.86000061035156,163.5500030517578
2025-05-05,43.0099983215332,15.571999549865723,20.799999237060547,5.90500020980835,18.229999542236328,16.854000091552734,158.27999877929688,175.83999633789062,38.099998474121094,456.6499938964844,1.3799999952316284,206.0,224.85000610351562,250.8000030517578,331.20001220703125,1592.0,4.610000133514404,256.8999938964844,12.574000358581543,17.34000015258789,9.118000030517578,192.25,18.152000427246094,36.0,2.740000009536743,400.0,31.31999969482422,15.199999809265137,9.052000045776367,33.880001068115234,53.5,52.869998931884766,18.174999237060547,1627.0,52.400001525878906,17.940000534057617,20.434999465942383,248.8000030517578,156.60000610351562,50.5099983215332,169.4499969482422
2025-05-06,41.939998626708984,15.5,20.399999618530273,5.769999980926514,18.236000061035156,16.884000778198242,156.63999938964844,175.8800048828125,39.20000076293945,453.0,1.3660000562667847,208.6999969482422,221.9499969482422,248.60000610351562,327.20001220703125,1556.0,4.235000133514404,250.6999969482422,12.715999603271484,17.05500030517578,9.140000343322754,188.60000610351562,17.875999450683594,36.70000076293945,2.740000009536743,392.79998779296875,30.719999313354492,15.199999809265137,9.034000396728516,34.279998779296875,53.0,53.2400016784668,18.25,1645.0,52.20000076293945,17.610000610351562,20.030000686645508,242.1999969482422,152.60000610351562,51.060001373291016,165.9499969482422
2025-05-07,42.9900016784668,15.413999557495117,20.399999618530273,5.894999980926514,18.191999435424805,16.899999618530273,154.5800018310547,173.6999969482422,39.20000076293945,455.04998779296875,1.3795000314712524,208.3000030517578,221.89999389648438,248.60000610351562,310.20001220703125,1508.0,3.9549999237060547,243.6999969482422,12.649999618530273,17.155000686645508,9.119999885559082,190.4499969482422,17.766000747680664,37.16999816894531,2.740000009536743,396.3999938964844,31.280000686645508,15.300000190734863,9.180000305175781,34.189998626708984,53.5,53.9900016784668,18.360000610351562,1633.5,52.599998474121094,17.68000030517578,20.15999984741211,242.4499969482422,154.1999969482422,50.75,166.1999969482422
2025-05-08,43.61000061035156,15.539999961853027,20.600000381469727,6.264999866485596,18.200000762939453,16.950000762939453,158.3800048828125,177.1199951171875,38.79999923706055,460.8999938964844,1.3995000123977661,212.1999969482422,228.0,251.10000610351562,322.0,1460.0,3.9700000286102295,244.10000610351562,12.746000289916992,17.299999237060547,9.085000038146973,193.0,17.988000869750977,36.45000076293945,2.740000009536743,404.0,32.400001525878906,15.5,9.21399974822998,34.810001373291016,54.0,53.95000076293945,18.424999237060547,1701.0,53.0,17.809999465942383,20.524999618530273,255.85000610351562,156.39999389648438,51.04999923706055,167.60000610351562
2025-05-09,43.529998779296875,15.550000190734863,20.799999237060547,6.295000076293945,18.472000122070312,17.125999450683594,158.44000244140625,176.8800048828125,38.599998474121094,456.3999938964844,1.4385000467300415,212.0,226.5500030517578,249.60000610351562,312.0,1547.0,4.019999980926514,242.3000030517578,13.0,17.7549991607666,9.050000190734863,192.64999389648438,18.20599937438965,35.63999938964844,2.740000009536743,400.20001220703125,32.060001373291016,15.399999618530273,9.173999786376953,34.95000076293945,54.5,52.790000915527344,18.389999389648438,1694.0,52.400001525878906,17.760000228881836,21.209999084472656,264.6499938964844,158.60000610351562,51.88999938964844,169.4499969482422
2025-05-12,43.810001373291016,16.18000030517578,21.399999618530273,6.739999771118164,19.714000701904297,17.700000762939453,158.5800018310547,189.77999877929688,37.099998474121094,461.25,1.534999966621399,212.0,234.5,236.3000030517578,292.6000061035156,1678.5,3.924999952316284,249.10000610351562,13.267999649047852,18.475000381469727,9.399999618530273,194.0,18.68400001525879,34.970001220703125,2.740000009536743,411.0,32.060001373291016,15.5,9.605999946594238,33.13999938964844,54.5,51.279998779296875,18.264999389648438,1594.0,55.400001525878906,18.15999984741211,22.655000686645508,286.25,168.39999389648438,53.06999969482422,181.0
2025-05-13,46.61000061035156,15.706000328063965,21.200000762939453,6.639999866485596,19.139999389648438,17.672000885009766,161.10000610351562,190.39999389648438,36.29999923706055,460.70001220703125,1.559999942779541,207.8000030517578,234.9499969482422,239.89999389648438,302.3999938964844,1685.5,3.930000066757202,254.6999969482422,13.473999977111816,18.350000381469727,9.541999816894531,196.0,18.631999969482422,34.380001068115234,2.740000009536743,405.0,32.060001373291016,14.899999618530273,9.911999702453613,33.54999923706055,56.0,50.86000061035156,18.145000457763672,1608.5,55.79999923706055,18.780000686645508,23.30500030517578,298.75,173.60000610351562,53.40999984741211,182.85000610351562
2025-05-14,46.369998931884766,15.680000305175781,21.799999237060547,6.900000095367432,19.3700008392334,17.663999557495117,159.5,190.10000610351562,36.20000076293945,460.70001220703125,1.5735000371932983,207.8000030517578,234.3000030517578,240.0,302.79998779296875,1714.0,4.0,249.89999389648438,13.446000099182129,18.454999923706055,9.71399974822998,190.6999969482422,18.631999969482422,32.189998626708984,2.740000009536743,399.0,32.040000915527344,15.100000381469727,9.628000259399414,33.119998931884766,55.5,50.650001525878906,18.15999984741211,1608.5,55.20000076293945,18.850000381469727,23.290000915527344,311.1499938964844,174.1999969482422,53.11000061035156,181.0
2025-05-15,45.97999954223633,15.770000457763672,21.0,6.920000076293945,19.1299991607666,17.266000747680664,159.22000122070312,188.86000061035156,36.0,454.25,1.5644999742507935,207.3000030517578,238.1999969482422,248.6999969482422,307.79998779296875,1701.5,3.8350000381469727,253.1999969482422,13.324000358581543,18.440000534057617,9.71399974822998,198.1999969482422,18.851999282836914,31.770000457763672,2.740000009536743,406.0,31.440000534057617,14.800000190734863,9.642000198364258,33.59000015258789,54.5,52.02000045776367,18.389999389648438,1682.0,55.20000076293945,18.549999237060547,23.165000915527344,303.8999938964844,173.0,52.86000061035156,181.89999389648438
2025-05-16,45.900001525878906,15.899999618530273,21.600000381469727,6.824999809265137,19.56999969482422,17.700000762939453,160.24000549316406,189.60000610351562,36.79999923706055,461.04998779296875,1.5755000114440918,209.0,240.1999969482422,246.0,305.79998779296875,1734.5,3.690000057220459,260.70001220703125,13.392000198364258,18.905000686645508,9.765000343322754,206.0,18.950000762939453,32.38999938964844,2.740000009536743,411.3999938964844,31.440000534057617,15.199999809265137,9.447999954223633,33.40999984741211,56.5,52.63999938964844,18.44499969482422,1723.0,55.79999923706055,18.489999771118164,23.059999465942383,312.3500061035156,174.1999969482422,53.22999954223633,184.14999389648438
2025-05-19,45.540000915527344,15.657999992370605,21.399999618530273,6.914999961853027,19.059999465942383,17.700000762939453,161.89999389648438,185.5,37.79999923706055,454.5,1.6069999933242798,209.0,238.14999389648438,249.8000030517578,309.79998779296875,1702.0,3.609999895095825,260.5,13.07800006866455,18.6299991607666,9.35099983215332,203.89999389648438,19.058000564575195,32.970001220703125,2.740000009536743,410.3999938964844,31.979999542236328,15.300000190734863,9.008000373840332,33.38999938964844,56.0,52.529998779296875,18.579999923706055,1752.5,55.599998474121094,18.90999984741211,22.80500030517578,304.79998779296875,171.0,52.880001068115234,180.14999389648438
2025-05-20,45.72999954223633,15.682000160217285,21.600000381469727,7.0,19.579999923706055,17.600000381469727,161.83999633789062,182.83999633789062,39.400001525878906,453.1000061035156,1.6584999561309814,207.39999389648438,235.75,252.3000030517578,310.20001220703125,1711.0,3.5,261.3999938964844,13.128000259399414,18.809999465942383,9.295999526977539,203.3000030517578,19.167999267578125,33.380001068115234,2.740000009536743,407.3999938964844,31.979999542236328,15.600000381469727,8.826000213623047,33.29999923706055,56.0,53.310001373291016,18.780000686645508,1780.0,54.79999923706055,19.010000228881836,22.96500015258789,303.04998779296875,170.60000610351562,53.0099983215332,182.5
2025-05-21,44.43000030517578,15.399999618530273,21.399999618530273,6.820000171661377,19.11400032043457,17.187999725341797,162.10000610351562,178.8800048828125,38.900001525878906,448.25,1.652500033378601,207.10000610351562,230.0,252.8000030517578,312.20001220703125,1697.0,3.430000066757202,260.3999938964844,13.020000457763672,18.665000915527344,9.21500015258789,210.0,19.08799934387207,33.470001220703125,2.740000009536743,400.0,31.899999618530273,15.300000190734863,7.989999771118164,33.060001373291016,55.0,52.65999984741211,18.75,1795.0,55.79999923706055,18.700000762939453,22.940000534057617,296.0,169.1999969482422,52.31999969482422,178.8000030517578
2025-05-22,43.70000076293945,15.315999984741211,21.0,6.699999809265137,19.16200065612793,16.469999313354492,161.25999450683594,178.72000122070312,39.099998474121094,447.95001220703125,1.652500033378601,203.60000610351562,231.89999389648438,260.0,313.0,1665.5,3.299999952316284,262.6000061035156,12.819999694824219,18.514999389648438,8.90999984741211,206.60000610351562,19.003999710083008,32.84000015258789,2.740000009536743,403.6000061035156,30.860000610351562,15.0,7.860000133514404,32.86000061035156,54.5,52.72999954223633,18.774999618530273,1770.0,55.79999923706055,18.399999618530273,22.469999313354492,307.3999938964844,174.0,51.5,175.3000030517578
2025-05-23,44.15999984741211,15.097999572753906,21.0,6.619999885559082,18.908000946044922,16.43600082397461,157.3000030517578,171.89999389648438,39.20000076293945,444.1499938964844,1.6365000009536743,202.5,230.14999389648438,257.20001220703125,305.3999938964844,1715.0,3.434999942779541,250.0,12.755999565124512,18.229999542236328,8.79699993133545,207.10000610351562,18.57200050354004,33.34000015258789,2.740000009536743,404.0,30.860000610351562,14.800000190734863,8.307999610900879,32.7400016784668,53.0,52.380001068115234,18.69499969482422,1783.5,53.79999923706055,18.09000015258789,21.520000457763672,300.8999938964844,168.39999389648438,50.970001220703125,176.35000610351562
2025-05-26,44.060001373291016,15.649999618530273,20.600000381469727,6.949999809265137,19.351999282836914,16.941999435424805,160.22000122070312,175.52000427246094,39.5,448.0,1.6365000009536743,202.5,229.8000030517578,263.20001220703125,305.79998779296875,1702.0,3.4800000190734863,255.1999969482422,12.930000305175781,18.364999771118164,8.901000022888184,215.0,18.83799934387207,33.45000076293945,2.740000009536743,403.79998779296875,30.860000610351562,14.899999618530273,8.432000160217285,32.88999938964844,54.0,53.0,19.045000076293945,1842.0,52.79999923706055,18.739999771118164,22.1299991607666,300.79998779296875,172.39999389648438,51.779998779296875,177.60000610351562
2025-05-27,44.66999816894531,15.621999740600586,21.0,6.855000019073486,19.22599983215332,16.763999938964844,162.1999969482422,176.86000061035156,39.900001525878906,448.5,1.652999997138977,202.10000610351562,232.0,268.79998779296875,305.3999938964844,1671.5,3.369999885559082,253.1999969482422,12.998000144958496,18.415000915527344,8.82699966430664,220.10000610351562,18.81999969482422,33.619998931884766,2.740000009536743,411.79998779296875,31.100000381469727,15.0,8.652000427246094,33.11000061035156,54.0,52.209999084472656,19.079999923706055,1889.0,54.0,18.280000686645508,22.450000762939453,320.0,174.0,51.540000915527344,174.89999389648438
2025-05-28,45.970001220703125,15.70199966430664,21.399999618530273,6.994999885559082,19.416000366210938,16.718000411987305,162.33999633789062,178.0800018310547,39.70000076293945,447.1499938964844,1.684000015258789,203.5,233.9499969482422,275.5,321.79998779296875,1551.5,3.3350000381469727,247.60000610351562,12.96399974822998,18.81999969482422,8.800999641418457,216.5,18.57200050354004,33.369998931884766,2.740000009536743,409.3999938964844,31.31999969482422,15.0,8.652000427246094,33.380001068115234,54.5,52.61000061035156,19.059999465942383,1898.0,52.599998474121094,18.280000686645508,22.350000381469727,317.6000061035156,173.60000610351562,51.63999938964844,179.8000030517578
2025-05-29,45.84000015258789,15.468000411987305,21.600000381469727,6.989999771118164,19.468000411987305,16.812000274658203,162.55999755859375,176.16000366210938,39.5,442.25,1.684000015258789,209.3000030517578,231.64999389648438,267.6000061035156,320.3999938964844,1593.5,3.375,247.6999969482422,12.930000305175781,18.8799991607666,8.845999717712402,213.0,18.61199951171875,33.130001068115234,2.740000009536743,408.6000061035156,31.31999969482422,14.800000190734863,8.52400016784668,33.290000915527344,54.5,52.34000015258789,19.0049991607666,1878.5,53.20000076293945,18.559999465942383,22.530000686645508,317.0,173.8000030517578,51.40999984741211,176.8000030517578
2025-05-30,46.0099983215332,15.244000434875488,21.799999237060547,6.885000228881836,19.3799991607666,16.898000717163086,162.0800018310547,177.0,39.29999923706055,443.20001220703125,1.5394999980926514,205.10000610351562,233.25,267.1000061035156,316.6000061035156,1610.0,3.319999933242798,244.6999969482422,12.972000122070312,18.65999984741211,8.720999717712402,215.60000610351562,18.68600082397461,33.54999923706055,2.740000009536743,411.0,31.31999969482422,14.899999618530273,8.40999984741211,32.65999984741211,54.0,53.189998626708984,19.110000610351562,1885.0,52.20000076293945,18.5,22.104999542236328,304.95001220703125,170.39999389648438,51.65999984741211,176.89999389648438
2025-06-02,44.939998626708984,15.508000373840332,22.200000762939453,6.900000095367432,19.59600067138672,16.492000579833984,162.5800018310547,176.0399932861328,39.5,437.6499938964844,1.4854999780654907,209.6999969482422,231.14999389648438,272.6000061035156,313.0,1620.0,3.444999933242798,245.10000610351562,13.170000076293945,18.415000915527344,8.51200008392334,215.1999969482422,18.672000885009766,33.540000915527344,2.740000009536743,405.3999938964844,31.280000686645508,14.899999618530273,8.208000183105469,33.060001373291016,53.5,52.93000030517578,19.125,1819.0,52.0,18.149999618530273,21.690000534057617,299.3999938964844,170.1999969482422,52.68000030517578,175.4499969482422
2025-06-03,44.65999984741211,15.541999816894531,21.399999618530273,6.880000114440918,19.209999084472656,16.256000518798828,166.44000244140625,178.72000122070312,39.5,437.04998779296875,1.5399999618530273,210.39999389648438,231.64999389648438,271.8999938964844,319.0,1617.0,3.4549999237060547,244.6999969482422,13.302000045776367,18.270000457763672,8.486000061035156,211.1999969482422,18.555999755859375,33.689998626708984,2.740000009536743,412.3999938964844,30.739999771118164,14.800000190734863,8.538000106811523,32.939998626708984,53.5,52.72999954223633,18.844999313354492,1835.0,52.0,17.690000534057617,22.424999237060547,304.0,174.0,53.029998779296875,174.85000610351562
2025-06-04,46.02000045776367,15.307999610900879,21.600000381469727,6.824999809265137,19.628000259399414,16.631999969482422,170.17999267578125,177.67999267578125,40.599998474121094,432.70001220703125,1.5219999551773071,214.1999969482422,231.9499969482422,267.29998779296875,315.79998779296875,1601.0,3.5399999618530273,243.89999389648438,13.178000450134277,18.524999618530273,8.630999565124512,214.0,18.525999069213867,33.79999923706055,2.740000009536743,414.3999938964844,30.739999771118164,15.0,8.435999870300293,33.25,55.0,51.900001525878906,18.844999313354492,1833.0,52.0,18.3799991607666,24.920000076293945,291.3999938964844,177.8000030517578,52.27000045776367,177.5500030517578
2025-06-05,45.7400016784668,15.456000328063965,21.600000381469727,6.809999942779541,19.5,16.591999053955078,165.5,175.0,41.5,427.04998779296875,1.440500020980835,212.10000610351562,229.5500030517578,273.29998779296875,323.20001220703125,1583.0,2.880000114440918,245.5,13.208000183105469,18.375,8.706000328063965,212.39999389648438,18.507999420166016,34.40999984741211,2.740000009536743,412.0,30.6200008392334,14.600000381469727,8.652000427246094,33.0099983215332,55.0,51.7599983215332,18.959999084472656,1882.0,50.79999923706055,18.010000228881836,25.190000534057617,249.35000610351562,177.0,51.869998931884766,177.35000610351562
2025-06-06,45.189998626708984,15.531999588012695,21.600000381469727,6.920000076293945,19.079999923706055,16.531999588012695,165.33999633789062,179.83999633789062,41.79999923706055,433.5,1.4505000114440918,212.6999969482422,233.25,260.1000061035156,318.20001220703125,1639.5,2.555000066757202,248.3000030517578,13.350000381469727,18.299999237060547,8.829999923706055,213.6999969482422,18.59600067138672,34.4900016784668,2.740000009536743,415.79998779296875,30.6200008392334,14.600000381469727,8.982000350952148,32.93000030517578,55.5,52.310001373291016,19.084999084472656,1788.0,51.400001525878906,18.329999923706055,25.049999237060547,260.0,180.0,52.29999923706055,177.89999389648438
2025-06-09,46.279998779296875,15.708000183105469,21.799999237060547,7.054999828338623,19.125999450683594,16.854000091552734,165.5,176.66000366210938,42.0,431.1499938964844,1.4515000581741333,211.0,232.5500030517578,258.6000061035156,309.6000061035156,1650.5,2.5999999046325684,249.3000030517578,13.350000381469727,18.459999084472656,8.87600040435791,212.1999969482422,18.59600067138672,33.9900016784668,2.740000009536743,413.3999938964844,30.6200008392334,14.5,9.152000427246094,32.70000076293945,56.0,51.900001525878906,19.049999237060547,1788.0,51.20000076293945,18.850000381469727,25.764999389648438,262.0,182.60000610351562,52.33000183105469,179.10000610351562
2025-06-10,45.88999938964844,15.982000350952148,21.600000381469727,6.900000095367432,19.624000549316406,16.733999252319336,163.9199981689453,177.33999633789062,41.79999923706055,431.25,1.4789999723434448,202.5,234.85000610351562,247.1999969482422,299.0,1596.5,2.4600000381469727,251.39999389648438,13.67199993133545,18.579999923706055,9.04699993133545,217.1999969482422,18.483999252319336,34.099998474121094,2.740000009536743,414.79998779296875,30.84000015258789,14.600000381469727,9.11400032043457,32.97999954223633,56.0,51.279998779296875,18.860000610351562,1671.5,51.400001525878906,18.6200008392334,26.174999237060547,285.04998779296875,186.1999969482422,53.59000015258789,178.39999389648438
2025-06-11,45.83000183105469,15.779999732971191,21.799999237060547,6.855000019073486,19.558000564575195,17.010000228881836,163.6199951171875,172.9199981689453,41.70000076293945,427.6000061035156,1.5225000381469727,202.10000610351562,234.8000030517578,248.1999969482422,299.6000061035156,1601.0,2.5799999237060547,250.0,13.649999618530273,18.639999389648438,9.194000244140625,209.1999969482422,18.332000732421875,33.83000183105469,2.740000009536743,407.3999938964844,30.84000015258789,14.5,9.121999740600586,32.540000915527344,56.0,51.72999954223633,18.844999313354492,1720.0,51.599998474121094,18.739999771118164,26.469999313354492,284.75,186.0,53.54999923706055,177.35000610351562
2025-06-12,45.959999084472656,15.751999855041504,21.799999237060547,6.909999847412109,19.260000228881836,16.606000900268555,162.8000030517578,171.39999389648438,41.70000076293945,421.1499938964844,1.4550000429153442,202.5,231.1999969482422,249.5,300.20001220703125,1622.5,2.434999942779541,246.6999969482422,13.857999801635742,18.46500015258789,8.840999603271484,210.39999389648438,18.277999877929688,33.88999938964844,2.740000009536743,406.3999938964844,30.84000015258789,14.399999618530273,9.105999946594238,32.41999816894531,54.5,51.650001525878906,18.78499984741211,1748.0,50.400001525878906,18.649999618530273,25.84000015258789,276.20001220703125,186.39999389648438,54.7400016784668,175.39999389648438
2025-06-13,45.18000030517578,15.704000473022461,21.399999618530273,6.630000114440918,18.45599937438965,16.5939998626709,161.5800018310547,169.6999969482422,42.400001525878906,424.1499938964844,1.527999997138977,205.3000030517578,228.25,250.5,302.0,1650.0,2.309999942779541,242.0,14.001999855041504,18.610000610351562,8.92199993133545,220.0,18.00200080871582,34.279998779296875,2.740000009536743,406.79998779296875,30.219999313354492,14.199999809265137,8.934000015258789,33.09000015258789,54.5,51.75,18.670000076293945,1795.5,50.400001525878906,17.799999237060547,25.59000015258789,280.6000061035156,184.0,54.79999923706055,173.0
2025-06-16,44.630001068115234,15.529999732971191,20.600000381469727,6.445000171661377,18.5,16.777999877929688,162.02000427246094,171.3800048828125,42.400001525878906,423.8999938964844,1.5140000581741333,205.5,233.85000610351562,249.89999389648438,305.0,1688.5,2.255000114440918,242.8000030517578,13.994000434875488,18.06999969482422,8.901000022888184,212.39999389648438,18.172000885009766,34.619998931884766,2.740000009536743,403.6000061035156,30.420000076293945,14.100000381469727,8.961999893188477,33.029998779296875,53.0,50.70000076293945,18.760000228881836,1760.0,50.400001525878906,17.790000915527344,25.584999084472656,284.1499938964844,187.0,54.52000045776367,173.60000610351562
2025-06-17,45.18000030517578,15.204000473022461,20.799999237060547,6.315000057220459,18.31599998474121,16.534000396728516,160.74000549316406,170.16000366210938,42.400001525878906,421.79998779296875,1.5169999599456787,203.89999389648438,233.85000610351562,248.8000030517578,303.20001220703125,1648.5,2.424999952316284,240.5,14.152000427246094,18.010000228881836,8.800999641418457,217.3000030517578,17.920000076293945,34.220001220703125,2.740000009536743,400.3999938964844,30.239999771118164,13.899999618530273,8.77400016784668,32.34000015258789,54.0,51.29999923706055,18.65999984741211,1728.5,50.599998474121094,18.030000686645508,25.2450008392334,275.6499938964844,186.0,55.5099983215332,174.25
2025-06-18,45.369998931884766,15.642000198364258,21.0,6.489999771118164,18.93600082397461,16.503999710083008,162.97999572753906,170.9600067138672,42.400001525878906,419.8999938964844,1.5160000324249268,203.89999389648438,238.6999969482422,248.0,306.0,1618.5,3.299999952316284,241.39999389648438,14.173999786376953,17.81999969482422,8.583000183105469,217.6999969482422,18.101999282836914,34.459999084472656,2.740000009536743,400.20001220703125,30.31999969482422,14.0,8.934000015258789,32.810001373291016,55.0,51.79999923706055,18.68000030517578,1741.0,50.599998474121094,18.18000030517578,25.3799991607666,282.04998779296875,185.8000030517578,54.599998474121094,173.1999969482422
2025-06-19,46.38999938964844,15.541999816894531,20.0,6.545000076293945,18.836000442504883,16.615999221801758,161.75999450683594,169.0800018310547,42.70000076293945,417.0,1.4865000247955322,204.1999969482422,236.14999389648438,245.89999389648438,302.20001220703125,1603.0,2.8299999237060547,240.3000030517578,14.255999565124512,17.670000076293945,8.300999641418457,215.3000030517578,17.672000885009766,34.77000045776367,2.740000009536743,398.0,30.639999389648438,14.0,8.715999603271484,32.11000061035156,54.5,51.709999084472656,18.6299991607666,1721.0,48.79999923706055,17.8700008392334,24.940000534057617,276.45001220703125,182.0,54.900001525878906,172.1999969482422
2025-06-20,46.060001373291016,15.503999710083008,20.0,6.465000152587891,18.851999282836914,16.527999877929688,167.5,174.8000030517578,43.0,421.3999938964844,1.5045000314712524,204.1999969482422,239.1999969482422,248.60000610351562,300.79998779296875,1626.0,3.549999952316284,240.8000030517578,14.305999755859375,17.635000228881836,8.300999641418457,215.10000610351562,17.76799964904785,34.349998474121094,2.740000009536743,396.20001220703125,30.6200008392334,13.899999618530273,8.758000373840332,32.189998626708984,54.5,51.5,18.854999542236328,1757.5,49.400001525878906,18.6200008392334,24.899999618530273,279.95001220703125,181.60000610351562,54.65999984741211,171.60000610351562
2025-06-23,46.91999816894531,15.465999603271484,19.600000381469727,6.53000020980835,18.354000091552734,16.836000442504883,167.0,173.94000244140625,42.5,418.75,1.5219999551773071,204.1999969482422,237.89999389648438,247.60000610351562,304.79998779296875,1612.5,3.990000009536743,240.6999969482422,14.223999977111816,17.924999237060547,8.178999900817871,218.10000610351562,17.81800079345703,34.41999816894531,2.740000009536743,394.20001220703125,30.600000381469727,13.800000190734863,8.979999542236328,32.52000045776367,54.0,52.220001220703125,17.674999237060547,1740.0,47.5,18.34000015258789,24.989999771118164,301.3500061035156,181.1999969482422,54.279998779296875,172.14999389648438
2025-06-24,47.11000061035156,15.279999732971191,20.0,6.440000057220459,18.368000030517578,16.652000427246094,170.60000610351562,173.66000366210938,42.0,424.3999938964844,1.499500036239624,201.60000610351562,242.3000030517578,237.8000030517578,290.79998779296875,1562.0,3.5899999141693115,242.39999389648438,13.862000465393066,17.475000381469727,8.496999740600586,212.5,18.336000442504883,33.869998931884766,2.740000009536743,399.0,30.420000076293945,14.100000381469727,9.034000396728516,31.219999313354492,55.0,51.619998931884766,17.899999618530273,1686.0,49.70000076293945,18.469999313354492,25.7450008392334,295.1000061035156,189.0,52.5,176.0
2025-06-25,47.470001220703125,15.821999549865723,20.200000762939453,6.414999961853027,18.290000915527344,16.70400047302246,171.5399932861328,172.63999938964844,41.599998474121094,420.3500061035156,1.465999960899353,205.8000030517578,243.3000030517578,244.89999389648438,297.6000061035156,1581.5,3.384999990463257,238.10000610351562,13.739999771118164,17.424999237060547,8.227999687194824,211.60000610351562,18.309999465942383,33.279998779296875,2.740000009536743,395.0,30.579999923706055,14.100000381469727,8.913999557495117,31.700000762939453,55.5,50.81999969482422,17.895000457763672,1738.0,48.5,18.389999389648438,25.2450008392334,281.3500061035156,191.8000030517578,52.279998779296875,176.14999389648438
2025-06-26,47.77000045776367,15.234000205993652,19.899999618530273,6.434999942779541,18.22599983215332,16.488000869750977,176.10000610351562,171.5399932861328,41.099998474121094,417.04998779296875,1.4505000114440918,203.5,246.85000610351562,249.1999969482422,299.3999938964844,1568.5,3.4000000953674316,231.10000610351562,13.710000038146973,17.3799991607666,8.295999526977539,211.0,18.360000610351562,33.5,2.740000009536743,396.79998779296875,29.799999237060547,13.699999809265137,9.12600040435791,31.309999465942383,54.5,50.25,17.989999771118164,1864.5,50.0,18.3700008392334,25.815000534057617,279.6499938964844,192.1999969482422,52.5099983215332,173.25
2025-06-27,48.060001373291016,15.406000137329102,19.899999618530273,6.409999847412109,18.40999984741211,16.615999221801758,178.1999969482422,171.8800048828125,40.599998474121094,416.3999938964844,1.4524999856948853,206.39999389648438,244.75,246.10000610351562,297.6000061035156,1575.5,3.569999933242798,234.3000030517578,13.829999923706055,17.739999771118164,8.541999816894531,209.3000030517578,18.81599998474121,33.0099983215332,2.740000009536743,397.3999938964844,29.799999237060547,13.899999618530273,9.0,32.29999923706055,54.5,50.029998779296875,18.125,1751.0,50.400001525878906,18.579999923706055,25.739999771118164,275.1000061035156,194.60000610351562,52.52000045776367,175.60000610351562
2025-06-30,48.630001068115234,15.663999557495117,20.0,6.59499979019165,18.423999786376953,16.125999450683594,177.25999450683594,175.05999755859375,40.599998474121094,413.3999938964844,1.4505000114440918,206.3000030517578,247.35000610351562,248.39999389648438,300.6000061035156,1618.5,3.7200000286102295,232.89999389648438,13.760000228881836,17.56999969482422,8.550999641418457,211.8000030517578,18.618000030517578,33.5,2.740000009536743,398.6000061035156,29.799999237060547,14.100000381469727,9.062000274658203,31.739999771118164,56.0,49.93000030517578,18.239999771118164,1797.0,49.70000076293945,18.600000381469727,25.934999465942383,269.29998779296875,192.60000610351562,52.099998474121094,177.14999389648438
2025-07-01,47.97999954223633,15.404000282287598,20.200000762939453,6.46999979019165,18.832000732421875,15.871999740600586,172.32000732421875,176.47999572753906,39.900001525878906,414.75,1.4800000190734863,202.8000030517578,246.14999389648438,239.6999969482422,295.79998779296875,1588.0,3.5399999618530273,234.89999389648438,13.789999961853027,17.46500015258789,8.458000183105469,210.39999389648438,18.634000778198242,33.220001220703125,2.740000009536743,405.0,29.600000381469727,14.0,9.232000350952148,31.690000534057617,50.0,49.43000030517578,18.059999465942383,1702.5,48.599998474121094,18.899999618530273,25.479999542236328,256.95001220703125,190.39999389648438,52.349998474121094,175.75
2025-07-02,49.33000183105469,15.437999725341797,20.399999618530273,6.525000095367432,18.700000762939453,16.083999633789062,175.17999267578125,180.02000427246094,40.0,407.79998779296875,1.5049999952316284,201.3000030517578,247.25,238.10000610351562,287.3999938964844,1574.5,3.559999942779541,236.6999969482422,13.97599983215332,18.094999313354492,8.833999633789062,212.89999389648438,18.945999145507812,32.86000061035156,2.740000009536743,404.20001220703125,29.520000457763672,14.100000381469727,9.289999961853027,31.6200008392334,47.20000076293945,49.70000076293945,17.934999465942383,1729.5,50.400001525878906,18.670000076293945,26.825000762939453,267.0,197.8000030517578,53.380001068115234,176.60000610351562
2025-07-03,50.58000183105469,15.892000198364258,20.200000762939453,6.574999809265137,19.0,16.445999145507812,176.75999450683594,181.3000030517578,40.79999923706055,412.20001220703125,1.4850000143051147,202.6999969482422,251.39999389648438,243.10000610351562,294.20001220703125,1581.0,3.4800000190734863,235.60000610351562,13.982000350952148,17.934999465942383,8.994999885559082,216.5,19.139999389648438,33.400001525878906,2.740000009536743,403.6000061035156,29.700000762939453,14.0,9.20199966430664,31.520000457763672,45.79999923706055,50.66999816894531,18.145000457763672,1698.5,50.400001525878906,19.020000457763672,27.450000762939453,266.54998779296875,201.5,53.369998931884766,180.25
2025-07-04,50.29999923706055,15.890000343322754,20.399999618530273,6.59499979019165,19.0,16.52199935913086,175.3800048828125,180.27999877929688,41.099998474121094,409.0,1.4795000553131104,202.6999969482422,250.0,244.1999969482422,291.20001220703125,1584.0,3.450000047683716,233.39999389648438,13.92199993133545,18.049999237060547,8.902999877929688,215.1999969482422,19.016000747680664,32.939998626708984,2.740000009536743,402.0,29.860000610351562,14.100000381469727,9.284000396728516,31.489999771118164,46.0,50.529998779296875,18.03499984741211,1755.0,49.400001525878906,19.260000228881836,27.190000534057617,262.0,198.1999969482422,52.970001220703125,180.85000610351562
2025-07-07,50.41999816894531,16.0,20.399999618530273,6.644999980926514,19.06599998474121,16.450000762939453,177.27999877929688,179.24000549316406,41.20000076293945,408.95001220703125,1.5,202.6999969482422,248.0,246.89999389648438,296.20001220703125,1572.5,3.424999952316284,236.89999389648438,13.855999946594238,18.375,9.015999794006348,220.0,19.167999267578125,32.7599983215332,2.740000009536743,401.20001220703125,29.860000610351562,14.100000381469727,9.105999946594238,31.0,46.0,51.5,18.204999923706055,1803.0,49.599998474121094,19.700000762939453,27.270000457763672,251.60000610351562,195.0,51.790000915527344,181.6999969482422
2025-07-08,50.959999084472656,15.87399959564209,20.399999618530273,6.449999809265137,19.200000762939453,16.649999618530273,178.9199981689453,179.0,41.29999923706055,408.6000061035156,1.4529999494552612,202.6999969482422,243.1999969482422,245.39999389648438,297.0,1664.5,3.5250000953674316,239.39999389648438,14.116000175476074,17.885000228881836,8.9399995803833,218.3000030517578,19.309999465942383,33.060001373291016,2.740000009536743,402.0,29.860000610351562,13.800000190734863,9.215999603271484,30.790000915527344,44.20000076293945,51.33000183105469,18.270000457763672,1830.0,50.400001525878906,19.6299991607666,27.719999313354492,252.0,195.0,52.84000015258789,179.9499969482422
2025-07-09,50.459999084472656,15.899999618530273,20.399999618530273,6.614999771118164,19.459999084472656,16.559999465942383,182.36000061035156,180.0,42.0,407.5,1.4555000066757202,202.6999969482422,242.75,247.60000610351562,292.6000061035156,1688.0,3.549999952316284,252.89999389648438,14.253999710083008,17.975000381469727,8.970999717712402,219.0,19.780000686645508,33.36000061035156,2.740000009536743,400.6000061035156,29.899999618530273,13.899999618530273,9.336000442504883,31.100000381469727,44.79999923706055,48.9900016784668,18.1299991607666,1860.5,49.900001525878906,19.299999237060547,27.09000015258789,252.89999389648438,198.8000030517578,53.279998779296875,179.3000030517578
2025-07-10,50.29999923706055,16.06999969482422,20.399999618530273,6.539999961853027,18.99799919128418,16.893999099731445,183.3000030517578,181.60000610351562,42.900001525878906,408.79998779296875,1.4800000190734863,201.6999969482422,246.4499969482422,245.89999389648438,292.79998779296875,1673.0,3.8399999141693115,250.0,14.281999588012695,17.950000762939453,9.291999816894531,220.60000610351562,19.733999252319336,33.400001525878906,2.740000009536743,402.3999938964844,30.15999984741211,14.0,9.618000030517578,30.93000030517578,43.0,50.060001373291016,18.0,1845.5,52.599998474121094,19.479999542236328,28.264999389648438,264.0,197.0,53.5,179.60000610351562
2025-07-11,50.52000045776367,16.128000259399414,20.399999618530273,6.699999809265137,19.4060001373291,16.860000610351562,183.22000122070312,180.72000122070312,42.5,405.04998779296875,1.4884999990463257,201.39999389648438,244.39999389648438,252.0,306.6000061035156,1700.0,3.6050000190734863,242.39999389648438,14.288000106811523,18.280000686645508,9.387999534606934,220.6999969482422,19.493999481201172,33.720001220703125,2.740000009536743,400.79998779296875,30.079999923706055,14.100000381469727,9.574000358581543,31.329999923706055,43.20000076293945,49.46500015258789,17.985000610351562,1840.0,52.400001525878906,19.8799991607666,27.65999984741211,268.75,199.39999389648438,53.869998931884766,181.14999389648438
2025-07-14,50.400001525878906,16.3439998626709,19.899999618530273,6.690000057220459,19.1560001373291,16.916000366210938,183.0,179.17999267578125,43.5,408.3500061035156,1.4824999570846558,201.39999389648438,247.39999389648438,254.60000610351562,311.0,1676.0,3.5799999237060547,243.8000030517578,14.197999954223633,18.385000228881836,9.548999786376953,225.0,19.351999282836914,34.060001373291016,2.740000009536743,400.6000061035156,30.100000381469727,14.0,9.618000030517578,31.389999389648438,42.20000076293945,49.45500183105469,18.010000228881836,1880.0,52.20000076293945,19.920000076293945,27.2549991607666,271.5,196.0,53.34000015258789,181.14999389648438
2025-07-15,49.83000183105469,16.091999053955078,20.0,6.659999847412109,19.719999313354492,16.722000122070312,180.13999938964844,181.0,44.099998474121094,407.29998779296875,1.531000018119812,205.3000030517578,247.10000610351562,248.1999969482422,299.20001220703125,1677.5,3.625,242.1999969482422,14.196000099182129,18.96500015258789,9.291000366210938,223.89999389648438,19.392000198364258,33.86000061035156,2.740000009536743,398.0,30.31999969482422,14.300000190734863,9.5,31.790000915527344,41.599998474121094,50.02000045776367,17.729999542236328,1828.0,51.0,19.950000762939453,27.420000076293945,268.0,204.0,53.47999954223633,180.60000610351562
2025-07-16,49.36000061035156,16.54400062561035,20.0,6.699999809265137,19.31999969482422,16.81399917602539,181.0,180.8000030517578,45.099998474121094,401.6000061035156,1.5264999866485596,203.0,245.35000610351562,249.8000030517578,296.20001220703125,1707.0,3.4049999713897705,242.89999389648438,14.204000473022461,18.614999771118164,9.451000213623047,225.8000030517578,19.392000198364258,33.959999084472656,2.740000009536743,395.3999938964844,30.31999969482422,14.100000381469727,9.696000099182129,31.8799991607666,40.79999923706055,50.54999923706055,17.854999542236328,1828.0,49.79999923706055,19.729999542236328,26.875,277.29998779296875,204.5,53.09000015258789,180.0
2025-07-17,49.5099983215332,16.756000518798828,20.200000762939453,6.795000076293945,19.899999618530273,16.902000427246094,185.27999877929688,181.89999389648438,44.70000076293945,405.54998779296875,1.4904999732971191,200.1999969482422,249.89999389648438,250.0,295.79998779296875,1725.0,3.490000009536743,244.1999969482422,14.14799976348877,18.864999771118164,9.545999526977539,228.1999969482422,19.576000213623047,33.68000030517578,2.740000009536743,397.20001220703125,30.31999969482422,14.399999618530273,9.760000228881836,31.729999542236328,41.79999923706055,49.900001525878906,17.924999237060547,1841.0,51.79999923706055,19.690000534057617,27.655000686645508,274.8500061035156,213.0,52.970001220703125,181.0
2025-07-18,49.15999984741211,16.88599967956543,20.0,6.704999923706055,19.805999755859375,16.91200065612793,186.22000122070312,181.5800018310547,44.400001525878906,408.25,1.500499963760376,200.1999969482422,249.39999389648438,250.0,295.0,1735.0,3.555000066757202,243.8000030517578,14.163999557495117,19.235000610351562,9.437999725341797,229.3000030517578,19.643999099731445,33.779998779296875,2.740000009536743,397.20001220703125,30.139999389648438,14.5,9.579999923706055,31.8700008392334,42.0,49.71500015258789,17.899999618530273,1835.5,52.0,19.93000030517578,27.979999542236328,284.3500061035156,207.5,53.150001525878906,182.3000030517578
2025-07-21,49.56999969482422,16.531999588012695,20.0,6.699999809265137,20.295000076293945,17.194000244140625,186.02000427246094,182.33999633789062,43.79999923706055,406.20001220703125,1.5195000171661377,195.0,250.5,245.60000610351562,288.0,1729.5,3.5250000953674316,243.5,14.157999992370605,19.1200008392334,9.557999610900879,225.0,19.643999099731445,33.779998779296875,2.740000009536743,406.3999938964844,30.200000762939453,14.5,9.62399959564209,31.90999984741211,40.79999923706055,50.33000183105469,17.854999542236328,1815.0,53.20000076293945,19.899999618530273,28.405000686645508,281.75,206.0,52.86000061035156,181.10000610351562
2025-07-22,48.56999969482422,16.211999893188477,20.0,6.5,19.874000549316406,17.062000274658203,181.32000732421875,182.13999938964844,44.20000076293945,407.95001220703125,1.5789999961853027,195.0,248.25,244.8000030517578,276.3999938964844,1729.0,3.4200000762939453,242.3000030517578,14.168000221252441,18.760000228881836,9.821000099182129,225.1999969482422,19.54800033569336,33.56999969482422,2.740000009536743,402.0,30.18000030517578,14.600000381469727,10.045000076293945,31.270000457763672,40.79999923706055,50.459999084472656,18.350000381469727,1754.0,54.0,19.670000076293945,28.15999984741211,283.3999938964844,200.0,52.79999923706055,178.4499969482422
2025-07-23,49.43000030517578,16.290000915527344,20.0,6.454999923706055,19.38800048828125,17.32200050354004,183.3800048828125,181.94000244140625,44.599998474121094,411.29998779296875,1.5765000581741333,190.85000610351562,251.5500030517578,239.10000610351562,266.20001220703125,1804.5,3.515000104904175,246.1999969482422,14.300000190734863,18.860000610351562,10.081999778747559,225.8000030517578,19.95599937438965,33.52000045776367,2.740000009536743,400.20001220703125,30.18000030517578,14.5,10.194999694824219,31.549999237060547,41.79999923706055,50.63999938964844,18.5,1754.0,55.0,19.6200008392334,26.979999542236328,283.0,204.0,53.34000015258789,180.0
2025-07-24,49.900001525878906,16.368000030517578,20.399999618530273,6.449999809265137,19.965999603271484,17.493999481201172,182.60000610351562,182.32000732421875,44.20000076293945,412.95001220703125,1.5994999408721924,190.85000610351562,253.0,238.10000610351562,272.79998779296875,1810.0,3.5,247.1999969482422,14.399999618530273,18.795000076293945,10.508000373840332,234.0,20.239999771118164,33.43000030517578,2.740000009536743,400.6000061035156,30.18000030517578,14.300000190734863,10.210000038146973,31.6299991607666,41.400001525878906,50.619998931884766,18.735000610351562,1745.5,54.400001525878906,20.020000457763672,22.4950008392334,261.04998779296875,205.0,51.459999084472656,174.9499969482422
2025-07-25,49.65999984741211,16.408000946044922,20.399999618530273,6.434999942779541,19.437999725341797,17.58799934387207,180.1999969482422,182.0,44.599998474121094,410.70001220703125,1.6434999704360962,191.4499969482422,253.75,240.1999969482422,263.79998779296875,1809.0,3.4200000762939453,249.6999969482422,14.661999702453613,19.104999542236328,10.402000427246094,228.39999389648438,20.239999771118164,33.13999938964844,2.740000009536743,401.3999938964844,30.18000030517578,14.300000190734863,10.225000381469727,31.559999465942383,42.599998474121094,50.79999923706055,18.670000076293945,1734.0,53.599998474121094,19.899999618530273,22.2450008392334,270.5,209.0,51.33000183105469,170.3000030517578
2025-07-28,50.900001525878906,16.600000381469727,20.600000381469727,6.380000114440918,19.79599952697754,18.02400016784668,177.63999938964844,184.4600067138672,44.900001525878906,416.3500061035156,1.6004999876022339,200.89999389648438,257.1499938964844,229.6999969482422,270.79998779296875,1870.5,3.4000000953674316,246.1999969482422,14.746000289916992,18.829999923706055,9.991999626159668,234.0,20.155000686645508,33.040000915527344,2.740000009536743,405.3999938964844,30.0,14.399999618530273,10.140000343322754,31.229999542236328,43.400001525878906,51.0,18.684999465942383,1677.0,53.20000076293945,19.809999465942383,22.854999542236328,281.5,210.0,52.400001525878906,168.0500030517578
2025-07-29,51.34000015258789,16.663999557495117,20.799999237060547,6.304999828338623,19.40999984741211,17.756000518798828,179.44000244140625,183.4199981689453,44.900001525878906,418.5,1.6065000295639038,198.1999969482422,257.29998779296875,235.89999389648438,269.3999938964844,1820.0,3.3350000381469727,263.20001220703125,14.805999755859375,18.709999084472656,10.173999786376953,234.8000030517578,20.459999084472656,33.439998626708984,2.740000009536743,407.3999938964844,29.84000015258789,14.399999618530273,10.164999961853027,31.979999542236328,42.79999923706055,51.33000183105469,18.895000457763672,1735.0,54.79999923706055,20.0,22.940000534057617,278.54998779296875,209.5,52.529998779296875,170.64999389648438
2025-07-30,50.08000183105469,16.722000122070312,20.399999618530273,6.420000076293945,19.714000701904297,17.93400001525879,178.86000061035156,182.55999755859375,46.400001525878906,415.54998779296875,1.6265000104904175,202.8000030517578,260.5,234.89999389648438,273.3999938964844,1771.0,3.200000047683716,258.29998779296875,14.894000053405762,18.545000076293945,10.0,236.60000610351562,20.565000534057617,33.4900016784668,2.740000009536743,408.3999938964844,29.899999618530273,14.600000381469727,9.979999542236328,31.889999389648438,42.79999923706055,53.709999084472656,18.975000381469727,1732.5,52.0,19.829999923706055,22.959999084472656,277.8500061035156,212.0,52.290000915527344,166.5500030517578
2025-07-31,50.79999923706055,16.538000106811523,20.600000381469727,6.28000020980835,19.549999237060547,17.947999954223633,176.0399932861328,182.94000244140625,47.0,415.1499938964844,1.5789999961853027,204.5,259.25,236.3000030517578,274.0,1754.5,3.075000047683716,260.6000061035156,14.90999984741211,18.55500030517578,9.88700008392334,241.0,20.479999542236328,34.470001220703125,2.740000009536743,404.3999938964844,29.899999618530273,14.699999809265137,9.696000099182129,32.349998474121094,43.0,54.380001068115234,18.96500015258789,1735.5,51.0,19.979999542236328,22.454999923706055,271.0,212.5,52.02000045776367,166.10000610351562
2025-08-01,48.130001068115234,16.695999145507812,20.0,6.150000095367432,19.50200080871582,17.770000457763672,169.10000610351562,175.1999969482422,47.29999923706055,410.0,1.5765000581741333,205.0,251.6999969482422,236.0,271.3999938964844,1740.0,3.0999999046325684,255.3000030517578,14.699999809265137,18.049999237060547,9.890999794006348,239.89999389648438,19.6200008392334,33.970001220703125,2.740000009536743,399.0,29.520000457763672,14.899999618530273,9.637999534606934,32.380001068115234,41.79999923706055,54.13999938964844,18.80500030517578,1707.5,51.79999923706055,19.829999923706055,21.69499969482422,262.0,202.0,51.06999969482422,166.35000610351562
2025-08-04,48.0,16.76799964904785,19.5,6.184999942779541,19.261999130249023,17.93000030517578,172.32000732421875,175.36000061035156,47.400001525878906,397.75,1.566499948501587,205.60000610351562,253.0500030517578,235.3000030517578,272.79998779296875,1726.5,3.059999942779541,256.20001220703125,14.670000076293945,17.635000228881836,10.1899995803833,239.0,19.513999938964844,34.20000076293945,2.740000009536743,402.0,29.719999313354492,14.699999809265137,9.788000106811523,32.04999923706055,39.79999923706055,53.54999923706055,19.219999313354492,1765.0,50.79999923706055,19.3700008392334,21.764999389648438,268.45001220703125,205.0,51.58000183105469,161.10000610351562
2025-08-05,48.27000045776367,16.86400032043457,19.700000762939453,6.170000076293945,19.149999618530273,18.040000915527344,175.1999969482422,175.74000549316406,47.79999923706055,401.25,1.5920000076293945,209.1999969482422,250.0,238.10000610351562,269.3999938964844,1751.0,3.2799999713897705,252.89999389648438,14.746000289916992,17.360000610351562,10.086000442504883,243.60000610351562,19.663999557495117,34.40999984741211,2.740000009536743,404.79998779296875,29.959999084472656,15.0,10.149999618530273,32.130001068115234,39.20000076293945,54.040000915527344,19.420000076293945,1769.0,51.79999923706055,19.59000015258789,21.604999542236328,267.70001220703125,202.5,51.900001525878906,160.9499969482422
2025-08-06,47.970001220703125,16.75,19.399999618530273,6.284999847412109,19.270000457763672,17.9060001373291,177.89999389648438,183.86000061035156,48.20000076293945,400.95001220703125,1.5809999704360962,207.89999389648438,251.8000030517578,235.8000030517578,269.79998779296875,1745.0,3.319999933242798,249.3000030517578,14.894000053405762,17.325000762939453,10.223999977111816,237.39999389648438,19.75,34.41999816894531,2.740000009536743,404.3999938964844,30.18000030517578,15.199999809265137,10.0,32.11000061035156,38.400001525878906,54.099998474121094,19.56999969482422,1783.5,51.599998474121094,19.68000030517578,21.299999237060547,272.79998779296875,198.60000610351562,52.5,162.64999389648438
2025-08-07,47.959999084472656,16.898000717163086,19.399999618530273,6.014999866485596,19.219999313354492,17.549999237060547,177.39999389648438,188.4199981689453,48.20000076293945,400.95001220703125,1.5815000534057617,202.89999389648438,248.8000030517578,231.1999969482422,268.3999938964844,1854.5,3.109999895095825,252.1999969482422,14.805999755859375,16.434999465942383,10.239999771118164,232.89999389648438,20.204999923706055,34.45000076293945,2.740000009536743,403.6000061035156,30.18000030517578,15.0,10.050000190734863,31.5,38.0,54.5,19.770000457763672,1641.0,51.400001525878906,19.299999237060547,21.360000610351562,273.54998779296875,208.0,52.380001068115234,161.35000610351562
2025-08-08,47.560001373291016,16.719999313354492,18.899999618530273,5.965000152587891,18.986000061035156,17.826000213623047,176.22000122070312,196.94000244140625,48.900001525878906,397.3999938964844,1.5885000228881836,202.60000610351562,247.9499969482422,228.60000610351562,264.6000061035156,1839.0,3.0999999046325684,252.89999389648438,14.800000190734863,15.914999961853027,10.45199966430664,233.60000610351562,20.510000228881836,34.720001220703125,2.740000009536743,404.0,30.18000030517578,13.899999618530273,10.130000114440918,31.540000915527344,37.400001525878906,54.880001068115234,19.709999084472656,1620.5,52.599998474121094,19.309999465942383,21.764999389648438,283.20001220703125,206.5,52.709999084472656,160.35000610351562
2025-08-11,48.0099983215332,16.6560001373291,19.200000762939453,6.050000190734863,19.149999618530273,17.76799964904785,175.8000030517578,196.0800018310547,48.79999923706055,399.54998779296875,1.5805000066757202,199.1999969482422,249.60000610351562,226.89999389648438,265.20001220703125,1869.5,3.1600000858306885,251.6999969482422,14.77400016784668,15.675000190734863,10.673999786376953,233.6999969482422,20.725000381469727,34.970001220703125,2.740000009536743,402.6000061035156,30.520000457763672,14.0,10.130000114440918,30.479999542236328,37.599998474121094,56.689998626708984,19.665000915527344,1545.5,52.79999923706055,19.799999237060547,21.514999389648438,292.8500061035156,210.5,52.52000045776367,165.5
2025-08-12,48.5,16.148000717163086,19.299999237060547,6.255000114440918,19.152000427246094,17.68400001525879,180.86000061035156,196.67999267578125,49.79999923706055,404.0,1.5915000438690186,199.0,250.89999389648438,230.8000030517578,265.6000061035156,1980.0,3.200000047683716,253.8000030517578,14.920000076293945,15.300000190734863,10.907999992370605,232.0,20.895000457763672,35.2400016784668,2.740000009536743,406.20001220703125,30.65999984741211,14.0,10.265000343322754,30.479999542236328,37.20000076293945,56.459999084472656,19.8700008392334,1563.0,53.20000076293945,19.530000686645508,22.415000915527344,291.0,209.5,53.16999816894531,166.0
2025-08-13,48.849998474121094,16.5939998626709,19.100000381469727,6.0,18.9060001373291,17.534000396728516,179.55999755859375,200.14999389648438,49.5,407.3500061035156,1.593000054359436,197.60000610351562,248.9499969482422,231.6999969482422,271.79998779296875,1967.0,3.1549999713897705,261.8999938964844,14.9399995803833,15.0600004196167,11.005999565124512,230.8000030517578,21.145000457763672,35.369998931884766,2.740000009536743,404.0,30.65999984741211,14.0,10.289999961853027,30.3799991607666,37.79999923706055,55.599998474121094,19.96500015258789,1597.0,53.400001525878906,19.420000076293945,22.190000534057617,291.8500061035156,206.0,52.5099983215332,163.85000610351562
2025-08-14,48.880001068115234,16.507999420166016,19.399999618530273,6.150000095367432,19.079999923706055,17.70400047302246,183.77999877929688,199.66000366210938,48.900001525878906,409.0,1.5809999704360962,197.60000610351562,250.5,237.60000610351562,274.79998779296875,1937.5,3.1449999809265137,263.1000061035156,14.972000122070312,15.100000381469727,10.819999694824219,235.3000030517578,21.145000457763672,35.400001525878906,2.740000009536743,410.20001220703125,30.65999984741211,14.300000190734863,10.225000381469727,31.030000686645508,39.20000076293945,56.380001068115234,20.190000534057617,1641.0,53.20000076293945,19.790000915527344,22.110000610351562,286.20001220703125,206.5,52.56999969482422,164.5
2025-08-15,49.630001068115234,16.374000549316406,19.700000762939453,6.105000019073486,19.327999114990234,17.895999908447266,186.8800048828125,197.94000244140625,49.29999923706055,408.0,1.5724999904632568,198.0,249.10000610351562,237.3000030517578,274.79998779296875,1904.0,3.109999895095825,267.5,14.972000122070312,15.399999618530273,10.84000015258789,229.1999969482422,21.329999923706055,35.099998474121094,2.740000009536743,411.79998779296875,30.520000457763672,14.199999809265137,9.913999557495117,31.299999237060547,38.79999923706055,56.290000915527344,20.190000534057617,1621.0,53.599998474121094,19.489999771118164,22.03499984741211,281.54998779296875,205.0,53.470001220703125,163.14999389648438
2025-08-18,48.47999954223633,16.531999588012695,19.600000381469727,6.0,19.5,17.746000289916992,184.22000122070312,198.4199981689453,49.5,409.25,1.558500051498413,197.64999389648438,249.5,238.8000030517578,276.20001220703125,1850.5,3.140000104904175,267.79998779296875,14.947999954223633,14.795000076293945,10.829999923706055,232.5,21.165000915527344,35.84000015258789,2.740000009536743,411.20001220703125,30.6200008392334,14.0,9.772000312805176,31.190000534057617,39.0,56.31999969482422,20.18000030517578,1648.0,51.400001525878906,19.100000381469727,22.225000381469727,288.0,206.5,53.02000045776367,160.5500030517578
2025-08-19,49.66999816894531,16.233999252319336,19.399999618530273,6.014999866485596,18.98200035095215,17.805999755859375,183.83999633789062,197.24000549316406,49.20000076293945,414.5,1.5455000400543213,197.5,250.35000610351562,230.0,270.0,1818.5,3.109999895095825,271.79998779296875,15.001999855041504,14.819999694824219,10.805999755859375,231.10000610351562,21.344999313354492,35.529998779296875,2.740000009536743,412.3999938964844,30.700000762939453,13.699999809265137,9.805999755859375,31.309999465942383,39.0,56.88999938964844,20.280000686645508,1568.0,51.20000076293945,19.239999771118164,22.325000762939453,283.20001220703125,200.5,53.70000076293945,161.25
2025-08-20,49.34000015258789,16.58799934387207,19.399999618530273,6.110000133514404,19.18400001525879,17.95400047302246,179.13999938964844,193.97999572753906,49.900001525878906,419.8999938964844,1.5609999895095825,197.5,248.64999389648438,228.39999389648438,263.3999938964844,1835.5,3.1050000190734863,275.5,15.086000442504883,14.9350004196167,10.583999633789062,233.10000610351562,21.290000915527344,36.47999954223633,2.740000009536743,413.79998779296875,30.700000762939453,13.899999618530273,9.935999870300293,31.59000015258789,38.599998474121094,57.900001525878906,20.290000915527344,1557.5,52.0,19.399999618530273,22.135000228881836,278.0,195.0,54.0099983215332,164.25
2025-08-21,49.529998779296875,16.56999969482422,19.5,6.09499979019165,19.233999252319336,17.86400032043457,180.9199981689453,193.89999389648438,50.20000076293945,420.54998779296875,1.5805000066757202,201.6999969482422,251.5,230.8000030517578,269.6000061035156,1829.5,3.0950000286102295,272.0,15.157999992370605,15.100000381469727,10.753999710083008,235.89999389648438,21.440000534057617,35.9900016784668,2.740000009536743,414.6000061035156,30.780000686645508,14.0,9.746000289916992,32.15999984741211,38.20000076293945,58.040000915527344,20.360000610351562,1608.5,51.599998474121094,19.1299991607666,22.375,276.95001220703125,195.39999389648438,54.290000915527344,164.3000030517578
2025-08-22,49.150001525878906,16.694000244140625,19.600000381469727,6.119999885559082,18.972000122070312,17.70199966430664,180.72000122070312,194.86000061035156,50.400001525878906,416.45001220703125,1.5950000286102295,206.60000610351562,251.4499969482422,231.0,275.20001220703125,1852.5,3.2249999046325684,272.0,15.227999687194824,15.229999542236328,10.831999778747559,235.8000030517578,21.325000762939453,36.11000061035156,2.740000009536743,412.20001220703125,31.81999969482422,14.0,10.069999694824219,32.52000045776367,38.599998474121094,58.400001525878906,20.329999923706055,1622.5,51.79999923706055,19.6200008392334,23.434999465942383,287.5,199.8000030517578,54.630001068115234,166.0
2025-08-25,51.220001220703125,16.23200035095215,19.700000762939453,6.0,19.327999114990234,17.790000915527344,180.5399932861328,195.75999450683594,49.099998474121094,412.70001220703125,1.5815000534057617,203.5,252.89999389648438,233.8000030517578,271.3999938964844,1848.0,3.1700000762939453,269.20001220703125,15.246000289916992,15.3149995803833,10.989999771118164,235.10000610351562,21.145000457763672,36.150001525878906,2.740000009536743,409.20001220703125,31.219999313354492,14.100000381469727,10.104999542236328,32.36000061035156,39.79999923706055,57.93000030517578,20.43000030517578,1650.0,53.599998474121094,19.3799991607666,23.530000686645508,299.6000061035156,203.0,54.099998474121094,168.0
2025-08-26,51.540000915527344,16.243999481201172,19.799999237060547,6.025000095367432,18.993999481201172,17.983999252319336,179.8800048828125,196.5800018310547,49.29999923706055,418.3999938964844,1.6269999742507935,204.60000610351562,254.1999969482422,224.60000610351562,275.79998779296875,1804.0,3.0299999713897705,265.8999938964844,15.1899995803833,15.21500015258789,10.616000175476074,238.0,20.864999771118164,36.13999938964844,2.740000009536743,412.6000061035156,30.719999313354492,13.899999618530273,10.109999656677246,32.310001373291016,39.400001525878906,57.040000915527344,20.5,1635.5,53.0,19.219999313354492,23.360000610351562,302.25,205.0,52.90999984741211,166.0
2025-08-27,52.880001068115234,16.464000701904297,20.0,6.114999771118164,18.84600067138672,18.263999938964844,178.25999450683594,198.0,49.099998474121094,425.5,1.5824999809265137,206.89999389648438,257.6499938964844,224.60000610351562,272.6000061035156,1825.0,3.1050000190734863,266.5,15.223999977111816,15.329999923706055,10.654000282287598,238.3000030517578,20.7450008392334,36.290000915527344,2.740000009536743,416.79998779296875,30.81999969482422,14.0,10.130000114440918,32.04999923706055,39.0,57.65999984741211,20.200000762939453,1635.5,52.599998474121094,19.670000076293945,23.25,300.0,204.0,53.209999084472656,169.60000610351562
2025-08-28,52.7400016784668,16.79400062561035,19.899999618530273,6.179999828338623,19.0,17.95199966430664,178.6199951171875,199.1999969482422,48.599998474121094,426.5,1.5735000371932983,206.89999389648438,257.5,225.89999389648438,272.3999938964844,1812.0,3.0899999141693115,263.3999938964844,15.180000305175781,15.399999618530273,10.803999900817871,234.8000030517578,20.579999923706055,35.75,2.740000009536743,410.3999938964844,31.15999984741211,14.0,10.085000038146973,32.209999084472656,40.20000076293945,56.88999938964844,20.1200008392334,1637.5,53.0,19.350000381469727,23.78499984741211,296.8999938964844,203.5,53.099998474121094,166.9499969482422
2025-08-29,52.34000015258789,16.489999771118164,20.0,6.195000171661377,19.04199981689453,18.04199981689453,179.05999755859375,199.0800018310547,47.79999923706055,432.25,1.5199999809265137,206.89999389648438,258.75,224.89999389648438,269.0,1753.5,3.0799999237060547,260.20001220703125,15.241999626159668,15.375,10.842000007629395,238.3000030517578,20.354999542236328,36.13999938964844,2.740000009536743,413.79998779296875,31.15999984741211,14.0,10.154999732971191,32.0,39.599998474121094,57.099998474121094,20.010000228881836,1637.5,53.599998474121094,19.479999542236328,23.25,284.6000061035156,196.8000030517578,53.5,165.0
2025-09-01,52.2599983215332,16.761999130249023,19.899999618530273,6.184999942779541,19.00200080871582,17.969999313354492,182.0,198.0,48.400001525878906,433.54998779296875,1.468500018119812,206.89999389648438,257.29998779296875,223.3000030517578,269.6000061035156,1766.5,3.065000057220459,258.70001220703125,15.317999839782715,15.5649995803833,10.236000061035156,234.0,20.510000228881836,35.720001220703125,2.740000009536743,406.79998779296875,31.559999465942383,13.699999809265137,10.074999809265137,32.150001525878906,39.400001525878906,57.529998779296875,20.030000686645508,1748.5,53.0,19.709999084472656,23.059999465942383,285.1499938964844,196.60000610351562,53.45000076293945,164.14999389648438
2025-09-02,51.68000030517578,16.700000762939453,20.0,6.074999809265137,19.055999755859375,17.947999954223633,179.16000366210938,196.67999267578125,46.900001525878906,429.75,1.496999979019165,207.10000610351562,254.6999969482422,219.39999389648438,267.0,1799.5,2.950000047683716,257.1000061035156,15.161999702453613,15.385000228881836,10.041999816894531,238.3000030517578,20.405000686645508,35.400001525878906,2.740000009536743,407.3999938964844,31.540000915527344,13.800000190734863,9.97599983215332,32.66999816894531,39.400001525878906,57.790000915527344,19.584999084472656,1749.0,52.599998474121094,19.600000381469727,22.184999465942383,282.5,195.1999969482422,53.529998779296875,163.35000610351562
2025-09-03,52.41999816894531,16.469999313354492,19.899999618530273,6.09499979019165,18.854000091552734,17.95800018310547,184.6999969482422,202.9499969482422,46.70000076293945,427.8500061035156,1.5015000104904175,207.10000610351562,254.9499969482422,224.0,264.20001220703125,1806.0,2.8399999141693115,258.0,14.887999534606934,15.609999656677246,10.154000282287598,233.5,20.594999313354492,35.400001525878906,2.740000009536743,406.0,31.059999465942383,13.899999618530273,10.119999885559082,32.150001525878906,38.20000076293945,57.16999816894531,19.454999923706055,1754.0,52.599998474121094,19.84000015258789,21.795000076293945,287.6000061035156,196.8000030517578,52.779998779296875,164.5500030517578
2025-09-04,53.29999923706055,16.72599983215332,20.0,6.085000038146973,18.916000366210938,18.763999938964844,186.86000061035156,205.5,47.20000076293945,434.1499938964844,1.4674999713897705,205.89999389648438,260.1499938964844,222.10000610351562,268.6000061035156,1784.0,2.819999933242798,260.20001220703125,14.928000450134277,15.869999885559082,10.402000427246094,232.60000610351562,20.905000686645508,35.68000030517578,2.740000009536743,402.3999938964844,31.059999465942383,13.800000190734863,10.029999732971191,32.189998626708984,38.400001525878906,57.220001220703125,19.729999542236328,1725.0,53.20000076293945,19.690000534057617,21.969999313354492,289.79998779296875,201.0,52.7599983215332,162.89999389648438
2025-09-05,53.20000076293945,16.781999588012695,19.899999618530273,6.190000057220459,19.0,18.642000198364258,183.83999633789062,204.5500030517578,47.599998474121094,425.04998779296875,1.4804999828338623,201.5,251.0,224.10000610351562,269.6000061035156,1814.5,2.880000114440918,259.6000061035156,14.62600040435791,15.345000267028809,10.430000305175781,228.60000610351562,20.55500030517578,36.029998779296875,2.740000009536743,398.3999938964844,31.059999465942383,13.800000190734863,10.354999542236328,32.20000076293945,37.79999923706055,56.849998474121094,19.725000381469727,1744.5,54.79999923706055,19.829999923706055,22.799999237060547,298.0,207.5,51.81999969482422,162.85000610351562
2025-09-08,51.5,16.56999969482422,19.299999237060547,6.135000228881836,18.959999084472656,18.76799964904785,187.82000732421875,201.89999389648438,47.400001525878906,423.29998779296875,1.5119999647140503,201.5,249.10000610351562,223.6999969482422,270.20001220703125,1804.0,2.865000009536743,262.0,14.687999725341797,15.295000076293945,10.404000282287598,233.0,20.920000076293945,35.86000061035156,2.7899999618530273,402.3999938964844,31.1200008392334,13.699999809265137,10.15999984741211,32.2400016784668,37.0,56.88999938964844,19.7450008392334,1791.0,53.599998474121094,19.690000534057617,22.645000457763672,295.1000061035156,210.0,51.900001525878906,167.25
2025-09-09,51.70000076293945,16.360000610351562,19.200000762939453,6.135000228881836,18.874000549316406,18.736000061035156,187.5399932861328,200.0,47.599998474121094,422.1000061035156,1.534500002861023,199.1999969482422,253.89999389648438,228.1999969482422,269.3999938964844,1804.0,2.9000000953674316,260.0,14.944000244140625,15.234999656677246,10.553999900817871,229.1999969482422,21.229999542236328,35.939998626708984,2.7699999809265137,403.6000061035156,31.1200008392334,13.600000381469727,10.055000305175781,32.20000076293945,36.599998474121094,56.540000915527344,19.850000381469727,1779.0,53.599998474121094,19.65999984741211,22.260000228881836,296.1000061035156,217.5,52.7400016784668,161.5500030517578
2025-09-10,52.20000076293945,16.54199981689453,19.399999618530273,6.175000190734863,19.149999618530273,19.163999557495117,188.55999755859375,193.52000427246094,48.0,416.5,1.5399999618530273,200.5,255.3000030517578,236.89999389648438,278.0,1772.5,2.950000047683716,265.1000061035156,14.958000183105469,15.145000457763672,10.479999542236328,230.0,21.184999465942383,36.0,2.759999990463257,401.20001220703125,31.15999984741211,13.600000381469727,9.991999626159668,32.58000183105469,36.599998474121094,56.400001525878906,19.790000915527344,1779.0,52.79999923706055,19.600000381469727,22.19499969482422,299.1499938964844,222.0,52.7599983215332,161.0
2025-09-11,52.52000045776367,16.38599967956543,19.100000381469727,6.050000190734863,19.1299991607666,18.989999771118164,194.0,196.27999877929688,47.70000076293945,422.54998779296875,1.5204999446868896,201.60000610351562,259.25,245.39999389648438,283.3999938964844,1761.5,2.9800000190734863,266.6000061035156,14.92199993133545,15.109999656677246,10.435999870300293,237.5,21.274999618530273,36.0099983215332,2.7699999809265137,404.20001220703125,31.15999984741211,13.800000190734863,10.114999771118164,32.959999084472656,36.20000076293945,56.68000030517578,19.975000381469727,1880.5,52.599998474121094,19.549999237060547,22.270000457763672,313.1499938964844,221.5,52.189998626708984,163.0500030517578
2025-09-12,52.220001220703125,16.507999420166016,19.299999237060547,6.199999809265137,18.950000762939453,18.97800064086914,193.22000122070312,199.0800018310547,48.400001525878906,422.5,1.49399995803833,201.60000610351562,261.3500061035156,250.6999969482422,281.79998779296875,1781.0,3.0950000286102295,264.70001220703125,14.881999969482422,15.074999809265137,10.503999710083008,237.5,21.559999465942383,36.959999084472656,2.809999942779541,409.3999938964844,30.979999542236328,13.800000190734863,9.944000244140625,33.619998931884766,36.599998474121094,56.66999816894531,20.059999465942383,1896.5,53.0,19.440000534057617,22.184999465942383,337.70001220703125,221.5,52.119998931884766,162.75
2025-09-15,51.86000061035156,16.92799949645996,19.100000381469727,6.039999961853027,18.49799919128418,19.020000457763672,196.3000030517578,200.4499969482422,48.20000076293945,416.8500061035156,1.500499963760376,201.60000610351562,262.3500061035156,264.8999938964844,302.3999938964844,1801.0,3.240000009536743,266.5,14.859999656677246,14.654999732971191,10.592000007629395,237.89999389648438,21.895000457763672,36.45000076293945,2.8499999046325684,407.0,31.3799991607666,13.699999809265137,9.87600040435791,32.779998779296875,35.599998474121094,55.27000045776367,20.219999313354492,1950.0,53.79999923706055,19.350000381469727,23.084999084472656,348.0,222.0,52.58000183105469,161.25
2025-09-16,51.63999938964844,16.100000381469727,19.200000762939453,5.65500020980835,18.0,18.736000061035156,192.9199981689453,201.25,47.0,411.6499938964844,1.4759999513626099,198.9499969482422,261.20001220703125,261.70001220703125,300.6000061035156,1864.5,3.2100000381469727,270.6000061035156,14.960000038146973,14.319999694824219,10.654000282287598,238.5,21.485000610351562,35.790000915527344,2.7899999618530273,398.79998779296875,30.940000534057617,13.699999809265137,9.706000328063965,32.63999938964844,35.20000076293945,54.61000061035156,20.0,1901.0,53.400001525878906,19.1299991607666,22.860000610351562,356.20001220703125,221.5,52.43000030517578,158.85000610351562
2025-09-17,51.29999923706055,16.472000122070312,18.899999618530273,5.614999771118164,17.610000610351562,18.38599967956543,191.6999969482422,201.85000610351562,47.5,416.8999938964844,1.4744999408721924,198.85000610351562,263.70001220703125,252.89999389648438,299.20001220703125,1876.0,3.1050000190734863,270.20001220703125,14.859999656677246,13.675000190734863,10.51200008392334,238.89999389648438,21.424999237060547,35.70000076293945,2.7899999618530273,400.3999938964844,30.100000381469727,13.300000190734863,9.935999870300293,33.04999923706055,35.400001525878906,55.0,19.940000534057617,1888.5,53.20000076293945,19.469999313354492,23.1200008392334,360.5,220.0,51.72999954223633,157.5
2025-09-18,52.040000915527344,16.145999908447266,19.5,5.579999923706055,17.68400001525879,18.56800079345703,191.6999969482422,201.8000030517578,47.5,417.3500061035156,1.4804999828338623,198.85000610351562,264.25,252.5,290.20001220703125,1855.5,3.200000047683716,274.5,14.895999908447266,13.350000381469727,10.399999618530273,237.60000610351562,21.44499969482422,35.220001220703125,2.7799999713897705,406.0,30.100000381469727,13.399999618530273,9.894000053405762,33.36000061035156,35.599998474121094,54.65999984741211,19.920000076293945,1919.5,52.79999923706055,19.100000381469727,24.190000534057617,356.6000061035156,227.0,52.029998779296875,155.85000610351562
2025-09-19,51.599998474121094,16.3799991607666,19.100000381469727,5.614999771118164,18.45199966430664,18.25,193.86000061035156,209.14999389648438,46.900001525878906,417.6499938964844,1.500499963760376,198.85000610351562,264.8500061035156,246.39999389648438,281.20001220703125,1749.0,3.1600000858306885,273.70001220703125,14.78600025177002,13.414999961853027,10.489999771118164,238.5,21.639999389648438,35.45000076293945,2.7699999809265137,408.0,30.280000686645508,13.600000381469727,10.0600004196167,33.65999984741211,36.79999923706055,55.09000015258789,20.100000381469727,1928.0,52.400001525878906,19.420000076293945,23.524999618530273,362.04998779296875,225.0,51.56999969482422,160.4499969482422
2025-09-22,51.41999816894531,16.742000579833984,19.299999237060547,5.5,18.131999969482422,18.104000091552734,195.13999938964844,216.75,46.29999923706055,419.29998779296875,1.4839999675750732,198.35000610351562,265.29998779296875,249.89999389648438,283.0,1725.0,3.134999990463257,274.8999938964844,14.59000015258789,13.055000305175781,10.687999725341797,239.3000030517578,21.639999389648438,35.599998474121094,2.7899999618530273,405.0,30.280000686645508,14.100000381469727,9.907999992370605,33.91999816894531,35.599998474121094,53.959999084472656,20.209999084472656,1928.0,53.599998474121094,19.56999969482422,23.969999313354492,367.70001220703125,232.5,51.72999954223633,158.60000610351562
2025-09-23,50.900001525878906,16.368000030517578,19.299999237060547,5.380000114440918,17.694000244140625,17.695999145507812,194.25999450683594,215.14999389648438,45.099998474121094,421.1499938964844,1.3700000047683716,196.6999969482422,264.29998779296875,249.60000610351562,282.3999938964844,1736.5,3.375,274.3999938964844,14.84000015258789,12.845000267028809,10.656000137329102,239.1999969482422,21.895000457763672,35.369998931884766,2.7799999713897705,405.3999938964844,30.0,14.0,10.020000457763672,33.47999954223633,35.79999923706055,54.72999954223633,19.975000381469727,1912.0,53.400001525878906,19.18000030517578,24.600000381469727,361.04998779296875,239.5,52.38999938964844,166.60000610351562
2025-09-24,50.939998626708984,16.100000381469727,19.0,5.25,17.420000076293945,17.92799949645996,193.82000732421875,214.5500030517578,44.0,421.3500061035156,1.3589999675750732,198.0,269.25,255.1999969482422,288.0,1752.5,3.0999999046325684,269.5,15.109999656677246,12.734999656677246,10.652000427246094,243.0,21.979999542236328,35.79999923706055,2.7300000190734863,404.79998779296875,30.0,14.399999618530273,10.130000114440918,33.880001068115234,35.20000076293945,55.68000030517578,19.924999237060547,1978.5,54.599998474121094,19.239999771118164,24.700000762939453,377.3500061035156,239.0,53.5,163.9499969482422
2025-09-25,50.880001068115234,16.0,19.0,5.264999866485596,17.25200080871582,17.892000198364258,193.86000061035156,220.39999389648438,44.900001525878906,424.79998779296875,1.3315000534057617,200.89999389648438,268.75,257.20001220703125,287.3999938964844,1752.5,3.075000047683716,266.0,15.156000137329102,12.664999961853027,10.552000045776367,249.89999389648438,21.899999618530273,36.06999969482422,2.7300000190734863,405.3999938964844,30.459999084472656,14.5,10.225000381469727,34.31999969482422,35.0,56.0,19.905000686645508,1978.5,55.0,19.110000610351562,24.31999969482422,363.5,237.5,53.380001068115234,163.1999969482422
2025-09-26,49.97999954223633,16.20800018310547,19.0,5.375,17.67799949645996,17.761999130249023,195.72000122070312,219.0500030517578,45.20000076293945,426.1499938964844,1.3315000534057617,202.39999389648438,268.75,258.8999938964844,287.79998779296875,1715.5,3.309999942779541,271.70001220703125,15.345999717712402,12.90999984741211,10.553999900817871,245.60000610351562,22.225000381469727,36.130001068115234,2.759999990463257,403.3999938964844,30.940000534057617,14.399999618530273,10.265000343322754,34.59000015258789,35.20000076293945,55.810001373291016,20.100000381469727,1960.5,55.599998474121094,19.200000762939453,23.815000534057617,374.25,234.0,54.25,168.5500030517578
2025-09-29,48.9900016784668,16.149999618530273,18.799999237060547,5.369999885559082,17.941999435424805,17.760000228881836,195.77999877929688,216.75,44.70000076293945,424.8500061035156,1.2925000190734863,202.6999969482422,267.75,261.3999938964844,282.79998779296875,1703.5,3.490000009536743,274.8999938964844,15.081999778747559,12.600000381469727,10.423999786376953,253.89999389648438,22.19499969482422,36.040000915527344,2.7799999713897705,405.0,31.059999465942383,14.800000190734863,10.1899995803833,34.040000915527344,36.0,55.880001068115234,20.139999389648438,1988.5,56.599998474121094,18.75,23.969999313354492,376.6000061035156,235.5,53.04999923706055,169.0
2025-09-30,48.54999923706055,16.0,18.899999618530273,5.204999923706055,17.06599998474121,17.25200080871582,197.39999389648438,216.5,45.0,424.8500061035156,1.3014999628067017,201.60000610351562,269.1499938964844,268.3999938964844,282.0,1666.0,3.424999952316284,276.0,14.866000175476074,12.835000038146973,10.505999565124512,254.0,22.19499969482422,36.36000061035156,2.7699999809265137,406.0,31.059999465942383,14.899999618530273,10.359999656677246,34.34000015258789,36.599998474121094,56.13999938964844,20.190000534057617,1988.5,55.599998474121094,18.780000686645508,23.850000381469727,378.0,236.0,51.72999954223633,166.6999969482422
2025-10-01,48.2400016784668,15.935999870300293,18.899999618530273,5.224999904632568,17.020000457763672,17.392000198364258,199.0800018310547,217.6999969482422,45.20000076293945,424.20001220703125,1.3005000352859497,200.89999389648438,264.79998779296875,265.29998779296875,282.20001220703125,1703.0,3.2799999713897705,276.8999938964844,14.986000061035156,12.510000228881836,10.65999984741211,259.1000061035156,22.2450008392334,35.540000915527344,2.75,398.20001220703125,31.5,14.899999618530273,10.449999809265137,34.2400016784668,37.0,56.41999816894531,20.110000610351562,1951.0,57.20000076293945,18.459999084472656,24.09000015258789,393.45001220703125,245.0,51.59000015258789,168.5
2025-10-02,48.119998931884766,15.998000144958496,19.5,5.204999923706055,17.243999481201172,17.47599983215332,202.0500030517578,219.60000610351562,44.20000076293945,425.0,1.3300000429153442,198.64999389648438,263.5,272.0,287.20001220703125,1705.0,3.6050000190734863,280.20001220703125,14.87600040435791,12.819999694824219,10.739999771118164,253.39999389648438,21.985000610351562,35.08000183105469,2.740000009536743,398.79998779296875,31.5,14.800000190734863,10.46500015258789,34.150001525878906,38.400001525878906,56.02000045776367,20.1299991607666,1986.0,55.79999923706055,18.56999969482422,24.594999313354492,374.0,246.0,50.97999954223633,168.75
2025-10-03,47.869998931884766,16.118000030517578,19.299999237060547,5.195000171661377,17.086000442504883,17.582000732421875,203.5500030517578,219.1999969482422,44.0,425.20001220703125,1.3070000410079956,198.64999389648438,263.79998779296875,271.3999938964844,291.3999938964844,1694.5,3.509999990463257,282.79998779296875,14.906000137329102,13.265000343322754,10.791999816894531,256.8999938964844,21.954999923706055,35.119998931884766,2.75,397.20001220703125,31.260000228881836,15.0,10.489999771118164,33.77000045776367,39.400001525878906,55.709999084472656,20.290000915527344,1962.5,56.400001525878906,18.809999465942383,24.809999465942383,356.8500061035156,249.5,51.060001373291016,167.5
2025-10-06,47.5099983215332,15.630000114440918,19.600000381469727,5.144999980926514,17.29400062561035,17.645999908447266,201.10000610351562,219.0,43.5,431.04998779296875,1.2855000495910645,198.64999389648438,264.1000061035156,263.20001220703125,282.0,1697.0,3.625,276.1000061035156,15.107999801635742,12.680000305175781,10.751999855041504,255.3000030517578,21.75,34.81999969482422,2.759999990463257,399.3999938964844,30.760000228881836,15.0,10.470000267028809,35.68000030517578,39.400001525878906,55.439998626708984,20.209999084472656,1962.5,57.599998474121094,18.860000610351562,24.860000610351562,385.75,260.0,51.310001373291016,170.25
2025-10-07,46.959999084472656,15.263999938964844,19.5,5.050000190734863,17.030000686645508,17.615999221801758,202.4499969482422,220.25,44.400001525878906,430.0,1.315999984741211,198.64999389648438,263.8999938964844,260.0,280.3999938964844,1703.0,3.549999952316284,276.3999938964844,15.173999786376953,12.40999984741211,10.723999977111816,261.29998779296875,21.020000457763672,35.31999969482422,2.819999933242798,402.0,30.18000030517578,15.100000381469727,10.369999885559082,35.45000076293945,39.79999923706055,56.650001525878906,20.15999984741211,1884.5,57.400001525878906,18.700000762939453,24.399999618530273,373.20001220703125,254.0,50.869998931884766,170.75
2025-10-08,47.5099983215332,15.295999526977539,19.799999237060547,4.986000061035156,17.374000549316406,17.65999984741211,205.3000030517578,221.89999389648438,44.599998474121094,432.95001220703125,1.2879999876022339,201.6999969482422,262.3500061035156,264.29998779296875,287.0,1685.5,3.6449999809265137,278.70001220703125,15.28600025177002,12.359999656677246,10.814000129699707,259.79998779296875,21.1200008392334,35.79999923706055,2.7699999809265137,402.79998779296875,30.18000030517578,15.5,10.40999984741211,35.099998474121094,40.20000076293945,56.54999923706055,20.3799991607666,1884.5,58.400001525878906,18.100000381469727,24.69499969482422,376.0,262.0,51.119998931884766,171.64999389648438
2025-10-09,46.959999084472656,14.8100004196167,19.799999237060547,4.808000087738037,16.70599937438965,17.917999267578125,204.64999389648438,219.85000610351562,44.29999923706055,430.5,1.3040000200271606,201.6999969482422,263.6000061035156,262.6000061035156,284.6000061035156,1610.0,3.9000000953674316,278.0,15.378000259399414,12.395000457763672,10.932000160217285,262.5,20.924999237060547,35.810001373291016,2.7699999809265137,397.3999938964844,29.899999618530273,15.699999809265137,9.95199966430664,34.880001068115234,39.400001525878906,56.84000015258789,20.540000915527344,1884.5,58.0,17.1200008392334,24.700000762939453,377.5,260.0,51.13999938964844,170.3000030517578
2025-10-10,47.459999084472656,14.5,19.600000381469727,4.73799991607666,16.20400047302246,18.143999099731445,202.0,210.6999969482422,44.400001525878906,423.29998779296875,1.3394999504089355,201.10000610351562,259.45001220703125,257.1000061035156,278.0,1622.0,3.684999942779541,273.3999938964844,14.954000473022461,12.3149995803833,10.696000099182129,255.6999969482422,20.864999771118164,35.93000030517578,2.759999990463257,390.0,29.559999465942383,16.0,9.765999794006348,34.20000076293945,40.20000076293945,57.5,20.440000534057617,1882.0,58.599998474121094,17.299999237060547,23.975000381469727,356.75,243.5,50.0,165.0
2025-10-13,45.810001373291016,14.793999671936035,19.5,4.630000114440918,16.788000106811523,17.711999893188477,202.35000610351562,214.10000610351562,44.099998474121094,424.8999938964844,1.309000015258789,198.4499969482422,266.95001220703125,256.0,275.6000061035156,1630.0,3.7950000762939453,274.6000061035156,14.972000122070312,12.345000267028809,10.772000312805176,252.0,21.040000915527344,36.060001373291016,2.7899999618530273,397.20001220703125,29.3799991607666,16.299999237060547,9.994000434875488,33.439998626708984,38.79999923706055,56.16999816894531,20.469999313354492,1879.5,58.79999923706055,17.209999084472656,24.725000381469727,376.6000061035156,264.0,49.845001220703125,164.60000610351562
2025-10-14,46.380001068115234,14.925999641418457,19.299999237060547,4.874000072479248,16.81800079345703,17.829999923706055,203.3000030517578,213.8000030517578,43.70000076293945,425.6000061035156,1.3604999780654907,196.75,261.3999938964844,257.3999938964844,272.3999938964844,1640.0,3.7899999618530273,272.20001220703125,14.699999809265137,12.579999923706055,10.772000312805176,252.1999969482422,21.079999923706055,35.09000015258789,2.799999952316284,396.0,29.3799991607666,16.100000381469727,10.135000228881836,33.63999938964844,40.20000076293945,56.18000030517578,20.670000076293945,1838.5,58.400001525878906,17.5,24.43000030517578,371.20001220703125,260.0,50.25,165.1999969482422
2025-10-15,47.88999938964844,15.052000045776367,19.600000381469727,4.949999809265137,16.965999603271484,17.788000106811523,203.0,214.4499969482422,43.400001525878906,425.75,1.3624999523162842,196.10000610351562,265.54998779296875,248.5,277.6000061035156,1680.0,3.9049999713897705,270.20001220703125,14.722000122070312,13.260000228881836,10.95199966430664,242.8000030517578,20.975000381469727,34.54999923706055,2.819999933242798,387.3999938964844,29.860000610351562,16.299999237060547,10.1850004196167,33.400001525878906,39.79999923706055,55.810001373291016,20.25,1745.0,59.599998474121094,17.56999969482422,24.725000381469727,371.54998779296875,261.0,52.11000061035156,167.85000610351562
2025-10-16,46.380001068115234,14.930000305175781,19.299999237060547,4.96999979019165,16.926000595092773,17.757999420166016,205.4499969482422,211.3000030517578,43.400001525878906,420.6000061035156,1.3964999914169312,194.75,259.3500061035156,253.0,268.3999938964844,1711.0,3.9049999713897705,276.6000061035156,14.765999794006348,12.78499984741211,10.932000160217285,243.3000030517578,21.06999969482422,34.810001373291016,2.7899999618530273,378.0,29.860000610351562,16.399999618530273,10.109999656677246,32.54999923706055,39.20000076293945,55.0,20.399999618530273,1774.5,59.400001525878906,17.5,25.264999389648438,361.6499938964844,257.0,52.56999969482422,168.10000610351562
2025-10-17,46.619998931884766,14.802000045776367,18.600000381469727,4.742000102996826,16.68600082397461,17.534000396728516,200.39999389648438,217.0,43.70000076293945,421.6000061035156,1.3359999656677246,188.9499969482422,255.35000610351562,245.0,267.79998779296875,1691.0,3.634999990463257,312.5,14.843999862670898,12.404999732971191,10.899999618530273,241.8000030517578,20.545000076293945,34.45000076293945,2.7300000190734863,385.20001220703125,29.719999313354492,16.0,9.907999992370605,32.369998931884766,38.0,55.61000061035156,19.934999465942383,1661.5,58.0,17.43000030517578,24.81999969482422,376.29998779296875,255.0,52.709999084472656,163.14999389648438
2025-10-20,46.79999923706055,14.965999603271484,19.100000381469727,4.860000133514404,16.56800079345703,17.785999298095703,203.6999969482422,225.64999389648438,44.0,421.29998779296875,1.3895000219345093,188.8000030517578,258.3999938964844,255.0,276.20001220703125,1745.5,3.609999895095825,313.8999938964844,14.87600040435791,12.625,11.119999885559082,245.60000610351562,20.610000610351562,34.54999923706055,2.75,385.6000061035156,30.299999237060547,16.299999237060547,10.164999961853027,32.65999984741211,38.79999923706055,55.20000076293945,20.190000534057617,1759.5,59.20000076293945,17.43000030517578,25.959999084472656,383.3500061035156,258.0,52.5,167.4499969482422
2025-10-21,47.400001525878906,15.307999610900879,19.200000762939453,4.941999912261963,16.974000930786133,18.18199920654297,207.35000610351562,226.60000610351562,43.599998474121094,425.6000061035156,1.3875000476837158,189.60000610351562,257.29998779296875,255.10000610351562,272.6000061035156,1729.0,3.2850000858306885,316.6000061035156,14.899999618530273,13.085000038146973,11.444000244140625,248.8000030517578,20.514999389648438,34.33000183105469,2.759999990463257,388.79998779296875,30.3799991607666,16.5,10.15999984741211,32.279998779296875,38.599998474121094,54.959999084472656,20.170000076293945,1780.5,58.79999923706055,17.440000534057617,26.56999969482422,383.45001220703125,254.0,52.650001525878906,169.89999389648438
2025-10-22,48.5,15.100000381469727,19.399999618530273,4.9079999923706055,17.236000061035156,18.055999755859375,205.8000030517578,222.0,43.0,424.20001220703125,1.3960000276565552,190.89999389648438,251.39999389648438,258.0,286.6000061035156,1709.0,3.369999885559082,311.3999938964844,15.12600040435791,12.904999732971191,11.402000427246094,249.39999389648438,20.55500030517578,33.83000183105469,2.8299999237060547,387.6000061035156,30.3799991607666,16.5,10.114999771118164,32.81999969482422,39.79999923706055,55.36000061035156,20.209999084472656,1750.5,59.599998474121094,17.770000457763672,25.489999771118164,379.1499938964844,248.0,53.029998779296875,169.5
2025-10-23,48.470001220703125,15.279999732971191,19.299999237060547,4.877999782562256,17.350000381469727,18.275999069213867,207.25,223.8000030517578,43.79999923706055,421.8500061035156,1.403499960899353,193.64999389648438,254.4499969482422,261.20001220703125,281.0,1757.5,3.634999990463257,312.1000061035156,15.586000442504883,12.845000267028809,11.73799991607666,250.60000610351562,20.584999084472656,34.20000076293945,2.7799999713897705,387.0,30.3799991607666,16.5,10.020000457763672,33.08000183105469,39.20000076293945,55.650001525878906,20.270000457763672,1766.0,59.0,17.770000457763672,21.889999389648438,382.75,249.5,54.099998474121094,165.4499969482422
2025-10-24,49.70000076293945,15.246000289916992,19.399999618530273,4.97599983215332,16.937999725341797,18.00200080871582,208.4499969482422,226.35000610351562,44.70000076293945,422.1499938964844,1.4375,191.89999389648438,257.95001220703125,254.1999969482422,277.6000061035156,1750.5,3.5250000953674316,313.3999938964844,15.836000442504883,12.845000267028809,11.482000350952148,251.6999969482422,20.649999618530273,34.41999816894531,2.7899999618530273,383.20001220703125,30.3799991607666,16.799999237060547,10.114999771118164,32.709999084472656,38.79999923706055,55.709999084472656,20.350000381469727,1764.0,61.20000076293945,17.90999984741211,21.55500030517578,372.0,255.0,53.90999984741211,168.8000030517578
2025-10-27,49.36000061035156,15.26200008392334,19.700000762939453,5.0,17.799999237060547,18.04599952697754,208.60000610351562,230.60000610351562,44.70000076293945,418.3500061035156,1.4500000476837158,191.1999969482422,260.25,250.10000610351562,278.20001220703125,1795.0,3.509999990463257,316.5,15.942000389099121,13.180000305175781,11.61400032043457,252.60000610351562,20.84000015258789,34.36000061035156,2.8299999237060547,383.20001220703125,30.3799991607666,17.100000381469727,10.050000190734863,32.65999984741211,39.79999923706055,55.47999954223633,20.68000030517578,1731.5,60.599998474121094,17.969999313354492,21.760000228881836,386.95001220703125,257.0,53.77000045776367,171.4499969482422
2025-10-28,49.29999923706055,15.543999671936035,19.399999618530273,5.005000114440918,17.365999221801758,18.270000457763672,207.75,230.4499969482422,44.599998474121094,414.5,1.4774999618530273,189.0,262.25,252.0,280.3999938964844,1784.5,3.369999885559082,317.5,15.88599967956543,13.15999984741211,11.640000343322754,246.1999969482422,20.860000610351562,34.20000076293945,2.799999952316284,380.0,30.739999771118164,17.0,9.956000328063965,32.5099983215332,39.20000076293945,54.220001220703125,20.90999984741211,1745.0,60.599998474121094,18.0,21.860000610351562,394.04998779296875,255.5,53.47999954223633,170.8000030517578
2025-10-29,48.90999984741211,15.454000473022461,19.5,5.034999847412109,18.007999420166016,18.086000442504883,208.39999389648438,232.60000610351562,45.0,408.75,1.4800000190734863,187.5,263.8500061035156,247.0,277.20001220703125,1819.0,3.609999895095825,318.29998779296875,15.961999893188477,13.020000457763672,11.802000045776367,248.8000030517578,20.950000762939453,34.349998474121094,2.819999933242798,373.0,30.3799991607666,16.899999618530273,9.95199966430664,32.849998474121094,39.20000076293945,53.5,20.81999969482422,1731.0,61.0,17.850000381469727,21.475000381469727,396.1499938964844,263.5,54.13999938964844,169.0500030517578
2025-10-30,48.560001373291016,15.112000465393066,19.700000762939453,4.927999973297119,17.447999954223633,17.945999145507812,212.6999969482422,244.0,44.5,415.20001220703125,1.4505000114440918,183.10000610351562,267.6000061035156,244.6999969482422,271.79998779296875,1791.0,3.444999933242798,319.5,15.920000076293945,12.850000381469727,12.112000465393066,253.10000610351562,22.125,34.36000061035156,2.819999933242798,373.3999938964844,29.899999618530273,16.600000381469727,9.878000259399414,32.220001220703125,37.0,49.51499938964844,20.920000076293945,1705.0,62.20000076293945,17.469999313354492,21.3799991607666,381.3500061035156,263.0,53.63999938964844,176.0500030517578
2025-10-31,48.349998474121094,15.423999786376953,19.399999618530273,4.9120001792907715,17.246000289916992,17.847999572753906,213.39999389648438,234.64999389648438,43.900001525878906,414.1499938964844,1.4915000200271606,183.10000610351562,268.8500061035156,246.60000610351562,278.0,1783.0,3.3450000286102295,317.29998779296875,15.944000244140625,12.869999885559082,11.907999992370605,250.0,21.760000228881836,34.52000045776367,2.7899999618530273,363.3999938964844,30.059999465942383,16.700000762939453,8.76200008392334,32.52000045776367,36.0,49.04499816894531,20.889999389648438,1701.5,62.0,17.809999465942383,21.34000015258789,388.6499938964844,258.0,53.95000076293945,176.85000610351562
2025-11-03,51.439998626708984,15.498000144958496,19.200000762939453,4.886000156402588,18.040000915527344,18.242000579833984,214.14999389648438,233.1999969482422,45.099998474121094,412.45001220703125,1.5299999713897705,183.39999389648438,269.29998779296875,249.89999389648438,283.6000061035156,1792.0,3.4149999618530273,317.0,15.95199966430664,13.295000076293945,11.803999900817871,248.60000610351562,21.950000762939453,34.70000076293945,2.7899999618530273,356.20001220703125,30.200000762939453,17.0,8.48799991607666,32.630001068115234,36.79999923706055,48.63999938964844,20.899999618530273,1773.5,61.599998474121094,18.049999237060547,21.325000762939453,407.0,265.0,53.790000915527344,176.60000610351562
2025-11-04,52.779998779296875,15.236000061035156,18.899999618530273,4.872000217437744,17.527999877929688,18.25200080871582,212.85000610351562,235.10000610351562,45.0,420.0,1.5299999713897705,182.14999389648438,269.3500061035156,246.60000610351562,279.0,1793.0,3.3550000190734863,316.3999938964844,15.90999984741211,12.914999961853027,11.501999855041504,249.60000610351562,22.014999389648438,34.470001220703125,2.759999990463257,366.6000061035156,30.540000915527344,16.899999618530273,8.312000274658203,32.529998779296875,36.79999923706055,49.29999923706055,20.920000076293945,1729.0,59.400001525878906,17.530000686645508,20.78499984741211,391.45001220703125,255.5,53.599998474121094,178.5500030517578
2025-11-05,52.279998779296875,15.678000450134277,19.100000381469727,4.802000045776367,17.423999786376953,18.799999237060547,212.35000610351562,235.0,45.599998474121094,429.54998779296875,1.503000020980835,180.75,269.1499938964844,239.39999389648438,276.0,1806.0,3.240000009536743,316.29998779296875,15.968000411987305,12.949999809265137,11.192000389099121,249.8000030517578,22.149999618530273,34.72999954223633,2.7799999713897705,363.20001220703125,30.81999969482422,16.700000762939453,8.302000045776367,32.29999923706055,36.599998474121094,49.939998626708984,20.729999542236328,1707.0,58.400001525878906,17.889999389648438,20.674999237060547,402.5,257.0,53.68000030517578,176.6999969482422
2025-11-06,52.63999938964844,15.604000091552734,19.100000381469727,5.065000057220459,17.606000900268555,18.70400047302246,208.64999389648438,234.9499969482422,46.70000076293945,425.3500061035156,1.5130000114440918,181.5500030517578,272.45001220703125,235.0,270.0,1702.5,3.190000057220459,312.70001220703125,15.947999954223633,12.875,11.362000465393066,247.1999969482422,22.184999465942383,36.06999969482422,2.7799999713897705,359.0,30.81999969482422,16.899999618530273,8.156000137329102,32.90999984741211,37.20000076293945,49.66999816894531,20.709999084472656,1708.0,60.599998474121094,17.93000030517578,20.53499984741211,385.95001220703125,251.0,53.2400016784668,176.0
2025-11-07,50.68000030517578,15.350000381469727,18.899999618530273,4.927999973297119,17.277999877929688,18.742000579833984,208.0500030517578,231.8000030517578,47.20000076293945,425.3500061035156,1.565500020980835,181.1999969482422,267.0,240.6999969482422,271.0,1722.5,3.1649999618530273,308.3999938964844,15.932000160217285,12.890000343322754,11.121999740600586,245.8000030517578,22.184999465942383,35.90999984741211,2.7899999618530273,364.79998779296875,30.81999969482422,18.100000381469727,7.953999996185303,33.0099983215332,36.400001525878906,49.96500015258789,20.739999771118164,1708.0,58.0,17.43000030517578,20.15999984741211,377.6000061035156,245.5,53.58000183105469,175.6999969482422
2025-11-10,51.20000076293945,15.847999572753906,18.899999618530273,4.9019999504089355,17.3439998626709,18.871999740600586,211.10000610351562,232.85000610351562,47.400001525878906,425.3500061035156,1.565000057220459,181.0,273.95001220703125,242.0,274.20001220703125,1682.5,3.194999933242798,311.79998779296875,16.149999618530273,13.0649995803833,11.121999740600586,251.1999969482422,22.700000762939453,36.060001373291016,2.809999942779541,362.3999938964844,31.260000228881836,18.0,7.998000144958496,31.940000534057617,36.599998474121094,49.755001068115234,20.950000762939453,1787.0,60.20000076293945,17.989999771118164,20.3799991607666,384.54998779296875,256.0,54.040000915527344,179.0
2025-11-11,51.220001220703125,15.670000076293945,18.700000762939453,4.998000144958496,17.309999465942383,19.0,211.0,237.8000030517578,48.29999923706055,429.1499938964844,1.5520000457763672,181.9499969482422,272.45001220703125,240.3000030517578,275.0,1704.0,3.2200000286102295,315.3999938964844,16.464000701904297,13.255000114440918,11.152000427246094,254.8000030517578,22.71500015258789,36.63999938964844,2.809999942779541,370.20001220703125,31.299999237060547,18.399999618530273,7.973999977111816,32.5,36.599998474121094,50.4900016784668,21.100000381469727,1731.5,60.20000076293945,18.059999465942383,20.639999389648438,377.45001220703125,250.5,55.34000015258789,180.5500030517578
2025-11-12,52.47999954223633,15.149999618530273,18.899999618530273,4.9039998054504395,17.350000381469727,18.899999618530273,212.0,236.5,48.20000076293945,431.1499938964844,1.5770000219345093,182.4499969482422,277.1000061035156,238.89999389648438,276.0,1695.5,3.2049999237060547,320.70001220703125,16.43000030517578,13.25,11.17199993133545,260.70001220703125,22.905000686645508,36.56999969482422,2.7899999618530273,372.79998779296875,31.1200008392334,18.299999237060547,7.946000099182129,32.59000015258789,37.20000076293945,50.709999084472656,21.489999771118164,1745.0,60.400001525878906,17.920000076293945,20.655000686645508,371.54998779296875,250.5,55.29999923706055,180.60000610351562
2025-11-13,51.81999969482422,15.484000205993652,19.0,5.025000095367432,17.875999450683594,18.804000854492188,210.25,234.8000030517578,48.099998474121094,436.3999938964844,1.5700000524520874,183.0,268.95001220703125,243.89999389648438,276.3999938964844,1698.0,3.3350000381469727,319.8999938964844,16.45800018310547,13.479999542236328,11.371999740600586,253.89999389648438,22.905000686645508,36.20000076293945,2.7899999618530273,368.79998779296875,30.940000534057617,18.100000381469727,7.822000026702881,32.72999954223633,36.79999923706055,49.650001525878906,21.270000457763672,1745.0,60.79999923706055,18.229999542236328,20.625,343.75,244.0,56.189998626708984,178.8000030517578
2025-11-14,50.459999084472656,15.017999649047852,18.700000762939453,4.953999996185303,17.167999267578125,18.61400032043457,206.5,235.89999389648438,46.5,438.79998779296875,1.534999966621399,183.0500030517578,263.0,237.39999389648438,271.6000061035156,1660.0,3.259999990463257,318.8999938964844,16.474000930786133,13.225000381469727,11.12399959564209,245.39999389648438,22.3799991607666,35.810001373291016,2.7300000190734863,364.0,30.940000534057617,17.5,7.51200008392334,32.380001068115234,36.20000076293945,49.51499938964844,21.229999542236328,1727.0,60.0,17.799999237060547,20.34000015258789,350.25,244.5,56.22999954223633,175.25
2025-11-17,50.84000015258789,15.029999732971191,18.5,4.964000225067139,17.59000015258789,18.624000549316406,207.3000030517578,229.8000030517578,47.20000076293945,438.6000061035156,1.5199999809265137,184.1999969482422,261.25,240.60000610351562,287.0,1675.5,3.174999952316284,315.6000061035156,16.534000396728516,13.3149995803833,11.302000045776367,247.5,22.1200008392334,35.56999969482422,2.740000009536743,360.0,31.299999237060547,17.600000381469727,7.104000091552734,33.2400016784668,36.20000076293945,50.369998931884766,21.18000030517578,1723.0,60.400001525878906,17.8700008392334,19.760000228881836,350.5,241.5,56.529998779296875,174.6999969482422
